societe|client_fac|client_liv|num_expedition|num_cde|nom_fichier|date
|20329|20002|80268885||BL_20329_20002_80268885_20250710_162806.pdf|
|20329|20002|80269063||BL_20329_20002_80269063_20250711_160909.pdf|
|20329|20002|80271880||BL_20329_20002_80271880_20250801_153549.pdf|
|20329|20002|80273008||BL_20329_20002_80273008_20250901_151606.pdf|
|20329|20002|80273768||BL_20329_20002_80273768_20250904_160309.pdf|
|20329|20002|80277813||BL_20329_20002_80277813_20251002_155814.pdf|
|20329|20002|80278922||BL_20329_20002_80278922_20251014_164944.pdf|
|20329|20002|80283470||BL_20329_20002_80283470_20251112_162551.pdf|
|20352|20352|80269050||BL_20352_20352_80269050_20250711_160952.pdf|
|20352|20352|80270325||BL_20352_20352_80270325_20250723_162414.pdf|
|20352|20352|80270543||BL_20352_20352_80270543_20250724_170217.pdf|
|20352|20352|80270983||BL_20352_20352_80270983_20250729_160156.pdf|
|20352|20352|80271584||BL_20352_20352_80271584_20250825_154907.pdf|
|20352|20352|80272146||BL_20352_20352_80272146_20250805_154727.pdf|
|20352|20352|80274639||BL_20352_20352_80274639_20250911_160847.pdf|
|20352|20352|80276607||BL_20352_20352_80276607_20250925_164454.pdf|
|20352|20352|80278110||BL_20352_20352_80278110_20251006_161340.pdf|
|20352|20352|80278262||BL_20352_20352_80278262_20251007_154726.pdf|
|20352|20352|80279378||BL_20352_20352_80279378_20251014_164018.pdf|
|20352|20352|80281217||BL_20352_20352_80281217_20251023_164901.pdf|
|20352|20352|80281978||BL_20352_20352_80281978_20251029_164403.pdf|
|20352|20352|80283487||BL_20352_20352_80283487_20251112_154656.pdf|
|20354|20024|80269049||BL_20354_20024_80269049_20250711_160957.pdf|
|20354|20024|80275710||BL_20354_20024_80275710_20250922_161701.pdf|
|20354|20024|80281823||BL_20354_20024_80281823_20251028_165227.pdf|
|20360|20360|80271430||BL_20360_20360_80271430_20250731_162325.pdf|
|20360|20360|80273029||BL_20360_20360_80273029_20250901_153744.pdf|
|20360|20360|80273721||BL_20360_20360_80273721_20250904_155607.pdf|
|20360|20360|80274142||BL_20360_20360_80274142_20250909_163113.pdf|
|20360|20360|80274983||BL_20360_20360_80274983_20250915_164828.pdf|
|20360|20360|80275927||BL_20360_20360_80275927_20250923_160328.pdf|
|20360|20360|80278618||BL_20360_20360_80278618_20251009_162157.pdf|
|20360|20360|80279175||BL_20360_20360_80279175_20251013_152435.pdf|
|20360|20360|80280451||BL_20360_20360_80280451_20251020_163733.pdf|
|20360|20360|80280868||BL_20360_20360_80280868_20251021_155203.pdf|
|20360|20360|80281299||BL_20360_20360_80281299_20251023_094553.pdf|
|20367|20008|80269037||BL_20367_20008_80269037_20250711_160727.pdf|
|20367|20008|80275166||BL_20367_20008_80275166_20250916_164302.pdf|
|20367|20008|80276925||BL_20367_20008_80276925_20250929_164806.pdf|
|20367|20008|80283617||BL_20367_20008_80283617_20251113_151723.pdf|
|20371|20013|80268800||BL_20371_20013_80268800_20250710_162011.pdf|
|20371|20013|80278912||BL_20371_20013_80278912_20251014_165017.pdf|
|20388|20388|80269010||BL_20388_20388_80269010_20250711_160536.pdf|
|20388|20388|80271456||BL_20388_20388_80271456_20250731_154819.pdf|
|20388|20388|80273648||BL_20388_20388_80273648_20250905_160551.pdf|
|20388|20388|80277262||BL_20388_20388_80277262_20250929_165820.pdf|
|20388|20388|80279354||BL_20388_20388_80279354_20251014_163840.pdf|
|20388|20388|80279714||BL_20388_20388_80279714_20251016_174358.pdf|
|20388|20388|80279905||BL_20388_20388_80279905_20251017_171655.pdf|
|20388|20388|80280427||BL_20388_20388_80280427_20251020_163655.pdf|
|20388|20388|80280933||BL_20388_20388_80280933_20251021_081057.pdf|
|20391|20391|80269162||BL_20391_20391_80269162_20250715_160407.pdf|
|20391|20391|80269370||BL_20391_20391_80269370_20250716_151739.pdf|
|20391|20391|80273184||BL_20391_20391_80273184_20250903_155153.pdf|
|20391|20391|80277441||BL_20391_20391_80277441_20250930_170142.pdf|
|20391|20391|80278983||BL_20391_20391_80278983_20251013_151845.pdf|
|20391|20391|80282915||BL_20391_20391_80282915_20251105_154917.pdf|
|20391|20391|80283594||BL_20391_20391_80283594_20251113_155436.pdf|
|20392|20392|80270710||BL_20392_20392_80270710_20250725_113213.pdf|
|20392|20392|80279564||BL_20392_20392_80279564_20251015_162153.pdf|
|20394|20394|80270546||BL_20394_20394_80270546_20250724_161622.pdf|
|20394|20394|80275870||BL_20394_20394_80275870_20250923_161941.pdf|
|20395|20395|80268695||BL_20395_20395_80268695_20250709_160332.pdf|
|20395|20395|80275886||BL_20395_20395_80275886_20250923_161924.pdf|
|20395|20395|80283519||BL_20395_20395_80283519_20251113_154738.pdf|
|20396|20396|80268469||BL_20396_20396_80268469_20250708_163228.pdf|
|20396|20396|80269950||BL_20396_20396_80269950_20250722_161702.pdf|
|20396|20396|80270262||BL_20396_20396_80270262_20250723_162105.pdf|
|20396|20396|80272297||BL_20396_20396_80272297_20250807_154722.pdf|
|20396|20396|80273963||BL_20396_20396_80273963_20250905_162255.pdf|
|20396|20396|80273967||BL_20396_20396_80273967_20250905_162257.pdf|
|20396|20396|80274819||BL_20396_20396_80274819_20250912_153235.pdf|
|20396|20396|80277286||BL_20396_20396_80277286_20250929_165849.pdf|
|20396|20396|80280449||BL_20396_20396_80280449_20251020_163730.pdf|
|20396|20396|80280636||BL_20396_20396_80280636_20251021_154820.pdf|
|20400|20400|80269997||BL_20400_20400_80269997_20250722_170441.pdf|
|20400|20400|80276834||BL_20400_20400_80276834_20250929_170429.pdf|
|20400|20400|80282905||BL_20400_20400_80282905_20251105_154932.pdf|
|20401|20401|80274863||BL_20401_20401_80274863_20250915_170519.pdf|
|20401|20401|80277054||BL_20401_20401_80277054_20250929_165221.pdf|
|20401|20401|80280331||BL_20401_20401_80280331_20251020_163353.pdf|
|20401|20401|80282179||BL_20401_20401_80282179_20251030_174755.pdf|
|20401|20401|80282347||BL_20401_20401_80282347_20251031_144717.pdf|
|20402|20402|80269520||BL_20402_20402_80269520_20250717_155802.pdf|
|20402|20402|80273671||BL_20402_20402_80273671_20250905_160833.pdf|
|20402|20402|80278088||BL_20402_20402_80278088_20251006_161138.pdf|
|20402|20402|80278549||BL_20402_20402_80278549_20251009_161742.pdf|
|20402|20402|80278776||BL_20402_20402_80278776_20251010_161620.pdf|
|20404|20404|80271039||BL_20404_20404_80271039_20250729_160644.pdf|
|20404|20404|80271146||BL_20404_20404_80271146_20250730_153130.pdf|
|20404|20404|80277909||BL_20404_20404_80277909_20251003_162129.pdf|
|20404|20404|80281313||BL_20404_20404_80281313_20251023_165425.pdf|
|20404|20404|80281356||BL_20404_20404_80281356_20251027_164637.pdf|
|20405|20405|80269429||BL_20405_20405_80269429_20250717_155023.pdf|
|20405|20405|80277954||BL_20405_20405_80277954_20251003_162435.pdf|
|20405|20405|80280677||BL_20405_20405_80280677_20251021_163413.pdf|
|20405|20405|80282081||BL_20405_20405_80282081_20251030_164718.pdf|
|20409|20409|80283380||BL_20409_20409_80283380_20251112_154905.pdf|
|20411|20411|80270402||BL_20411_20411_80270402_20250724_164641.pdf|
|20411|20411|80270434||BL_20411_20411_80270434_20250724_164734.pdf|
|20411|20411|80271229||BL_20411_20411_80271229_20250730_153423.pdf|
|20411|20411|80272641||BL_20411_20411_80272641_20250826_153421.pdf|
|20411|20411|80272752||BL_20411_20411_80272752_20250827_150322.pdf|
|20411|20411|80274702||BL_20411_20411_80274702_20250912_160136.pdf|
|20411|20411|80277008||BL_20411_20411_80277008_20250929_165121.pdf|
|20411|20411|80279304||BL_20411_20411_80279304_20251014_165639.pdf|
|20411|20411|80280301||BL_20411_20411_80280301_20251020_163314.pdf|
|20411|20411|80280662||BL_20411_20411_80280662_20251021_163442.pdf|
|20411|20411|80283592||BL_20411_20411_80283592_20251113_155454.pdf|
|20415|20415|80269321||BL_20415_20415_80269321_20250716_163122.pdf|
|20415|20415|80271208||BL_20415_20415_80271208_20250730_153501.pdf|
|20415|20415|80282505||BL_20415_20415_80282505_20251103_160753.pdf|
|20419|20419|80274595||BL_20419_20419_80274595_20250911_162743.pdf|
|20419|20419|80281374||BL_20419_20419_80281374_20251024_170340.pdf|
|20419|20419|80281375||BL_20419_20419_80281375_20251024_170332.pdf|
|20419|20419|80282855||BL_20419_20419_80282855_20251105_154834.pdf|
|20422|20422|80270535||BL_20422_20422_80270535_20250724_161633.pdf|
|20422|20422|80271234||BL_20422_20422_80271234_20250730_153546.pdf|
|20422|20422|80282508||BL_20422_20422_80282508_20251103_161144.pdf|
|20424|20424|80271425||BL_20424_20424_80271425_20250731_154707.pdf|
|20424|20424|80271426||BL_20424_20424_80271426_20250731_154703.pdf|
|20424|20424|80271641||BL_20424_20424_80271641_20250825_155054.pdf|
|20424|20424|80272022||BL_20424_20424_80272022_20250804_160406.pdf|
|20424|20424|80274059||BL_20424_20424_80274059_20250909_162527.pdf|
|20424|20424|80274060||BL_20424_20424_80274060_20250909_162522.pdf|
|20424|20424|80275503||BL_20424_20424_80275503_20250918_150315.pdf|
|20424|20424|80277789||BL_20424_20424_80277789_20251002_151803.pdf|
|20424|20424|80279375||BL_20424_20424_80279375_20251014_170017.pdf|
|20428|20428|80269754||BL_20428_20428_80269754_20250721_160241.pdf|
|20428|20428|80271836||BL_20428_20428_80271836_20250825_160434.pdf|
|20428|20428|80273104||BL_20428_20428_80273104_20250902_161948.pdf|
|20428|20428|80273469||BL_20428_20428_80273469_20250903_160314.pdf|
|20428|20428|80273647||BL_20428_20428_80273647_20250905_160558.pdf|
|20428|20428|80276069||BL_20428_20428_80276069_20250924_171747.pdf|
|20428|20428|80279294||BL_20428_20428_80279294_20251014_163715.pdf|
|20428|20428|80280129||BL_20428_20428_80280129_20251017_172216.pdf|
|20428|20428|80282661||BL_20428_20428_80282661_20251104_164626.pdf|
|20428|20428|80283624||BL_20428_20428_80283624_20251113_151936.pdf|
|20430|20430|80268223||BL_20430_20430_80268223_20250707_153513.pdf|
|20430|20430|80269322||BL_20430_20430_80269322_20250716_163113.pdf|
|20430|20430|80269492||BL_20430_20430_80269492_20250717_153200.pdf|
|20430|20430|80270252||BL_20430_20430_80270252_20250723_161932.pdf|
|20430|20430|80271209||BL_20430_20430_80271209_20250730_153459.pdf|
|20430|20430|80272754||BL_20430_20430_80272754_20250827_150315.pdf|
|20430|20430|80273908||BL_20430_20430_80273908_20250905_161642.pdf|
|20430|20430|80281422||BL_20430_20430_80281422_20251024_170930.pdf|
|20430|20430|80283336||BL_20430_20430_80283336_20251112_161723.pdf|
|20432|20432|80269768||BL_20432_20432_80269768_20250721_160339.pdf|
|20432|20432|80270900||BL_20432_20432_80270900_20250728_150410.pdf|
|20432|20432|80271145||BL_20432_20432_80271145_20250730_153132.pdf|
|20432|20432|80271779||BL_20432_20432_80271779_20250825_155944.pdf|
|20432|20432|80271908||BL_20432_20432_80271908_20250801_150256.pdf|
|20432|20432|80275550||BL_20432_20432_80275550_20250919_165032.pdf|
|20432|20432|80275928||BL_20432_20432_80275928_20250923_160321.pdf|
|20432|20432|80277152||BL_20432_20432_80277152_20250929_165527.pdf|
|20432|20432|80278745||BL_20432_20432_80278745_20251010_161643.pdf|
|20432|20432|80280401||BL_20432_20432_80280401_20251020_163618.pdf|
|20432|20432|80281515||BL_20432_20432_80281515_20251027_164838.pdf|
|20432|20432|80282178||BL_20432_20432_80282178_20251030_165100.pdf|
|20435|20435|80275634||BL_20435_20435_80275634_20250919_151655.pdf|
|20435|20435|80276775||BL_20435_20435_80276775_20250926_153954.pdf|
|20435|20435|80277573||BL_20435_20435_80277573_20250930_164315.pdf|
|20435|20435|80277807||BL_20435_20435_80277807_20251002_155601.pdf|
|20435|20435|80281021||BL_20435_20435_80281021_20251022_155837.pdf|
|20440|20440|80268830||BL_20440_20440_80268830_20250710_162112.pdf|
|20441|20441|80269705||BL_20441_20441_80269705_20250718_153941.pdf|
|20441|20441|80270347||BL_20441_20441_80270347_20250723_162454.pdf|
|20441|20441|80274794||BL_20441_20441_80274794_20250912_161322.pdf|
|20441|20441|80275044||BL_20441_20441_80275044_20250916_163223.pdf|
|20441|20441|80281589||BL_20441_20441_80281589_20251027_165320.pdf|
|20441|20441|80282619||BL_20441_20441_80282619_20251104_144627.pdf|
|20442|20442|80271449||BL_20442_20442_80271449_20250731_154831.pdf|
|20442|20442|80276577||BL_20442_20442_80276577_20250925_164301.pdf|
|20442|20442|80280809||BL_20442_20442_80280809_20251022_154947.pdf|
|20444|20444|80270321||BL_20444_20444_80270321_20250723_162425.pdf|
|20444|20444|80274788||BL_20444_20444_80274788_20250912_161342.pdf|
|20446|20446|80270469||BL_20446_20446_80270469_20250724_165223.pdf|
|20446|20446|80276612||BL_20446_20446_80276612_20250925_164413.pdf|
|20446|20446|80282075||BL_20446_20446_80282075_20251030_170607.pdf|
|20447|20447|80270485||BL_20447_20447_80270485_20250724_161656.pdf|
|20447|20447|80273236||BL_20447_20447_80273236_20250902_170704.pdf|
|20447|20447|80275584||BL_20447_20447_80275584_20250919_165633.pdf|
|20447|20447|80281618||BL_20447_20447_80281618_20251027_165637.pdf|
|20448|20448|80268887||BL_20448_20448_80268887_20250710_151835.pdf|
|20448|20448|80272349||BL_20448_20448_80272349_20250807_154843.pdf|
|20448|20448|80275321||BL_20448_20448_80275321_20250917_153434.pdf|
|20448|20448|80275519||BL_20448_20448_80275519_20250918_150319.pdf|
|20448|20448|80282276||BL_20448_20448_80282276_20251031_154948.pdf|
|20449|20449|80268888||BL_20449_20449_80268888_20250710_162752.pdf|
|20449|20449|80270072||BL_20449_20449_80270072_20250722_161705.pdf|
|20449|20449|80272823||BL_20449_20449_80272823_20250828_144703.pdf|
|20450|20450|80271751||BL_20450_20450_80271751_20250825_164048.pdf|
|20450|20450|80272745||BL_20450_20450_80272745_20250827_150338.pdf|
|20450|20450|80273490||BL_20450_20450_80273490_20250903_160529.pdf|
|20450|20450|80276403||BL_20450_20450_80276403_20250924_172408.pdf|
|20450|20450|80280498||BL_20450_20450_80280498_20251020_163754.pdf|
|20450|20450|80280668||BL_20450_20450_80280668_20251022_162109.pdf|
|20451|20451|80270382||BL_20451_20451_80270382_20250723_162532.pdf|
|20451|20451|80271239||BL_20451_20451_80271239_20250730_153540.pdf|
|20451|20451|80271344||BL_20451_20451_80271344_20250731_154619.pdf|
|20451|20451|80271940||BL_20451_20451_80271940_20250801_150226.pdf|
|20451|20451|80271959||BL_20451_20451_80271959_20250801_163057.pdf|
|20451|20451|80273413||BL_20451_20451_80273413_20250903_155923.pdf|
|20451|20451|80273966||BL_20451_20451_80273966_20250905_094531.pdf|
|20451|20451|80273969||BL_20451_20451_80273969_20250905_154717.pdf|
|20451|20451|80276321||BL_20451_20451_80276321_20250924_155303.pdf|
|20451|20451|80278104||BL_20451_20451_80278104_20251006_154805.pdf|
|20451|20451|80279046||BL_20451_20451_80279046_20251013_165130.pdf|
|20452|20452|80271423||BL_20452_20452_80271423_20250731_154714.pdf|
|20452|20452|80272746||BL_20452_20452_80272746_20250827_150336.pdf|
|20452|20452|80277701||BL_20452_20452_80277701_20251002_154718.pdf|
|20452|20452|80279490||BL_20452_20452_80279490_20251015_160300.pdf|
|20452|20452|80281918||BL_20452_20452_80281918_20251029_164012.pdf|
|20452|20452|80282803||BL_20452_20452_80282803_20251105_154718.pdf|
|20454|20454|80268499||BL_20454_20454_80268499_20250708_163340.pdf|
|20454|20454|80274397||BL_20454_20454_80274397_20250910_160445.pdf|
|20454|20454|80275265||BL_20454_20454_80275265_20250916_141608.pdf|
|20454|20454|80277316||BL_20454_20454_80277316_20250929_165946.pdf|
|20454|20454|80278380||BL_20454_20454_80278380_20251008_154624.pdf|
|20454|20454|80280525||BL_20454_20454_80280525_20251020_163838.pdf|
|20454|20454|80281065||BL_20454_20454_80281065_20251022_155953.pdf|
|20455|20455|80270049||BL_20455_20455_80270049_20250722_161628.pdf|
|20455|20455|80270701||BL_20455_20455_80270701_20250725_113220.pdf|
|20455|20455|80273340||BL_20455_20455_80273340_20250902_170950.pdf|
|20455|20455|80276918||BL_20455_20455_80276918_20250929_171237.pdf|
|20455|20455|80281230||BL_20455_20455_80281230_20251023_163126.pdf|
|20459|20459|80271037||BL_20459_20459_80271037_20250729_154609.pdf|
|20459|20459|80274771||BL_20459_20459_80274771_20250912_161133.pdf|
|20459|20459|80280702||BL_20459_20459_80280702_20251017_160231.pdf|
|20459|20459|80280726||BL_20459_20459_80280726_20251020_161957.pdf|
|20459|20459|80280757||BL_20459_20459_80280757_20251020_162051.pdf|
|20459|20459|80282846||BL_20459_20459_80282846_20251105_154739.pdf|
|20461|20461|80269823||BL_20461_20461_80269823_20250721_171807.pdf|
|20461|20461|80271601||BL_20461_20461_80271601_20250825_155035.pdf|
|20461|20461|80272025||BL_20461_20461_80272025_20250804_160401.pdf|
|20461|20461|80272829||BL_20461_20461_80272829_20250828_151716.pdf|
|20461|20461|80274070||BL_20461_20461_80274070_20250909_162437.pdf|
|20461|20461|80282623||BL_20461_20461_80282623_20251104_144635.pdf|
|20461|20461|80282624||BL_20461_20461_80282624_20251104_144636.pdf|
|20463|20463|80271160||BL_20463_20463_80271160_20250730_153305.pdf|
|20463|20463|80272643||BL_20463_20463_80272643_20250826_153410.pdf|
|20463|20463|80273654||BL_20463_20463_80273654_20250905_160515.pdf|
|20463|20463|80277917||BL_20463_20463_80277917_20251003_162022.pdf|
|20463|20463|80279460||BL_20463_20463_80279460_20251015_160217.pdf|
|20463|20463|80282815||BL_20463_20463_80282815_20251105_154806.pdf|
|20463|20463|80283257||BL_20463_20463_80283257_20251107_150248.pdf|
|20464|20464|80268280||BL_20464_20464_80268280_20250707_154055.pdf|
|20464|20464|80275575||BL_20464_20464_80275575_20250919_165234.pdf|
|20464|20464|80277140||BL_20464_20464_80277140_20250929_165438.pdf|
|20464|20464|80280388||BL_20464_20464_80280388_20251020_163516.pdf|
|20464|20464|80281672||BL_20464_20464_80281672_20251029_163441.pdf|
|20467|20467|80268687||BL_20467_20467_80268687_20250709_164854.pdf|
|20467|20467|80270699||BL_20467_20467_80270699_20250725_121028.pdf|
|20467|20467|80270700||BL_20467_20467_80270700_20250725_121019.pdf|
|20467|20467|80271984||BL_20467_20467_80271984_20250804_161811.pdf|
|20467|20467|80274061||BL_20467_20467_80274061_20250909_162516.pdf|
|20467|20467|80274062||BL_20467_20467_80274062_20250909_162507.pdf|
|20467|20467|80274223||BL_20467_20467_80274223_20250909_164502.pdf|
|20467|20467|80274973||BL_20467_20467_80274973_20250915_171808.pdf|
|20467|20467|80275880||BL_20467_20467_80275880_20250923_160216.pdf|
|20467|20467|80280639||BL_20467_20467_80280639_20251021_163152.pdf|
|20467|20467|80281154||BL_20467_20467_80281154_20251021_151440.pdf|
|20468|20468|80269819||BL_20468_20468_80269819_20250721_154701.pdf|
|20468|20468|80270298||BL_20468_20468_80270298_20250723_162134.pdf|
|20468|20468|80275892||BL_20468_20468_80275892_20250923_161845.pdf|
|20468|20468|80278450||BL_20468_20468_80278450_20251008_154911.pdf|
|20468|20468|80281830||BL_20468_20468_80281830_20251028_165534.pdf|
|20472|20472|80269837||BL_20472_20472_80269837_20250721_153119.pdf|
|20472|20472|80276570||BL_20472_20472_80276570_20250925_164318.pdf|
|20472|20472|80283555||BL_20472_20472_80283555_20251113_154842.pdf|
|20473|20473|80269022||BL_20473_20473_80269022_20250711_153121.pdf|
|20473|20473|80271961||BL_20473_20473_80271961_20250801_150313.pdf|
|20473|20473|80273639||BL_20473_20473_80273639_20250905_160658.pdf|
|20473|20473|80275934||BL_20473_20473_80275934_20250923_160311.pdf|
|20473|20473|80276399||BL_20473_20473_80276399_20250924_172414.pdf|
|20473|20473|80276921||BL_20473_20473_80276921_20250929_164813.pdf|
|20473|20473|80278213||BL_20473_20473_80278213_20251007_154658.pdf|
|20473|20473|80279696||BL_20473_20473_80279696_20251016_174143.pdf|
|20473|20473|80280496||BL_20473_20473_80280496_20251020_163757.pdf|
|20473|20473|80281954||BL_20473_20473_80281954_20251029_164200.pdf|
|20473|20473|80282154||BL_20473_20473_80282154_20251030_164751.pdf|
|20473|20473|80283285||BL_20473_20473_80283285_20251107_143250.pdf|
|20473|20473|80283596||BL_20473_20473_80283596_20251113_155429.pdf|
|20474|20474|80274234||BL_20474_20474_80274234_20250909_163303.pdf|
|20477|20477|80269992||BL_20477_20477_80269992_20250722_170520.pdf|
|20477|20477|80270399||BL_20477_20477_80270399_20250723_162628.pdf|
|20477|20477|80276502||BL_20477_20477_80276502_20250925_163819.pdf|
|20477|20477|80276726||BL_20477_20477_80276726_20250926_150316.pdf|
|20477|20477|80277122||BL_20477_20477_80277122_20250929_165504.pdf|
|20477|20477|80282832||BL_20477_20477_80282832_20251105_160303.pdf|
|20481|20481|80281938||BL_20481_20481_80281938_20251029_160121.pdf|
|20483|20483|80276503||BL_20483_20483_80276503_20250925_173347.pdf|
|20483|20483|80277121||BL_20483_20483_80277121_20250929_165505.pdf|
|20483|20483|80282152||BL_20483_20483_80282152_20251030_171202.pdf|
|20483|20483|80282357||BL_20483_20483_80282357_20251031_144709.pdf|
|20483|20483|80282863||BL_20483_20483_80282863_20251105_160207.pdf|
|20484|20484|80268629||BL_20484_20484_80268629_20250709_164833.pdf|
|20484|20484|80268780||BL_20484_20484_80268780_20250710_151627.pdf|
|20484|20484|80270944||BL_20484_20484_80270944_20250728_150510.pdf|
|20484|20484|80271167||BL_20484_20484_80271167_20250730_153250.pdf|
|20484|20484|80273212||BL_20484_20484_80273212_20250902_170510.pdf|
|20484|20484|80273463||BL_20484_20484_80273463_20250903_151730.pdf|
|20484|20484|80274284||BL_20484_20484_80274284_20250909_163715.pdf|
|20484|20484|80277206||BL_20484_20484_80277206_20250929_165725.pdf|
|20484|20484|80278609||BL_20484_20484_80278609_20251009_160845.pdf|
|20484|20484|80278703||BL_20484_20484_80278703_20251013_151644.pdf|
|20484|20484|80280574||BL_20484_20484_80280574_20251020_164021.pdf|
|20484|20484|80283017||BL_20484_20484_80283017_20251105_160438.pdf|
|20484|20484|80283677||BL_20484_20484_80283677_20251113_151958.pdf|
|20485|20485|80269818||BL_20485_20485_80269818_20250721_153130.pdf|
|20485|20485|80275622||BL_20485_20485_80275622_20250919_165702.pdf|
|20485|20485|80278280||BL_20485_20485_80278280_20251007_160922.pdf|
|20485|20485|80283544||BL_20485_20485_80283544_20251113_154939.pdf|
|20489|20489|80273324||BL_20489_20489_80273324_20250903_155730.pdf|
|20489|20489|80276895||BL_20489_20489_80276895_20250929_171119.pdf|
|20490|20490|80274711||BL_20490_20490_80274711_20250912_160245.pdf|
|20490|20490|80277005||BL_20490_20490_80277005_20250929_165126.pdf|
|20490|20490|80280297||BL_20490_20490_80280297_20251020_163320.pdf|
|20490|20490|80280899||BL_20490_20490_80280899_20251022_155325.pdf|
|20490|20490|80282388||BL_20490_20490_80282388_20251030_160025.pdf|
|20491|20491|80269343||BL_20491_20491_80269343_20250716_151801.pdf|
|20491|20491|80276770||BL_20491_20491_80276770_20250926_150424.pdf|
|20491|20491|80278109||BL_20491_20491_80278109_20251006_161346.pdf|
|20491|20491|80283528||BL_20491_20491_80283528_20251113_154700.pdf|
|20492|20492|80268415||BL_20492_20492_80268415_20250708_170612.pdf|
|20492|20492|80275925||BL_20492_20492_80275925_20250923_162344.pdf|
|20492|20492|80276526||BL_20492_20492_80276526_20250925_161905.pdf|
|20492|20492|80277163||BL_20492_20492_80277163_20250929_165509.pdf|
|20492|20492|80278331||BL_20492_20492_80278331_20251007_160846.pdf|
|20492|20492|80278332||BL_20492_20492_80278332_20251007_160835.pdf|
|20492|20492|80278886||BL_20492_20492_80278886_20251014_164814.pdf|
|20492|20492|80278887||BL_20492_20492_80278887_20251014_164812.pdf|
|20492|20492|80279451||BL_20492_20492_80279451_20251015_160134.pdf|
|20492|20492|80281408||BL_20492_20492_80281408_20251024_170450.pdf|
|20492|20492|80281701||BL_20492_20492_80281701_20251028_163318.pdf|
|20493|20493|80270168||BL_20493_20493_80270168_20250722_171424.pdf|
|20493|20493|80270687||BL_20493_20493_80270687_20250725_121143.pdf|
|20493|20493|80273326||BL_20493_20493_80273326_20250902_170759.pdf|
|20493|20493|80274782||BL_20493_20493_80274782_20250912_154921.pdf|
|20493|20493|80277556||BL_20493_20493_80277556_20250930_164147.pdf|
|20493|20493|80278261||BL_20493_20493_80278261_20251007_154728.pdf|
|20493|20493|80280804||BL_20493_20493_80280804_20251022_154744.pdf|
|20495|20495|80277805||BL_20495_20495_80277805_20251002_155616.pdf|
|20496|20496|80269697||BL_20496_20496_80269697_20250718_154005.pdf|
|20497|20497|80270791||BL_20497_20497_80270791_20250728_164824.pdf|
|20497|20497|80270966||BL_20497_20497_80270966_20250728_170337.pdf|
|20497|20497|80271854||BL_20497_20497_80271854_20250731_144203.pdf|
|20497|20497|80277965||BL_20497_20497_80277965_20251003_162352.pdf|
|20501|20501|80270313||BL_20501_20501_80270313_20250723_162240.pdf|
|20501|20501|80271625||BL_20501_20501_80271625_20250825_164009.pdf|
|20501|20501|80281229||BL_20501_20501_80281229_20251023_164738.pdf|
|20501|20501|80282101||BL_20501_20501_80282101_20251030_170746.pdf|
|20502|20502|80269772||BL_20502_20502_80269772_20250721_160315.pdf|
|20502|20502|80271736||BL_20502_20502_80271736_20250825_155633.pdf|
|20502|20502|80275923||BL_20502_20502_80275923_20250923_162347.pdf|
|20502|20502|80283018||BL_20502_20502_80283018_20251105_160430.pdf|
|20503|20503|80276829||BL_20503_20503_80276829_20250929_172201.pdf|
|20504|20504|80269702||BL_20504_20504_80269702_20250718_151710.pdf|
|20504|20504|80274844||BL_20504_20504_80274844_20250915_164629.pdf|
|20504|20504|80276909||BL_20504_20504_80276909_20250929_172207.pdf|
|20504|20504|80281245||BL_20504_20504_80281245_20251023_163622.pdf|
|20508|20508|80268648||BL_20508_20508_80268648_20250709_164651.pdf|
|20508|20508|80278017||BL_20508_20508_80278017_20251003_162717.pdf|
|20508|20508|80279519||BL_20508_20508_80279519_20251015_160243.pdf|
|20508|20508|80280072||BL_20508_20508_80280072_20251017_172122.pdf|
|20509|20509|80269804||BL_20509_20509_80269804_20250721_153134.pdf|
|20509|20509|80271858||BL_20509_20509_80271858_20250801_150205.pdf|
|20509|20509|80272356||BL_20509_20509_80272356_20250807_154830.pdf|
|20509|20509|80273298||BL_20509_20509_80273298_20250903_155502.pdf|
|20509|20509|80273427||BL_20509_20509_80273427_20250903_151622.pdf|
|20509|20509|80275738||BL_20509_20509_80275738_20250922_162057.pdf|
|20509|20509|80277803||BL_20509_20509_80277803_20251002_155620.pdf|
|20509|20509|80278828||BL_20509_20509_80278828_20251010_161726.pdf|
|20509|20509|80280648||BL_20509_20509_80280648_20251021_163218.pdf|
|20509|20509|80281840||BL_20509_20509_80281840_20251028_163902.pdf|
|20509|20509|80282502||BL_20509_20509_80282502_20251103_151622.pdf|
|20511|20511|80268399||BL_20511_20511_80268399_20250708_170312.pdf|
|20511|20511|80271452||BL_20511_20511_80271452_20250731_162703.pdf|
|20511|20511|80274927||BL_20511_20511_80274927_20250915_171412.pdf|
|20511|20511|80277195||BL_20511_20511_80277195_20250929_165635.pdf|
|20511|20511|80280610||BL_20511_20511_80280610_20251017_123054.pdf|
|20511|20511|80280854||BL_20511_20511_80280854_20251022_155046.pdf|
|20511|20511|80281715||BL_20511_20511_80281715_20251028_163537.pdf|
|20520|20520|80190114||BL_20520_20520_80190114_20231114_155020.pdf|
|20520|20520|80195284||BL_20520_20520_80195284_20231218_154826.pdf|
|20520|20520|80195729||BL_20520_20520_80195729_20240102_160907.pdf|
|20520|20520|80197012||BL_20520_20520_80197012_20240104_162253.pdf|
|20520|20520|80200861||BL_20520_20520_80200861_20240201_161856.pdf|
|20520|20520|80201054||BL_20520_20520_80201054_20240202_160422.pdf|
|20520|20520|80202143||BL_20520_20520_80202143_20240212_170129.pdf|
|20520|20520|80208381||BL_20520_20520_80208381_20240322_155934.pdf|
|20520|20520|80210147||BL_20520_20520_80210147_20240403_165516.pdf|
|20520|20520|80213245||BL_20520_20520_80213245_20240425_161844.pdf|
|20520|20520|80217126||BL_20520_20520_80217126_20240531_160319.pdf|
|20520|20520|80217719||BL_20520_20520_80217719_20240606_164147.pdf|
|20520|20520|80220856||BL_20520_20520_80220856_20240628_163506.pdf|
|20520|20520|80224069||BL_20520_20520_80224069_20240729_155934.pdf|
|20520|20520|80224707||BL_20520_20520_80224707_20240827_170005.pdf|
|20520|20520|80227256||BL_20520_20520_80227256_20240909_160354.pdf|
|20520|20520|80227463||BL_20520_20520_80227463_20240910_161333.pdf|
|20520|20520|80229590||BL_20520_20520_80229590_20240930_113426.pdf|
|20520|20520|80234738||BL_20520_20520_80234738_20241113_143707.pdf|
|20520|20520|80239317||BL_20520_20520_80239317_20241217_121623.pdf|
|20520|20520|80240451||BL_20520_20520_80240451_20241220_163821.pdf|
|20520|20520|80240876||BL_20520_20520_80240876_20250106_173631.pdf|
|20520|20520|80241729||BL_20520_20520_80241729_20250108_171633.pdf|
|20520|20520|80242521||BL_20520_20520_80242521_20250110_170925.pdf|
|20520|20520|80245040||BL_20520_20520_80245040_20250127_162428.pdf|
|20520|20520|80247257||BL_20520_20520_80247257_20250204_170022.pdf|
|20520|20520|80253729||BL_20520_20520_80253729_20250318_163434.pdf|
|20520|20520|80259338||BL_20520_20520_80259338_20250424_155326.pdf|
|20520|20520|80259739||BL_20520_20520_80259739_20250428_170819.pdf|
|20520|20520|80261136||BL_20520_20520_80261136_20250514_161330.pdf|
|20520|20520|80265918||BL_20520_20520_80265918_20250618_163217.pdf|
|20520|20520|80266061||BL_20520_20520_80266061_20250619_161826.pdf|
|20520|20520|80271188||BL_20520_20520_80271188_20250730_153355.pdf|
|20520|20520|80276863||BL_20520_20520_80276863_20250929_170542.pdf|
|20520|20520|80277484||BL_20520_20520_80277484_20250930_163810.pdf|
|20520|20520|80282837||BL_20520_20520_80282837_20251105_160231.pdf|
|20520|25144|80276843||BL_20520_25144_80276843_20250929_170234.pdf|
|20520|25144|80282947||BL_20520_25144_80282947_20251105_155050.pdf|
|20521|20521|80270684||BL_20521_20521_80270684_20250725_121200.pdf|
|20521|20521|80276594||BL_20521_20521_80276594_20250925_164612.pdf|
|20521|20521|80283550||BL_20521_20521_80283550_20251113_154919.pdf|
|20522|20522|80274800||BL_20522_20522_80274800_20250912_161303.pdf|
|20522|20522|80282706||BL_20522_20522_80282706_20251104_160827.pdf|
|20524|20524|80268636||BL_20524_20524_80268636_20250709_164735.pdf|
|20524|20524|80269328||BL_20524_20524_80269328_20250716_151653.pdf|
|20524|20524|80270481||BL_20524_20524_80270481_20250724_165607.pdf|
|20524|20524|80272324||BL_20524_20524_80272324_20250807_154804.pdf|
|20524|20524|80272329||BL_20524_20524_80272329_20250807_154751.pdf|
|20524|20524|80273237||BL_20524_20524_80273237_20250902_170702.pdf|
|20524|20524|80275127||BL_20524_20524_80275127_20250916_164153.pdf|
|20524|20524|80277719||BL_20524_20524_80277719_20251002_151921.pdf|
|20524|20524|80278063||BL_20524_20524_80278063_20251006_160920.pdf|
|20524|20524|80278410||BL_20524_20524_80278410_20251007_161009.pdf|
|20524|20524|80279716||BL_20524_20524_80279716_20251016_174328.pdf|
|20524|20524|80282823||BL_20524_20524_80282823_20251105_154755.pdf|
|20526|20526|80269210||BL_20526_20526_80269210_20250715_144728.pdf|
|20526|20526|80271861||BL_20526_20526_80271861_20250801_153300.pdf|
|20526|20526|80275180||BL_20526_20526_80275180_20250916_164640.pdf|
|20526|20526|80277817||BL_20526_20526_80277817_20251002_155808.pdf|
|20526|20526|80282724||BL_20526_20526_80282724_20251104_161009.pdf|
|20527|20527|80270850||BL_20527_20527_80270850_20250728_150245.pdf|
|20527|20527|80271161||BL_20527_20527_80271161_20250730_153257.pdf|
|20527|20527|80273126||BL_20527_20527_80273126_20250902_170259.pdf|
|20527|20527|80278080||BL_20527_20527_80278080_20251006_161214.pdf|
|20528|20528|80268937||BL_20528_20528_80268937_20250710_151922.pdf|
|20528|20528|80269347||BL_20528_20528_80269347_20250716_163334.pdf|
|20528|20528|80273304||BL_20528_20528_80273304_20250903_155449.pdf|
|20528|20528|80273936||BL_20528_20528_80273936_20250905_154706.pdf|
|20528|20528|80276597||BL_20528_20528_80276597_20250925_164553.pdf|
|20528|20528|80277781||BL_20528_20528_80277781_20251002_155722.pdf|
|20528|20528|80281462||BL_20528_20528_80281462_20251024_171154.pdf|
|20530|20530|80270487||BL_20530_20530_80270487_20250724_161650.pdf|
|20530|20530|80270657||BL_20530_20530_80270657_20250725_113050.pdf|
|20530|20530|80279313||BL_20530_20530_80279313_20251014_165608.pdf|
|20530|20530|80282442||BL_20530_20530_80282442_20251103_160233.pdf|
|20530|20530|80282841||BL_20530_20530_80282841_20251105_154747.pdf|
|20530|20530|80283611||BL_20530_20530_80283611_20251113_151738.pdf|
|20531|20531|80271990||BL_20531_20531_80271990_20250804_160315.pdf|
|20531|20531|80274035||BL_20531_20531_80274035_20250909_162336.pdf|
|20531|20531|80274886||BL_20531_20531_80274886_20250915_171257.pdf|
|20531|20531|80275952||BL_20531_20531_80275952_20250923_160303.pdf|
|20531|20531|80279172||BL_20531_20531_80279172_20251013_152446.pdf|
|20531|20531|80279358||BL_20531_20531_80279358_20251014_163836.pdf|
|20531|20531|80280693||BL_20531_20531_80280693_20251021_163315.pdf|
|20531|20531|80281539||BL_20531_20531_80281539_20251027_164922.pdf|
|20532|20532|80269699||BL_20532_20532_80269699_20250718_151713.pdf|
|20532|20532|80275453||BL_20532_20532_80275453_20250918_152442.pdf|
|20532|20532|80279571||BL_20532_20532_80279571_20251015_160317.pdf|
|20533|20533|80274064||BL_20533_20533_80274064_20250909_162505.pdf|
|20533|20533|80277913||BL_20533_20533_80277913_20251003_162057.pdf|
|20533|20533|80279316||BL_20533_20533_80279316_20251014_163927.pdf|
|20533|20533|80281075||BL_20533_20533_80281075_20251022_153130.pdf|
|20538|20538|80272642||BL_20538_20538_80272642_20250826_153415.pdf|
|20538|20538|80273893||BL_20538_20538_80273893_20250905_161817.pdf|
|20538|20538|80274747||BL_20538_20538_80274747_20250912_160850.pdf|
|20538|20538|80275136||BL_20538_20538_80275136_20250916_163955.pdf|
|20538|20538|80276131||BL_20538_20538_80276131_20250924_171929.pdf|
|20538|20538|80280036||BL_20538_20538_80280036_20251017_172004.pdf|
|20538|20538|80280780||BL_20538_20538_80280780_20251021_155428.pdf|
|20539|20539|80271870||BL_20539_20539_80271870_20250801_153237.pdf|
|20539|20539|80272021||BL_20539_20539_80272021_20250804_160409.pdf|
|20539|20539|80274458||BL_20539_20539_80274458_20250910_160931.pdf|
|20539|20539|80277554||BL_20539_20539_80277554_20250930_164142.pdf|
|20539|20539|80278416||BL_20539_20539_80278416_20251008_154841.pdf|
|20539|20539|80281527||BL_20539_20539_80281527_20251027_163545.pdf|
|20544|20544|80269312||BL_20544_20544_80269312_20250716_163212.pdf|
|20544|20544|80273986||BL_20544_20544_80273986_20250909_161838.pdf|
|20544|20544|80275920||BL_20544_20544_80275920_20250923_162403.pdf|
|20544|20544|80276548||BL_20544_20544_80276548_20250925_161730.pdf|
|20544|20544|80277174||BL_20544_20544_80277174_20250929_165601.pdf|
|20544|20544|80277637||BL_20544_20544_80277637_20251001_160244.pdf|
|20544|20544|80281397||BL_20544_20544_80281397_20251024_170606.pdf|
|20544|20544|80281736||BL_20544_20544_80281736_20251028_163506.pdf|
|20546|20546|80269671||BL_20546_20546_80269671_20250718_153750.pdf|
|20546|20546|80269808||BL_20546_20546_80269808_20250721_160453.pdf|
|20546|20546|80269809||BL_20546_20546_80269809_20250721_160449.pdf|
|20546|20546|80271560||BL_20546_20546_80271560_20250825_154756.pdf|
|20546|20546|80272207||BL_20546_20546_80272207_20250805_154704.pdf|
|20546|20546|80272979||BL_20546_20546_80272979_20250901_153734.pdf|
|20546|20546|80273402||BL_20546_20546_80273402_20250903_151604.pdf|
|20546|20546|80273934||BL_20546_20546_80273934_20250905_154702.pdf|
|20546|20546|80274874||BL_20546_20546_80274874_20250915_170938.pdf|
|20546|20546|80275029||BL_20546_20546_80275029_20250916_165340.pdf|
|20546|20546|80275030||BL_20546_20546_80275030_20250916_165342.pdf|
|20546|20546|80275213||BL_20546_20546_80275213_20250916_164815.pdf|
|20546|20546|80278291||BL_20546_20546_80278291_20251007_154827.pdf|
|20546|20546|80279399||BL_20546_20546_80279399_20251014_170220.pdf|
|20546|20546|80281560||BL_20546_20546_80281560_20251027_163638.pdf|
|20546|20546|80283242||BL_20546_20546_80283242_20251107_150405.pdf|
|20546|20546|80283408||BL_20546_20546_80283408_20251112_162356.pdf|
|20550|20550|80278894||BL_20550_20550_80278894_20251013_151741.pdf|
|20550|20550|80281068||BL_20550_20550_80281068_20251022_162442.pdf|
|20551|20551|80268821||BL_20551_20551_80268821_20250710_162212.pdf|
|20551|20551|80271181||BL_20551_20551_80271181_20250730_153223.pdf|
|20551|20551|80273139||BL_20551_20551_80273139_20250902_170353.pdf|
|20551|20551|80273988||BL_20551_20551_80273988_20250909_161820.pdf|
|20551|20551|80274417||BL_20551_20551_80274417_20250910_154700.pdf|
|20551|20551|80277274||BL_20551_20551_80277274_20250929_165909.pdf|
|20551|20551|80279357||BL_20551_20551_80279357_20251014_170143.pdf|
|20551|20551|80280437||BL_20551_20551_80280437_20251020_163641.pdf|
|20551|20551|80281894||BL_20551_20551_80281894_20251029_163743.pdf|
|20556|20556|80270314||BL_20556_20556_80270314_20250723_162238.pdf|
|20556|20556|80270462||BL_20556_20556_80270462_20250724_165320.pdf|
|20556|20556|80271254||BL_20556_20556_80271254_20250730_153506.pdf|
|20556|20556|80273404||BL_20556_20556_80273404_20250903_155628.pdf|
|20556|20556|80274172||BL_20556_20556_80274172_20250908_163443.pdf|
|20556|20556|80277812||BL_20556_20556_80277812_20251002_155817.pdf|
|20556|20556|80278442||BL_20556_20556_80278442_20251008_153201.pdf|
|20556|20556|80278817||BL_20556_20556_80278817_20251010_163229.pdf|
|20556|20556|80281562||BL_20556_20556_80281562_20251027_165205.pdf|
|20558|20558|80271044||BL_20558_20558_80271044_20250729_160605.pdf|
|20558|20558|80273218||BL_20558_20558_80273218_20250903_155008.pdf|
|20558|20558|80275285||BL_20558_20558_80275285_20250917_153157.pdf|
|20558|20558|80276937||BL_20558_20558_80276937_20250929_164949.pdf|
|20558|20558|80278044||BL_20558_20558_80278044_20251006_160716.pdf|
|20558|20558|80280272||BL_20558_20558_80280272_20251020_163336.pdf|
|20559|20559|80270307||BL_20559_20559_80270307_20250723_162251.pdf|
|20559|20559|80273406||BL_20559_20559_80273406_20250903_155624.pdf|
|20559|20559|80280707||BL_20559_20559_80280707_20251021_163249.pdf|
|20560|20560|80270704||BL_20560_20560_80270704_20250725_121334.pdf|
|20560|20560|80278989||BL_20560_20560_80278989_20251014_165530.pdf|
|20561|20561|80268872||BL_20561_20561_80268872_20250710_162533.pdf|
|20561|20561|80271092||BL_20561_20561_80271092_20250729_154718.pdf|
|20561|20561|80271366||BL_20561_20561_80271366_20250731_162006.pdf|
|20561|20561|80273403||BL_20561_20561_80273403_20250903_155640.pdf|
|20561|20561|80278542||BL_20561_20561_80278542_20251009_161757.pdf|
|20561|20561|80279951||BL_20561_20561_80279951_20251017_165224.pdf|
|20562|20562|80268671||BL_20562_20562_80268671_20250709_164923.pdf|
|20562|20562|80273408||BL_20562_20562_80273408_20250903_155613.pdf|
|20562|20562|80273763||BL_20562_20562_80273763_20250904_160334.pdf|
|20562|20562|80274201||BL_20562_20562_80274201_20250910_161616.pdf|
|20562|20562|80274202||BL_20562_20562_80274202_20250910_161617.pdf|
|20562|20562|80274231||BL_20562_20562_80274231_20250909_164758.pdf|
|20562|20562|80275856||BL_20562_20562_80275856_20250923_161630.pdf|
|20562|20562|80276014||BL_20562_20562_80276014_20250923_160331.pdf|
|20562|20562|80279652||BL_20562_20562_80279652_20251016_173312.pdf|
|20563|20563|80218368||BL_20563_20563_80218368_20240612_154752.pdf|
|20563|20563|80220857||BL_20563_20563_80220857_20240628_163459.pdf|
|20563|20563|80223669||BL_20563_20563_80223669_20240725_154734.pdf|
|20563|20563|80224674||BL_20563_20563_80224674_20240827_165002.pdf|
|20563|20563|80227111||BL_20563_20563_80227111_20240906_160511.pdf|
|20563|20563|80231793||BL_20563_20563_80231793_20241017_165608.pdf|
|20563|20563|80238001||BL_20563_20563_80238001_20241205_154708.pdf|
|20563|20563|80239935||BL_20563_20563_80239935_20250102_174814.pdf|
|20563|20563|80241946||BL_20563_20563_80241946_20250109_165421.pdf|
|20563|20563|80243397||BL_20563_20563_80243397_20250116_163729.pdf|
|20563|20563|80244314||BL_20563_20563_80244314_20250122_162103.pdf|
|20563|20563|80245188||BL_20563_20563_80245188_20250128_172136.pdf|
|20563|20563|80247335||BL_20563_20563_80247335_20250204_163133.pdf|
|20563|20563|80250613||BL_20563_20563_80250613_20250227_153753.pdf|
|20563|20563|80256095||BL_20563_20563_80256095_20250403_164341.pdf|
|20563|20563|80261418||BL_20563_20563_80261418_20250515_170641.pdf|
|20563|20563|80266851||BL_20563_20563_80266851_20250625_163616.pdf|
|20563|20563|80267112||BL_20563_20563_80267112_20250626_160316.pdf|
|20563|20563|80273620||BL_20563_20563_80273620_20250905_160421.pdf|
|20563|20563|80273877||BL_20563_20563_80273877_20250905_161432.pdf|
|20563|20563|80276384||BL_20563_20563_80276384_20250924_172329.pdf|
|20563|20563|80280490||BL_20563_20563_80280490_20251020_163806.pdf|
|20563|20563|80281309||BL_20563_20563_80281309_20251023_163651.pdf|
|20563|20563|80281359||BL_20563_20563_80281359_20251024_144626.pdf|
|20563|26593|80273889||BL_20563_26593_80273889_20250905_161306.pdf|
|20563|26593|80281289||BL_20563_26593_80281289_20251023_165217.pdf|
|20569|20569|80268812||BL_20569_20569_80268812_20250710_162308.pdf|
|20569|20569|80274279||BL_20569_20569_80274279_20250909_163816.pdf|
|20569|20569|80281782||BL_20569_20569_80281782_20251028_163616.pdf|
|20573|20573|80278576||BL_20573_20573_80278576_20251009_162059.pdf|
|20573|20573|80282794||BL_20573_20573_80282794_20251105_154729.pdf|
|20574|20574|80268829||BL_20574_20574_80268829_20250710_162116.pdf|
|20574|20574|80269018||BL_20574_20574_80269018_20250711_160437.pdf|
|20574|20574|80274757||BL_20574_20574_80274757_20250912_160719.pdf|
|20574|20574|80277025||BL_20574_20574_80277025_20250929_165201.pdf|
|20574|20574|80279880||BL_20574_20574_80279880_20251017_163236.pdf|
|20574|20574|80280551||BL_20574_20574_80280551_20251020_163919.pdf|
|20576|20576|80270606||BL_20576_20576_80270606_20250725_113203.pdf|
|20576|20576|80271170||BL_20576_20576_80271170_20250730_153244.pdf|
|20576|20576|80279503||BL_20576_20576_80279503_20251015_161714.pdf|
|20576|20576|80279926||BL_20576_20576_80279926_20251017_171750.pdf|
|20576|20576|80281073||BL_20576_20576_80281073_20251022_153134.pdf|
|20577|20577|80271640||BL_20577_20577_80271640_20250825_155059.pdf|
|20577|20577|80275629||BL_20577_20577_80275629_20250919_170103.pdf|
|20577|20577|80276772||BL_20577_20577_80276772_20250926_150426.pdf|
|20577|20577|80279962||BL_20577_20577_80279962_20251017_171838.pdf|
|20577|20577|80282014||BL_20577_20577_80282014_20251029_164610.pdf|
|20582|20582|80271278||BL_20582_20582_80271278_20250730_155038.pdf|
|20582|20582|80280823||BL_20582_20582_80280823_20251022_154851.pdf|
|20584|20584|80269684||BL_20584_20584_80269684_20250718_151733.pdf|
|20584|20584|80275638||BL_20584_20584_80275638_20250919_151658.pdf|
|20584|20584|80275771||BL_20584_20584_80275771_20250922_162210.pdf|
|20585|20585|80270852||BL_20585_20585_80270852_20250728_165144.pdf|
|20585|20585|80273127||BL_20585_20585_80273127_20250903_154938.pdf|
|20585|20585|80274047||BL_20585_20585_80274047_20250909_162131.pdf|
|20585|20585|80277213||BL_20585_20585_80277213_20250929_165713.pdf|
|20585|20585|80278742||BL_20585_20585_80278742_20251010_160323.pdf|
|20585|20585|80279030||BL_20585_20585_80279030_20251014_165511.pdf|
|20585|20585|80280582||BL_20585_20585_80280582_20251020_163955.pdf|
|20586|20586|80269477||BL_20586_20586_80269477_20250717_155405.pdf|
|20586|20586|80271203||BL_20586_20586_80271203_20250730_153324.pdf|
|20586|20586|80275293||BL_20586_20586_80275293_20250917_153345.pdf|
|20586|20586|80278215||BL_20586_20586_80278215_20251007_160408.pdf|
|20586|20586|80281491||BL_20586_20586_80281491_20251028_163236.pdf|
|20586|20586|80281492||BL_20586_20586_80281492_20251028_163245.pdf|
|20586|20586|80282847||BL_20586_20586_80282847_20251105_154737.pdf|
|20587|20587|80271755||BL_20587_20587_80271755_20250825_155831.pdf|
|20587|20587|80274597||BL_20587_20587_80274597_20250911_160155.pdf|
|20587|20587|80277294||BL_20587_20587_80277294_20250929_165836.pdf|
|20587|20587|80279502||BL_20587_20587_80279502_20251015_161718.pdf|
|20587|20587|80280526||BL_20587_20587_80280526_20251020_163836.pdf|
|20593|20593|80275470||BL_20593_20593_80275470_20250918_152728.pdf|
|20593|20593|80283538||BL_20593_20593_80283538_20251113_155006.pdf|
|20594|20594|80269227||BL_20594_20594_80269227_20250715_150345.pdf|
|20594|20594|80274120||BL_20594_20594_80274120_20250908_160224.pdf|
|20594|20594|80277903||BL_20594_20594_80277903_20251003_161731.pdf|
|20595|20595|80270005||BL_20595_20595_80270005_20250722_161646.pdf|
|20595|20595|80271738||BL_20595_20595_80271738_20250825_155938.pdf|
|20595|20595|80277458||BL_20595_20595_80277458_20250930_163615.pdf|
|20595|20595|80279491||BL_20595_20595_80279491_20251015_160258.pdf|
|20595|20595|80282319||BL_20595_20595_80282319_20251031_155017.pdf|
|20595|20595|80282548||BL_20595_20595_80282548_20251103_161326.pdf|
|20595|20595|80282802||BL_20595_20595_80282802_20251105_154719.pdf|
|20595|20595|80283355||BL_20595_20595_80283355_20251112_161932.pdf|
|20595|20595|80283630||BL_20595_20595_80283630_20251113_155231.pdf|
|20596|20596|80274446||BL_20596_20596_80274446_20250910_160606.pdf|
|20598|20598|80268675||BL_20598_20598_80268675_20250709_164904.pdf|
|20598|20598|80269379||BL_20598_20598_80269379_20250716_151737.pdf|
|20598|20598|80274447||BL_20598_20598_80274447_20250910_160600.pdf|
|20598|20598|80281034||BL_20598_20598_80281034_20251022_155752.pdf|
|20599|20599|80270604||BL_20599_20599_80270604_20250725_120607.pdf|
|20599|20599|80271704||BL_20599_20599_80271704_20250825_163928.pdf|
|20599|20599|80272715||BL_20599_20599_80272715_20250827_150117.pdf|
|20599|20599|80272987||BL_20599_20599_80272987_20250901_153637.pdf|
|20599|20599|80273471||BL_20599_20599_80273471_20250903_160304.pdf|
|20599|20599|80274697||BL_20599_20599_80274697_20250912_153107.pdf|
|20599|20599|80276064||BL_20599_20599_80276064_20250924_171753.pdf|
|20599|20599|80278572||BL_20599_20599_80278572_20251009_160332.pdf|
|20599|20599|80278688||BL_20599_20599_80278688_20251013_151702.pdf|
|20599|20599|80280152||BL_20599_20599_80280152_20251017_165805.pdf|
|20599|20599|80281916||BL_20599_20599_80281916_20251029_160159.pdf|
|20600|20600|80274901||BL_20600_20600_80274901_20250915_171106.pdf|
|20600|20600|80277039||BL_20600_20600_80277039_20250929_165246.pdf|
|20600|20600|80279317||BL_20600_20600_80279317_20251014_165545.pdf|
|20600|20600|80280315||BL_20600_20600_80280315_20251020_163426.pdf|
|20601|20601|80274259||BL_20601_20601_80274259_20250909_163533.pdf|
|20601|20601|80277193||BL_20601_20601_80277193_20250929_165638.pdf|
|20601|20601|80280612||BL_20601_20601_80280612_20251017_123056.pdf|
|20601|20601|80281717||BL_20601_20601_80281717_20251028_163534.pdf|
|20601|20601|80281939||BL_20601_20601_80281939_20251029_163836.pdf|
|20601|20601|80282671||BL_20601_20601_80282671_20251104_160615.pdf|
|20602|20602|80269266||BL_20602_20602_80269266_20250715_150346.pdf|
|20602|20602|80269592||BL_20602_20602_80269592_20250718_151654.pdf|
|20602|20602|80277496||BL_20602_20602_80277496_20250930_164059.pdf|
|20602|20602|80277772||BL_20602_20602_80277772_20251002_155428.pdf|
|20602|20602|80282702||BL_20602_20602_80282702_20251104_160855.pdf|
|20604|20604|80268352||BL_20604_20604_80268352_20250707_154427.pdf|
|20604|20604|80272352||BL_20604_20604_80272352_20250807_154838.pdf|
|20604|20604|80273311||BL_20604_20604_80273311_20250902_170824.pdf|
|20604|20604|80273760||BL_20604_20604_80273760_20250904_160008.pdf|
|20604|20604|80274221||BL_20604_20604_80274221_20250909_163404.pdf|
|20604|20604|80275729||BL_20604_20604_80275729_20250922_161736.pdf|
|20604|20604|80278271||BL_20604_20604_80278271_20251007_154842.pdf|
|20604|20604|80278831||BL_20604_20604_80278831_20251010_163240.pdf|
|20604|20604|80281027||BL_20604_20604_80281027_20251021_144935.pdf|
|20605|20605|80272038||BL_20605_20605_80272038_20250804_160335.pdf|
|20605|20605|80277969||BL_20605_20605_80277969_20251003_162613.pdf|
|20605|20605|80282073||BL_20605_20605_80282073_20251030_164714.pdf|
|20605|20605|80282296||BL_20605_20605_80282296_20251031_144637.pdf|
|20605|20605|80282527||BL_20605_20605_80282527_20251103_161036.pdf|
|20607|20607|80268459||BL_20607_20607_80268459_20250708_163253.pdf|
|20607|20607|80270907||BL_20607_20607_80270907_20250728_170029.pdf|
|20607|20607|80271157||BL_20607_20607_80271157_20250730_153310.pdf|
|20607|20607|80271776||BL_20607_20607_80271776_20250825_160000.pdf|
|20607|20607|80275103||BL_20607_20607_80275103_20250916_163330.pdf|
|20607|20607|80276951||BL_20607_20607_80276951_20250929_164928.pdf|
|20607|20607|80280233||BL_20607_20607_80280233_20251020_163213.pdf|
|20607|20607|80282127||BL_20607_20607_80282127_20251030_170945.pdf|
|20607|20607|80282342||BL_20607_20607_80282342_20251031_144722.pdf|
|20609|20609|80269484||BL_20609_20609_80269484_20250717_153209.pdf|
|20609|20609|80270916||BL_20609_20609_80270916_20250728_165911.pdf|
|20609|20609|80271670||BL_20609_20609_80271670_20250825_163945.pdf|
|20609|20609|80274045||BL_20609_20609_80274045_20250909_162159.pdf|
|20609|20609|80277211||BL_20609_20609_80277211_20250929_165717.pdf|
|20609|20609|80280579||BL_20609_20609_80280579_20251020_163959.pdf|
|20609|20609|80280880||BL_20609_20609_80280880_20251022_155505.pdf|
|20609|20609|80281931||BL_20609_20609_80281931_20251029_160134.pdf|
|20609|20609|80282646||BL_20609_20609_80282646_20251104_153120.pdf|
|20610|20610|80268450||BL_20610_20610_80268450_20250708_163237.pdf|
|20610|20610|80278078||BL_20610_20610_80278078_20251006_161218.pdf|
|20610|20610|80283027||BL_20610_20610_80283027_20251105_160750.pdf|
|20612|20612|80271399||BL_20612_20612_80271399_20250731_162133.pdf|
|20612|20612|80271715||BL_20612_20612_80271715_20250825_155448.pdf|
|20612|20612|80281510||BL_20612_20612_80281510_20251027_164733.pdf|
|20612|20612|80282151||BL_20612_20612_80282151_20251030_171209.pdf|
|20612|20612|80282363||BL_20612_20612_80282363_20251031_144701.pdf|
|20612|20612|80282789||BL_20612_20612_80282789_20251105_154648.pdf|
|20613|20613|80271319||BL_20613_20613_80271319_20250730_175003.pdf|
|20613|20613|80271320||BL_20613_20613_80271320_20250730_175005.pdf|
|20613|20613|80271321||BL_20613_20613_80271321_20250730_175008.pdf|
|20613|20613|80277747||BL_20613_20613_80277747_20251002_155216.pdf|
|20613|20613|80277748||BL_20613_20613_80277748_20251002_155209.pdf|
|20613|20613|80279171||BL_20613_20613_80279171_20251013_152449.pdf|
|20613|20613|80280580||BL_20613_20613_80280580_20251020_163958.pdf|
|20614|20614|80271048||BL_20614_20614_80271048_20250729_154801.pdf|
|20614|20614|80280669||BL_20614_20614_80280669_20251021_163422.pdf|
|20617|20617|80269803||BL_20617_20617_80269803_20250721_160516.pdf|
|20617|20617|80271731||BL_20617_20617_80271731_20250825_155701.pdf|
|20617|20617|80273886||BL_20617_20617_80273886_20250905_161326.pdf|
|20617|20617|80275069||BL_20617_20617_80275069_20250915_163159.pdf|
|20617|20617|80275121||BL_20617_20617_80275121_20250916_163638.pdf|
|20617|20617|80277243||BL_20617_20617_80277243_20250929_165740.pdf|
|20617|20617|80280458||BL_20617_20617_80280458_20251020_163743.pdf|
|20617|20617|80280920||BL_20617_20617_80280920_20251021_155537.pdf|
|20618|20618|80278244||BL_20618_20618_80278244_20251007_160647.pdf|
|20618|20618|80282423||BL_20618_20618_80282423_20251104_144602.pdf|
|20618|20618|80282778||BL_20618_20618_80282778_20251105_154702.pdf|
|20618|20618|80283501||BL_20618_20618_80283501_20251113_154628.pdf|
|20618|20618|80283627||BL_20618_20618_80283627_20251113_151942.pdf|
|20619|20619|80268504||BL_20619_20619_80268504_20250708_170857.pdf|
|20619|20619|80269658||BL_20619_20619_80269658_20250718_153918.pdf|
|20619|20619|80278241||BL_20619_20619_80278241_20251007_160706.pdf|
|20619|20619|80278414||BL_20619_20619_80278414_20251008_154701.pdf|
|20619|20619|80282779||BL_20619_20619_80282779_20251105_154701.pdf|
|20619|20619|80283283||BL_20619_20619_80283283_20251107_150450.pdf|
|20621|20621|80269652||BL_20621_20621_80269652_20250718_153617.pdf|
|20621|20621|80278245||BL_20621_20621_80278245_20251007_154756.pdf|
|20621|20621|80282547||BL_20621_20621_80282547_20251103_161330.pdf|
|20621|20621|80283038||BL_20621_20621_80283038_20251105_155151.pdf|
|20622|20622|80268448||BL_20622_20622_80268448_20250708_163115.pdf|
|20622|20622|80271887||BL_20622_20622_80271887_20250801_153512.pdf|
|20622|20622|80273033||BL_20622_20622_80273033_20250901_154112.pdf|
|20622|20622|80274708||BL_20622_20622_80274708_20250912_160214.pdf|
|20622|20622|80277006||BL_20622_20622_80277006_20250929_165124.pdf|
|20622|20622|80280299||BL_20622_20622_80280299_20251020_163317.pdf|
|20622|20622|80281258||BL_20622_20622_80281258_20251023_164953.pdf|
|20622|20622|80281604||BL_20622_20622_80281604_20251027_093043.pdf|
|20624|20624|80270279||BL_20624_20624_80270279_20250723_162213.pdf|
|20624|20624|80275866||BL_20624_20624_80275866_20250923_150220.pdf|
|20624|20624|80279941||BL_20624_20624_80279941_20251017_171902.pdf|
|20625|20625|80269177||BL_20625_20625_80269177_20250715_160258.pdf|
|20625|20625|80271390||BL_20625_20625_80271390_20250731_162153.pdf|
|20625|20625|80272291||BL_20625_20625_80272291_20250806_154736.pdf|
|20625|20625|80276825||BL_20625_20625_80276825_20250929_164730.pdf|
|20625|20625|80278411||BL_20625_20625_80278411_20251008_154651.pdf|
|20625|20625|80283606||BL_20625_20625_80283606_20251113_155349.pdf|
|20630|20630|80281780||BL_20630_20630_80281780_20251028_165008.pdf|
|20630|20630|80281781||BL_20630_20630_80281781_20251028_165002.pdf|
|20631|20631|80268677||BL_20631_20631_80268677_20250708_154601.pdf|
|20631|20631|80269057||BL_20631_20631_80269057_20250710_162951.pdf|
|20631|20631|80269360||BL_20631_20631_80269360_20250716_151745.pdf|
|20631|20631|80269843||BL_20631_20631_80269843_20250721_153243.pdf|
|20631|20631|80274213||BL_20631_20631_80274213_20250909_164500.pdf|
|20631|20631|80275176||BL_20631_20631_80275176_20250916_164716.pdf|
|20631|20631|80275322||BL_20631_20631_80275322_20250917_153432.pdf|
|20631|20631|80279940||BL_20631_20631_80279940_20251017_165115.pdf|
|20631|20631|80281972||BL_20631_20631_80281972_20251029_164039.pdf|
|20633|20633|80268215||BL_20633_20633_80268215_20250707_154605.pdf|
|20633|20633|80270265||BL_20633_20633_80270265_20250723_162100.pdf|
|20633|20633|80274057||BL_20633_20633_80274057_20250909_162540.pdf|
|20633|20633|80277271||BL_20633_20633_80277271_20250929_165806.pdf|
|20633|20633|80280512||BL_20633_20633_80280512_20251020_163857.pdf|
|20633|20633|80280900||BL_20633_20633_80280900_20251022_155321.pdf|
|20637|20637|80269436||BL_20637_20637_80269436_20250717_154950.pdf|
|20637|20637|80269839||BL_20637_20637_80269839_20250721_153116.pdf|
|20637|20637|80271540||BL_20637_20637_80271540_20250731_155022.pdf|
|20637|20637|80272041||BL_20637_20637_80272041_20250804_160329.pdf|
|20637|20637|80274451||BL_20637_20637_80274451_20250910_160948.pdf|
|20637|20637|80276293||BL_20637_20637_80276293_20250923_160407.pdf|
|20637|20637|80277551||BL_20637_20637_80277551_20250930_164233.pdf|
|20637|20637|80281009||BL_20637_20637_80281009_20251022_155558.pdf|
|20638|20638|80268960||BL_20638_20638_80268960_20250710_151933.pdf|
|20638|20638|80275926||BL_20638_20638_80275926_20250923_162342.pdf|
|20638|20638|80276275||BL_20638_20638_80276275_20250924_154835.pdf|
|20638|20638|80276525||BL_20638_20638_80276525_20250925_161912.pdf|
|20638|20638|80277162||BL_20638_20638_80277162_20250929_165510.pdf|
|20638|20638|80281269||BL_20638_20638_80281269_20251023_165323.pdf|
|20638|20638|80281366||BL_20638_20638_80281366_20251029_163134.pdf|
|20638|20638|80281702||BL_20638_20638_80281702_20251028_163320.pdf|
|20638|20638|80281870||BL_20638_20638_80281870_20251029_163416.pdf|
|20639|20639|80273489||BL_20639_20639_80273489_20250903_160535.pdf|
|20639|20639|80276514||BL_20639_20639_80276514_20250925_163633.pdf|
|20639|20639|80281192||BL_20639_20639_80281192_20251023_164643.pdf|
|20639|20639|80282897||BL_20639_20639_80282897_20251105_154944.pdf|
|20640|20640|80268506||BL_20640_20640_80268506_20250708_171142.pdf|
|20640|20640|80270809||BL_20640_20640_80270809_20250728_170558.pdf|
|20640|20640|80272961||BL_20640_20640_80272961_20250901_151713.pdf|
|20640|20640|80274215||BL_20640_20640_80274215_20250909_163009.pdf|
|20640|20640|80276039||BL_20640_20640_80276039_20250924_171721.pdf|
|20640|20640|80279937||BL_20640_20640_80279937_20251017_165054.pdf|
|20640|20640|80281211||BL_20640_20640_80281211_20251023_163131.pdf|
|20641|20641|80276911||BL_20641_20641_80276911_20250929_164842.pdf|
|20641|20641|80282274||BL_20641_20641_80282274_20251031_154956.pdf|
|20643|20643|80273389||BL_20643_20643_80273389_20250902_121802.pdf|
|20643|20643|80273704||BL_20643_20643_80273704_20250904_155357.pdf|
|20643|20643|80275579||BL_20643_20643_80275579_20250919_165134.pdf|
|20643|20643|80277147||BL_20643_20643_80277147_20250929_165536.pdf|
|20643|20643|80278552||BL_20643_20643_80278552_20251009_161723.pdf|
|20643|20643|80280396||BL_20643_20643_80280396_20251020_163611.pdf|
|20643|20643|80282135||BL_20643_20643_80282135_20251030_164824.pdf|
|20645|20645|80271058||BL_20645_20645_80271058_20250729_160538.pdf|
|20645|20645|80273105||BL_20645_20645_80273105_20250903_154703.pdf|
|20645|20645|80273470||BL_20645_20645_80273470_20250903_160312.pdf|
|20645|20645|80276371||BL_20645_20645_80276371_20250924_172220.pdf|
|20645|20645|80278944||BL_20645_20645_80278944_20251014_165229.pdf|
|20645|20645|80280471||BL_20645_20645_80280471_20251020_163709.pdf|
|20648|20648|80269479||BL_20648_20648_80269479_20250717_155359.pdf|
|20648|20648|80278071||BL_20648_20648_80278071_20251006_160840.pdf|
|20648|20648|80281536||BL_20648_20648_80281536_20251027_164938.pdf|
|20652|20652|80269750||BL_20652_20652_80269750_20250721_160139.pdf|
|20652|20652|80276279||BL_20652_20652_80276279_20250924_154811.pdf|
|20652|20652|80276488||BL_20652_20652_80276488_20250925_163421.pdf|
|20652|20652|80277086||BL_20652_20652_80277086_20250929_165344.pdf|
|20652|20652|80280640||BL_20652_20652_80280640_20251017_160210.pdf|
|20652|20652|80280762||BL_20652_20652_80280762_20251020_162045.pdf|
|20652|20652|80282882||BL_20652_20652_80282882_20251105_154901.pdf|
|20653|20653|80270512||BL_20653_20653_80270512_20250724_165653.pdf|
|20653|20653|80272013||BL_20653_20653_80272013_20250804_160224.pdf|
|20653|20653|80272154||BL_20653_20653_80272154_20250805_154713.pdf|
|20653|20653|80276601||BL_20653_20653_80276601_20250925_164523.pdf|
|20653|20653|80277571||BL_20653_20653_80277571_20250930_164319.pdf|
|20654|20654|80270271||BL_20654_20654_80270271_20250723_162052.pdf|
|20654|20654|80271007||BL_20654_20654_80271007_20250729_160527.pdf|
|20654|20654|80271260||BL_20654_20654_80271260_20250730_153631.pdf|
|20654|20654|80271618||BL_20654_20654_80271618_20250825_163906.pdf|
|20654|20654|80274651||BL_20654_20654_80274651_20250911_160659.pdf|
|20654|20654|80279963||BL_20654_20654_80279963_20251017_165452.pdf|
|20656|20656|80269480||BL_20656_20656_80269480_20250717_155353.pdf|
|20656|20656|80276523||BL_20656_20656_80276523_20250925_164103.pdf|
|20656|20656|80277148||BL_20656_20656_80277148_20250929_165534.pdf|
|20656|20656|80279150||BL_20656_20656_80279150_20251013_152230.pdf|
|20656|20656|80280397||BL_20656_20656_80280397_20251020_163612.pdf|
|20656|20656|80282121||BL_20656_20656_80282121_20251030_171046.pdf|
|20658|20658|80268237||BL_20658_20658_80268237_20250707_153732.pdf|
|20658|20658|80271680||BL_20658_20658_80271680_20250825_155406.pdf|
|20658|20658|80277715||BL_20658_20658_80277715_20251002_155006.pdf|
|20658|20658|80279077||BL_20658_20658_80279077_20251013_151910.pdf|
|20658|20658|80279484||BL_20658_20658_80279484_20251015_160143.pdf|
|20658|20658|80281565||BL_20658_20658_80281565_20251027_165232.pdf|
|20658|20658|80281698||BL_20658_20658_80281698_20251028_164956.pdf|
|20663|20663|80276524||BL_20663_20663_80276524_20250925_164054.pdf|
|20663|20663|80277137||BL_20663_20663_80277137_20250929_165443.pdf|
|20663|20663|80279111||BL_20663_20663_80279111_20251013_152052.pdf|
|20663|20663|80280385||BL_20663_20663_80280385_20251020_163521.pdf|
|20663|20663|80280930||BL_20663_20663_80280930_20251022_155639.pdf|
|20663|20663|80281057||BL_20663_20663_80281057_20251022_153210.pdf|
|20663|20663|80282488||BL_20663_20663_80282488_20251103_151631.pdf|
|20664|20664|80270246||BL_20664_20664_80270246_20250723_161950.pdf|
|20664|20664|80270405||BL_20664_20664_80270405_20250724_164646.pdf|
|20664|20664|80270447||BL_20664_20664_80270447_20250724_164959.pdf|
|20664|20664|80271382||BL_20664_20664_80271382_20250731_161831.pdf|
|20664|20664|80272614||BL_20664_20664_80272614_20250826_153239.pdf|
|20664|20664|80273703||BL_20664_20664_80273703_20250904_155413.pdf|
|20664|20664|80274534||BL_20664_20664_80274534_20250911_155106.pdf|
|20664|20664|80274920||BL_20664_20664_80274920_20250915_164711.pdf|
|20664|20664|80276878||BL_20664_20664_80276878_20250929_170910.pdf|
|20664|20664|80278593||BL_20664_20664_80278593_20251009_161921.pdf|
|20664|20664|80279861||BL_20664_20664_80279861_20251017_163551.pdf|
|20664|20664|80282914||BL_20664_20664_80282914_20251105_154918.pdf|
|20666|20666|80269042||BL_20666_20666_80269042_20250711_160641.pdf|
|20666|20666|80275611||BL_20666_20666_80275611_20250919_151636.pdf|
|20666|20666|80275762||BL_20666_20666_80275762_20250922_162257.pdf|
|20666|20666|80276862||BL_20666_20666_80276862_20250929_170549.pdf|
|20666|20666|80276962||BL_20666_20666_80276962_20250929_171214.pdf|
|20666|20666|80280361||BL_20666_20666_80280361_20251020_163439.pdf|
|20666|20666|80282159||BL_20666_20666_80282159_20251030_171532.pdf|
|20666|20666|80282364||BL_20666_20666_80282364_20251031_144659.pdf|
|20668|20668|80269012||BL_20668_20668_80269012_20250711_160509.pdf|
|20668|20668|80269336||BL_20668_20668_80269336_20250716_151657.pdf|
|20668|20668|80276748||BL_20668_20668_80276748_20250926_153840.pdf|
|20668|20668|80277118||BL_20668_20668_80277118_20250929_165401.pdf|
|20668|20668|80282479||BL_20668_20668_80282479_20251103_160544.pdf|
|20668|20668|80282827||BL_20668_20668_80282827_20251105_160311.pdf|
|20669|20669|80276471||BL_20669_20669_80276471_20250925_163242.pdf|
|20669|20669|80277077||BL_20669_20669_80277077_20250929_165251.pdf|
|20669|20669|80282317||BL_20669_20669_80282317_20251031_144618.pdf|
|20669|20669|80282545||BL_20669_20669_80282545_20251103_090242.pdf|
|20669|20669|80282890||BL_20669_20669_80282890_20251105_154848.pdf|
|20673|20673|80271543||BL_20673_20673_80271543_20250731_155014.pdf|
|20673|20673|80271643||BL_20673_20673_80271643_20250825_155044.pdf|
|20673|20673|80272039||BL_20673_20673_80272039_20250804_160333.pdf|
|20673|20673|80275466||BL_20673_20673_80275466_20250918_141745.pdf|
|20673|20673|80278444||BL_20673_20673_80278444_20251008_154926.pdf|
|20673|20673|80281179||BL_20673_20673_80281179_20251027_163202.pdf|
|20674|20674|80268445||BL_20674_20674_80268445_20250708_163119.pdf|
|20674|20674|80277612||BL_20674_20674_80277612_20251001_161639.pdf|
|20674|20674|80281291||BL_20674_20674_80281291_20251023_165213.pdf|
|20674|20674|80283344||BL_20674_20674_80283344_20251112_162027.pdf|
|20674|20674|80283666||BL_20674_20674_80283666_20251113_152013.pdf|
|20675|20675|80269844||BL_20675_20675_80269844_20250721_153241.pdf|
|20676|20676|80275440||BL_20676_20676_80275440_20250918_152601.pdf|
|20676|20676|80276991||BL_20676_20676_80276991_20250929_165044.pdf|
|20676|20676|80279025||BL_20676_20676_80279025_20251013_151939.pdf|
|20676|20676|80279856||BL_20676_20676_80279856_20251017_164953.pdf|
|20676|20676|80280258||BL_20676_20676_80280258_20251020_163245.pdf|
|20677|20677|80270654||BL_20677_20677_80270654_20250725_113055.pdf|
|20677|20677|80271801||BL_20677_20677_80271801_20250825_160425.pdf|
|20677|20677|80273511||BL_20677_20677_80273511_20250903_160723.pdf|
|20677|20677|80273862||BL_20677_20677_80273862_20250905_161141.pdf|
|20677|20677|80277247||BL_20677_20677_80277247_20250929_165733.pdf|
|20677|20677|80278763||BL_20677_20677_80278763_20251010_160604.pdf|
|20677|20677|80279039||BL_20677_20677_80279039_20251014_165459.pdf|
|20677|20677|80279446||BL_20677_20677_80279446_20251015_160125.pdf|
|20677|20677|80280410||BL_20677_20677_80280410_20251020_163552.pdf|
|20681|20681|80268816||BL_20681_20681_80268816_20250710_162239.pdf|
|20681|20681|80275600||BL_20681_20681_80275600_20250919_151623.pdf|
|20681|20681|80277766||BL_20681_20681_80277766_20251002_155500.pdf|
|20681|20681|80279191||BL_20681_20681_80279191_20251013_152409.pdf|
|20681|20681|80279720||BL_20681_20681_80279720_20251016_174251.pdf|
|20681|20681|80280366||BL_20681_20681_80280366_20251020_163432.pdf|
|20681|20681|80283358||BL_20681_20681_80283358_20251112_161901.pdf|
|20682|20682|80268211||BL_20682_20682_80268211_20250707_153140.pdf|
|20682|20682|80270475||BL_20682_20682_80270475_20250724_165201.pdf|
|20682|20682|80274274||BL_20682_20682_80274274_20250909_163853.pdf|
|20682|20682|80278272||BL_20682_20682_80278272_20251007_154840.pdf|
|20682|20682|80278357||BL_20682_20682_80278357_20251007_154947.pdf|
|20682|20682|80281820||BL_20682_20682_80281820_20251028_163940.pdf|
|20685|20685|80268202||BL_20685_20685_80268202_20250707_153125.pdf|
|20685|20685|80268544||BL_20685_20685_80268544_20250708_163315.pdf|
|20685|20685|80269585||BL_20685_20685_80269585_20250718_151659.pdf|
|20685|20685|80270998||BL_20685_20685_80270998_20250729_164630.pdf|
|20685|20685|80272002||BL_20685_20685_80272002_20250804_161715.pdf|
|20685|20685|80276606||BL_20685_20685_80276606_20250925_173458.pdf|
|20685|20685|80276767||BL_20685_20685_80276767_20250926_154013.pdf|
|20685|20685|80278259||BL_20685_20685_80278259_20251007_154732.pdf|
|20685|20685|80281341||BL_20685_20685_80281341_20251023_164022.pdf|
|20688|20688|80272042||BL_20688_20688_80272042_20250804_160453.pdf|
|20688|20688|80274443||BL_20688_20688_80274443_20250910_160630.pdf|
|20688|20688|80281014||BL_20688_20688_80281014_20251022_155925.pdf|
|20689|20689|80275538||BL_20689_20689_80275538_20250919_164807.pdf|
|20689|20689|80275539||BL_20689_20689_80275539_20250919_165117.pdf|
|20689|20689|80277142||BL_20689_20689_80277142_20250929_165434.pdf|
|20689|20689|80278955||BL_20689_20689_80278955_20251014_165136.pdf|
|20689|20689|80279511||BL_20689_20689_80279511_20251015_160247.pdf|
|20689|20689|80280390||BL_20689_20689_80280390_20251020_163513.pdf|
|20690|20690|80268418||BL_20690_20690_80268418_20250708_163153.pdf|
|20690|20690|80271689||BL_20690_20690_80271689_20250826_091542.pdf|
|20690|20690|80272755||BL_20690_20690_80272755_20250827_150313.pdf|
|20690|20690|80275598||BL_20690_20690_80275598_20250919_165505.pdf|
|20690|20690|80276831||BL_20690_20690_80276831_20250929_164734.pdf|
|20690|20690|80276970||BL_20690_20690_80276970_20250929_165007.pdf|
|20690|20690|80280365||BL_20690_20690_80280365_20251020_163433.pdf|
|20690|20690|80282682||BL_20690_20690_80282682_20251104_160555.pdf|
|20692|20692|80268462||BL_20692_20692_80268462_20250708_163233.pdf|
|20692|20692|80269474||BL_20692_20692_80269474_20250717_155434.pdf|
|20692|20692|80275599||BL_20692_20692_80275599_20250919_165454.pdf|
|20692|20692|80276971||BL_20692_20692_80276971_20250929_165006.pdf|
|20692|20692|80280367||BL_20692_20692_80280367_20251020_163430.pdf|
|20692|20692|80281537||BL_20692_20692_80281537_20251027_163440.pdf|
|20695|20695|80269009||BL_20695_20695_80269009_20250711_160542.pdf|
|20695|20695|80271466||BL_20695_20695_80271466_20250731_154807.pdf|
|20695|20695|80272894||BL_20695_20695_80272894_20250829_144703.pdf|
|20696|20696|80268811||BL_20696_20696_80268811_20250710_161837.pdf|
|20696|20696|80275554||BL_20696_20696_80275554_20250919_164957.pdf|
|20696|20696|80277151||BL_20696_20696_80277151_20250929_165529.pdf|
|20696|20696|80280400||BL_20696_20696_80280400_20251020_163617.pdf|
|20696|20696|80281406||BL_20696_20696_80281406_20251024_163214.pdf|
|20697|20697|80270981||BL_20697_20697_80270981_20250729_160145.pdf|
|20697|20697|80277492||BL_20697_20697_80277492_20250930_163705.pdf|
|20697|20697|80277830||BL_20697_20697_80277830_20251002_155737.pdf|
|20699|20699|80268403||BL_20699_20699_80268403_20250708_170304.pdf|
|20699|20699|80269615||BL_20699_20699_80269615_20250718_153244.pdf|
|20699|20699|80271723||BL_20699_20699_80271723_20250825_155728.pdf|
|20699|20699|80277449||BL_20699_20699_80277449_20250930_163202.pdf|
|20699|20699|80279494||BL_20699_20699_80279494_20251015_160252.pdf|
|20699|20699|80282920||BL_20699_20699_80282920_20251105_155015.pdf|
|20705|20705|80268690||BL_20705_20705_80268690_20250709_165123.pdf|
|20705|20705|80268865||BL_20705_20705_80268865_20250710_162620.pdf|
|20705|20705|80270283||BL_20705_20705_80270283_20250723_162203.pdf|
|20705|20705|80272274||BL_20705_20705_80272274_20250806_151658.pdf|
|20705|20705|80273288||BL_20705_20705_80273288_20250903_155524.pdf|
|20705|20705|80275464||BL_20705_20705_80275464_20250918_152757.pdf|
|20705|20705|80277811||BL_20705_20705_80277811_20251002_155819.pdf|
|20705|20705|80278819||BL_20705_20705_80278819_20251010_161018.pdf|
|20705|20705|80281209||BL_20705_20705_80281209_20251023_164716.pdf|
|20705|20705|80281959||BL_20705_20705_80281959_20251029_164154.pdf|
|20705|20705|80282492||BL_20705_20705_80282492_20251103_160920.pdf|
|20706|20706|80270793||BL_20706_20706_80270793_20250728_164809.pdf|
|20706|20706|80272124||BL_20706_20706_80272124_20250805_154635.pdf|
|20706|20706|80276902||BL_20706_20706_80276902_20250929_164901.pdf|
|20707|20707|80271042||BL_20707_20707_80271042_20250729_160626.pdf|
|20707|20707|80273912||BL_20707_20707_80273912_20250905_161542.pdf|
|20707|20707|80274176||BL_20707_20707_80274176_20250908_160326.pdf|
|20707|20707|80274547||BL_20707_20707_80274547_20250911_155345.pdf|
|20707|20707|80277253||BL_20707_20707_80277253_20250929_165834.pdf|
|20707|20707|80279739||BL_20707_20707_80279739_20251016_175051.pdf|
|20707|20707|80279907||BL_20707_20707_80279907_20251017_171810.pdf|
|20707|20707|80280417||BL_20707_20707_80280417_20251020_163601.pdf|
|20715|20715|80274761||BL_20715_20715_80274761_20250912_160703.pdf|
|20715|20715|80277198||BL_20715_20715_80277198_20250929_165629.pdf|
|20715|20715|80280334||BL_20715_20715_80280334_20251020_161658.pdf|
|20715|20715|80281143||BL_20715_20715_80281143_20251022_153302.pdf|
|20716|20716|80268245||BL_20716_20716_80268245_20250707_153655.pdf|
|20716|20716|80270480||BL_20716_20716_80270480_20250724_165613.pdf|
|20716|20716|80270939||BL_20716_20716_80270939_20250728_150321.pdf|
|20716|20716|80274208||BL_20716_20716_80274208_20250909_164447.pdf|
|20720|20720|80269302||BL_20720_20720_80269302_20250716_144608.pdf|
|20720|20720|80271210||BL_20720_20720_80271210_20250730_153457.pdf|
|20720|20720|80271879||BL_20720_20720_80271879_20250801_153111.pdf|
|20720|20720|80272813||BL_20720_20720_80272813_20250828_144720.pdf|
|20720|20720|80282267||BL_20720_20720_80282267_20251031_154750.pdf|
|20720|20720|80282268||BL_20720_20720_80282268_20251031_154802.pdf|
|20720|20720|80282839||BL_20720_20720_80282839_20251105_154748.pdf|
|20721|20721|80271378||BL_20721_20721_80271378_20250731_161839.pdf|
|20721|20721|80271788||BL_20721_20721_80271788_20250825_160221.pdf|
|20721|20721|80273170||BL_20721_20721_80273170_20250903_155217.pdf|
|20721|20721|80273697||BL_20721_20721_80273697_20250904_155445.pdf|
|20721|20721|80274327||BL_20721_20721_80274327_20250909_164939.pdf|
|20721|20721|80279168||BL_20721_20721_80279168_20251013_152317.pdf|
|20721|20721|80279706||BL_20721_20721_80279706_20251016_173959.pdf|
|20721|20721|80281206||BL_20721_20721_80281206_20251023_164655.pdf|
|20721|20721|80281712||BL_20721_20721_80281712_20251028_163542.pdf|
|20722|20722|80270460||BL_20722_20722_80270460_20250724_165340.pdf|
|20722|20722|80270941||BL_20722_20722_80270941_20250728_150314.pdf|
|20722|20722|80271231||BL_20722_20722_80271231_20250730_153551.pdf|
|20722|20722|80274857||BL_20722_20722_80274857_20250915_170642.pdf|
|20722|20722|80277049||BL_20722_20722_80277049_20250929_165229.pdf|
|20722|20722|80278786||BL_20722_20722_80278786_20251010_160444.pdf|
|20722|20722|80280326||BL_20722_20722_80280326_20251020_163400.pdf|
|20722|20722|80281766||BL_20722_20722_80281766_20251028_163751.pdf|
|20723|20723|80268798||BL_20723_20723_80268798_20250710_162026.pdf|
|20723|20723|80269036||BL_20723_20723_80269036_20250711_160730.pdf|
|20723|20723|80270648||BL_20723_20723_80270648_20250725_113105.pdf|
|20723|20723|80272055||BL_20723_20723_80272055_20250804_161911.pdf|
|20723|20723|80272824||BL_20723_20723_80272824_20250828_151724.pdf|
|20723|20723|80275560||BL_20723_20723_80275560_20250919_151606.pdf|
|20723|20723|80282438||BL_20723_20723_80282438_20251103_160212.pdf|
|20723|20723|80282881||BL_20723_20723_80282881_20251105_154902.pdf|
|20723|20723|80283370||BL_20723_20723_80283370_20251112_154643.pdf|
|20723|20723|80283647||BL_20723_20723_80283647_20251113_152036.pdf|
|20723|20723|80283762||BL_20723_20723_80283762_20251113_163108.pdf|
|20727|20727|80269020||BL_20727_20727_80269020_20250711_160420.pdf|
|20727|20727|80276480||BL_20727_20727_80276480_20250925_180344.pdf|
|20727|20727|80277073||BL_20727_20727_80277073_20250929_165256.pdf|
|20727|20727|80279482||BL_20727_20727_80279482_20251015_160146.pdf|
|20727|20727|80281811||BL_20727_20727_80281811_20251028_165312.pdf|
|20727|20727|80282895||BL_20727_20727_80282895_20251105_154947.pdf|
|20728|20728|80268540||BL_20728_20728_80268540_20250708_163318.pdf|
|20728|20728|80269665||BL_20728_20728_80269665_20250718_153832.pdf|
|20728|20728|80270303||BL_20728_20728_80270303_20250723_162310.pdf|
|20728|20728|80271617||BL_20728_20728_80271617_20250825_154943.pdf|
|20728|20728|80272163||BL_20728_20728_80272163_20250825_164016.pdf|
|20728|20728|80272392||BL_20728_20728_80272392_20250825_160651.pdf|
|20728|20728|80272786||BL_20728_20728_80272786_20250827_161554.pdf|
|20728|20728|80272859||BL_20728_20728_80272859_20250828_154559.pdf|
|20728|20728|80273412||BL_20728_20728_80273412_20250903_143147.pdf|
|20728|20728|80274207||BL_20728_20728_80274207_20250908_163629.pdf|
|20728|20728|80276757||BL_20728_20728_80276757_20250926_153720.pdf|
|20728|20728|80278187||BL_20728_20728_80278187_20251007_154721.pdf|
|20728|20728|80278945||BL_20728_20728_80278945_20251013_164819.pdf|
|20728|20728|80279662||BL_20728_20728_80279662_20251016_173641.pdf|
|20728|20728|80281033||BL_20728_20728_80281033_20251022_155757.pdf|
|20728|20728|80283527||BL_20728_20728_80283527_20251113_154711.pdf|
|20729|20729|80270060||BL_20729_20729_80270060_20250722_171026.pdf|
|20729|20729|80277626||BL_20729_20729_80277626_20251001_161802.pdf|
|20730|20730|80280830||BL_20730_20730_80280830_20251022_154821.pdf|
|20730|20730|80281346||BL_20730_20730_80281346_20251023_165343.pdf|
|20731|20731|80268408||BL_20731_20731_80268408_20250709_170246.pdf|
|20731|20731|80268611||BL_20731_20731_80268611_20250709_170257.pdf|
|20731|20731|80268957||BL_20731_20731_80268957_20250710_151929.pdf|
|20731|20731|80270258||BL_20731_20731_80270258_20250723_162119.pdf|
|20731|20731|80270458||BL_20731_20731_80270458_20250724_161712.pdf|
|20731|20731|80273005||BL_20731_20731_80273005_20250901_151612.pdf|
|20731|20731|80274330||BL_20731_20731_80274330_20250909_164226.pdf|
|20731|20731|80276561||BL_20731_20731_80276561_20250925_161951.pdf|
|20731|20731|80277309||BL_20731_20731_80277309_20250929_165919.pdf|
|20731|20731|80278720||BL_20731_20731_80278720_20251013_170133.pdf|
|20731|20731|80278747||BL_20731_20731_80278747_20251010_160300.pdf|
|20731|20731|80279160||BL_20731_20731_80279160_20251013_152338.pdf|
|20731|20731|80280538||BL_20731_20731_80280538_20251020_163930.pdf|
|20731|20731|80280875||BL_20731_20731_80280875_20251021_164643.pdf|
|20732|20732|80275107||BL_20732_20732_80275107_20250916_163822.pdf|
|20732|20732|80280891||BL_20732_20732_80280891_20251022_155428.pdf|
|20733|20733|80283610||BL_20733_20733_80283610_20251113_155336.pdf|
|20734|20734|80271369||BL_20734_20734_80271369_20250731_161952.pdf|
|20734|20734|80277761||BL_20734_20734_80277761_20251002_151830.pdf|
|20734|20734|80278043||BL_20734_20734_80278043_20251006_154744.pdf|
|20734|20734|80278239||BL_20734_20734_80278239_20251007_154802.pdf|
|20734|20734|80281386||BL_20734_20734_80281386_20251024_170227.pdf|
|20736|20736|80268632||BL_20736_20736_80268632_20250709_164755.pdf|
|20736|20736|80269988||BL_20736_20736_80269988_20250722_161652.pdf|
|20736|20736|80270936||BL_20736_20736_80270936_20250728_150326.pdf|
|20736|20736|80271194||BL_20736_20736_80271194_20250730_153341.pdf|
|20736|20736|80272868||BL_20736_20736_80272868_20250829_144621.pdf|
|20736|20736|80275562||BL_20736_20736_80275562_20250919_164853.pdf|
|20737|20737|80271178||BL_20737_20737_80271178_20250730_153231.pdf|
|20737|20737|80278785||BL_20737_20737_80278785_20251010_160452.pdf|
|20737|20737|80281093||BL_20737_20737_80281093_20251022_153233.pdf|
|20737|20737|80281586||BL_20737_20737_80281586_20251027_163712.pdf|
|20737|20737|80283616||BL_20737_20737_80283616_20251113_155300.pdf|
|20738|20738|80268511||BL_20738_20738_80268511_20250708_171121.pdf|
|20738|20738|80268916||BL_20738_20738_80268916_20250710_162940.pdf|
|20738|20738|80275722||BL_20738_20738_80275722_20250922_161812.pdf|
|20738|20738|80275984||BL_20738_20738_80275984_20250923_160350.pdf|
|20738|20738|80280812||BL_20738_20738_80280812_20251022_154934.pdf|
|20739|20739|80269980||BL_20739_20739_80269980_20250722_170218.pdf|
|20739|20739|80281508||BL_20739_20739_80281508_20251027_164717.pdf|
|20739|20739|80282857||BL_20739_20739_80282857_20251105_154831.pdf|
|20741|20741|80274626||BL_20741_20741_80274626_20250911_160604.pdf|
|20744|20744|80275789||BL_20744_20744_80275789_20250922_162418.pdf|
|20744|20744|80276886||BL_20744_20744_80276886_20250929_170810.pdf|
|20744|20744|80282138||BL_20744_20744_80282138_20251030_171405.pdf|
|20744|20744|80282910||BL_20744_20744_80282910_20251105_154924.pdf|
|20745|20745|80274799||BL_20745_20745_80274799_20250912_153218.pdf|
|20746|20746|80268672||BL_20746_20746_80268672_20250709_164915.pdf|
|20746|20746|80270169||BL_20746_20746_80270169_20250722_171422.pdf|
|20746|20746|80270274||BL_20746_20746_80270274_20250723_162045.pdf|
|20746|20746|80270387||BL_20746_20746_80270387_20250723_162525.pdf|
|20746|20746|80272351||BL_20746_20746_80272351_20250807_154840.pdf|
|20746|20746|80274095||BL_20746_20746_80274095_20250909_162748.pdf|
|20746|20746|80275868||BL_20746_20746_80275868_20250923_150239.pdf|
|20746|20746|80277567||BL_20746_20746_80277567_20250930_164326.pdf|
|20746|20746|80282280||BL_20746_20746_80282280_20251031_154912.pdf|
|20746|20746|80282542||BL_20746_20746_80282542_20251103_161345.pdf|
|20746|20746|80282716||BL_20746_20746_80282716_20251104_153201.pdf|
|20748|20748|80268802||BL_20748_20748_80268802_20250710_161956.pdf|
|20748|20748|80271694||BL_20748_20748_80271694_20250825_155622.pdf|
|20748|20748|80272758||BL_20748_20748_80272758_20250827_150307.pdf|
|20748|20748|80277706||BL_20748_20748_80277706_20251002_151925.pdf|
|20748|20748|80282493||BL_20748_20748_80282493_20251103_160911.pdf|
|20753|20753|80274527||BL_20753_20753_80274527_20250911_155209.pdf|
|20753|20753|80277307||BL_20753_20753_80277307_20250929_165922.pdf|
|20753|20753|80280522||BL_20753_20753_80280522_20251020_163842.pdf|
|20753|20753|80281286||BL_20753_20753_80281286_20251023_165225.pdf|
|20753|20753|80282200||BL_20753_20753_80282200_20251030_171620.pdf|
|20753|20753|80283620||BL_20753_20753_80283620_20251113_151930.pdf|
|20754|20754|80270483||BL_20754_20754_80270483_20250724_165542.pdf|
|20754|20754|80276759||BL_20754_20754_80276759_20250926_153648.pdf|
|20756|20756|80270918||BL_20756_20756_80270918_20250728_165905.pdf|
|20756|20756|80274133||BL_20756_20756_80274133_20250909_162641.pdf|
|20756|20756|80274429||BL_20756_20756_80274429_20250910_160749.pdf|
|20756|20756|80277281||BL_20756_20756_80277281_20250929_165858.pdf|
|20756|20756|80280444||BL_20756_20756_80280444_20251020_163630.pdf|
|20756|20756|80283569||BL_20756_20756_80283569_20251113_151839.pdf|
|20757|20757|80268914||BL_20757_20757_80268914_20250710_162944.pdf|
|20757|20757|80269055||BL_20757_20757_80269055_20250711_160930.pdf|
|20757|20757|80270828||BL_20757_20757_80270828_20250728_173441.pdf|
|20757|20757|80271256||BL_20757_20757_80271256_20250730_153502.pdf|
|20757|20757|80271571||BL_20757_20757_80271571_20250825_154711.pdf|
|20757|20757|80276760||BL_20757_20757_80276760_20250926_153641.pdf|
|20757|20757|80282273||BL_20757_20757_80282273_20251031_155001.pdf|
|20757|20757|80282544||BL_20757_20757_80282544_20251103_151822.pdf|
|20759|20759|80269015||BL_20759_20759_80269015_20250711_160448.pdf|
|20759|20759|80275970||BL_20759_20759_80275970_20250923_162515.pdf|
|20759|20759|80277471||BL_20759_20759_80277471_20250930_163402.pdf|
|20759|20759|80283365||BL_20759_20759_80283365_20251112_162258.pdf|
|20759|20759|80283761||BL_20759_20759_80283761_20251113_163107.pdf|
|20765|20765|80270802||BL_20765_20765_80270802_20250728_165049.pdf|
|20765|20765|80271250||BL_20765_20765_80271250_20250730_153513.pdf|
|20765|20765|80271585||BL_20765_20765_80271585_20250825_154904.pdf|
|20765|20765|80272137||BL_20765_20765_80272137_20250805_154619.pdf|
|20765|20765|80277943||BL_20765_20765_80277943_20251003_163242.pdf|
|20765|20765|80281514||BL_20765_20765_80281514_20251027_164849.pdf|
|20765|20765|80282410||BL_20765_20765_80282410_20251103_151751.pdf|
|20766|20766|80268311||BL_20766_20766_80268311_20250707_154153.pdf|
|20766|20766|80271881||BL_20766_20766_80271881_20250801_153541.pdf|
|20766|20766|80272722||BL_20766_20766_80272722_20250827_150251.pdf|
|20766|20766|80274772||BL_20766_20766_80274772_20250912_161123.pdf|
|20766|20766|80275079||BL_20766_20766_80275079_20250915_164853.pdf|
|20766|20766|80277016||BL_20766_20766_80277016_20250929_165216.pdf|
|20766|20766|80280543||BL_20766_20766_80280543_20251020_163937.pdf|
|20766|20766|80280996||BL_20766_20766_80280996_20251024_163130.pdf|
|20770|20770|80270317||BL_20770_20770_80270317_20250723_162220.pdf|
|20770|20770|80270815||BL_20770_20770_80270815_20250728_164953.pdf|
|20770|20770|80272120||BL_20770_20770_80272120_20250805_154641.pdf|
|20770|20770|80274642||BL_20770_20770_80274642_20250911_160808.pdf|
|20770|20770|80274806||BL_20770_20770_80274806_20250912_161251.pdf|
|20770|20770|80275047||BL_20770_20770_80275047_20250916_163219.pdf|
|20770|20770|80275271||BL_20770_20770_80275271_20250916_141609.pdf|
|20770|20770|80275323||BL_20770_20770_80275323_20250916_153111.pdf|
|20770|20770|80275359||BL_20770_20770_80275359_20250917_153747.pdf|
|20770|20770|80278360||BL_20770_20770_80278360_20251007_154943.pdf|
|20770|20770|80280717||BL_20770_20770_80280717_20251021_163638.pdf|
|20770|20770|80282447||BL_20770_20770_80282447_20251103_160439.pdf|
|20774|20774|80270601||BL_20774_20774_80270601_20250725_120325.pdf|
|20774|20774|80275583||BL_20774_20774_80275583_20250919_165642.pdf|
|20774|20774|80281574||BL_20774_20774_80281574_20251027_165418.pdf|
|20778|20778|80269181||BL_20778_20778_80269181_20250715_160245.pdf|
|20778|20778|80270293||BL_20778_20778_80270293_20250723_162144.pdf|
|20778|20778|80274773||BL_20778_20778_80274773_20250912_161112.pdf|
|20778|20778|80281226||BL_20778_20778_80281226_20251023_164753.pdf|
|20780|20780|80275130||BL_20780_20780_80275130_20250916_164108.pdf|
|20780|20780|80276950||BL_20780_20780_80276950_20250929_164929.pdf|
|20780|20780|80280232||BL_20780_20780_80280232_20251020_163214.pdf|
|20780|20780|80282202||BL_20780_20780_80282202_20251030_171610.pdf|
|20780|20780|80282243||BL_20780_20780_80282243_20251030_165150.pdf|
|20781|20781|80269963||BL_20781_20781_80269963_20250722_161656.pdf|
|20781|20781|80271419||BL_20781_20781_80271419_20250731_162413.pdf|
|20781|20781|80272104||BL_20781_20781_80272104_20250806_154714.pdf|
|20781|20781|80274584||BL_20781_20781_80274584_20250911_162835.pdf|
|20781|20781|80277222||BL_20781_20781_80277222_20250929_165702.pdf|
|20781|20781|80280531||BL_20781_20781_80280531_20251020_163831.pdf|
|20781|20781|80280885||BL_20781_20781_80280885_20251021_155502.pdf|
|20781|20781|80281137||BL_20781_20781_80281137_20251022_153314.pdf|
|20781|20781|80281590||BL_20781_20781_80281590_20251027_165313.pdf|
|20781|20781|80281796||BL_20781_20781_80281796_20251028_163545.pdf|
|20783|20783|80274601||BL_20783_20783_80274601_20250911_160124.pdf|
|20783|20783|80283597||BL_20783_20783_80283597_20251113_151800.pdf|
|20785|20785|80270958||BL_20785_20785_80270958_20250728_170144.pdf|
|20785|20785|80271472||BL_20785_20785_80271472_20250731_154948.pdf|
|20785|20785|80272056||BL_20785_20785_80272056_20250804_161909.pdf|
|20785|20785|80273108||BL_20785_20785_80273108_20250903_154711.pdf|
|20785|20785|80277928||BL_20785_20785_80277928_20251003_162327.pdf|
|20785|20785|80278897||BL_20785_20785_80278897_20251014_164713.pdf|
|20786|20786|80269215||BL_20786_20786_80269215_20250715_160738.pdf|
|20786|20786|80271814||BL_20786_20786_80271814_20250825_160314.pdf|
|20786|20786|80273214||BL_20786_20786_80273214_20250903_155010.pdf|
|20786|20786|80276562||BL_20786_20786_80276562_20250925_163913.pdf|
|20786|20786|80277019||BL_20786_20786_80277019_20250929_165211.pdf|
|20786|20786|80278770||BL_20786_20786_80278770_20251010_163202.pdf|
|20786|20786|80279156||BL_20786_20786_80279156_20251013_152349.pdf|
|20786|20786|80280545||BL_20786_20786_80280545_20251020_163940.pdf|
|20787|20787|80269047||BL_20787_20787_80269047_20250711_161019.pdf|
|20787|20787|80270801||BL_20787_20787_80270801_20250728_165114.pdf|
|20787|20787|80271249||BL_20787_20787_80271249_20250730_153516.pdf|
|20787|20787|80271572||BL_20787_20787_80271572_20250825_154710.pdf|
|20787|20787|80274230||BL_20787_20787_80274230_20250909_163311.pdf|
|20787|20787|80277775||BL_20787_20787_80277775_20251002_151814.pdf|
|20787|20787|80277960||BL_20787_20787_80277960_20251003_163255.pdf|
|20787|20787|80278725||BL_20787_20787_80278725_20251010_161700.pdf|
|20787|20787|80278856||BL_20787_20787_80278856_20251010_161736.pdf|
|20787|20787|80281550||BL_20787_20787_80281550_20251027_163606.pdf|
|20787|20787|80281623||BL_20787_20787_80281623_20251027_163828.pdf|
|20787|20787|80283235||BL_20787_20787_80283235_20251107_143156.pdf|
|20788|20788|80270964||BL_20788_20788_80270964_20250728_150434.pdf|
|20788|20788|80274753||BL_20788_20788_80274753_20250912_160757.pdf|
|20788|20788|80277017||BL_20788_20788_80277017_20250929_165215.pdf|
|20788|20788|80278768||BL_20788_20788_80278768_20251010_163150.pdf|
|20788|20788|80280544||BL_20788_20788_80280544_20251020_163939.pdf|
|20789|20789|80270662||BL_20789_20789_80270662_20250725_121003.pdf|
|20789|20789|80274280||BL_20789_20789_80274280_20250909_163806.pdf|
|20789|20789|80275142||BL_20789_20789_80275142_20250916_154640.pdf|
|20789|20789|80282134||BL_20789_20789_80282134_20251030_171426.pdf|
|20790|20790|80270800||BL_20790_20790_80270800_20250728_150135.pdf|
|20790|20790|80277518||BL_20790_20790_80277518_20250930_163936.pdf|
|20790|20790|80277827||BL_20790_20790_80277827_20251002_155742.pdf|
|20790|20790|80283339||BL_20790_20790_80283339_20251112_161732.pdf|
|20796|20796|80271363||BL_20796_20796_80271363_20250731_154647.pdf|
|20796|20796|80271983||BL_20796_20796_80271983_20250804_160327.pdf|
|20796|20796|80272129||BL_20796_20796_80272129_20250805_154627.pdf|
|20796|20796|80282100||BL_20796_20796_80282100_20251030_170754.pdf|
|20797|20797|80274405||BL_20797_20797_80274405_20250910_160413.pdf|
|20797|20797|80274590||BL_20797_20797_80274590_20250911_160208.pdf|
|20797|20797|80277223||BL_20797_20797_80277223_20250929_165700.pdf|
|20797|20797|80278437||BL_20797_20797_80278437_20251008_154712.pdf|
|20797|20797|80280532||BL_20797_20797_80280532_20251020_163829.pdf|
|20797|20797|80281077||BL_20797_20797_80281077_20251022_153126.pdf|
|20798|20798|80272027||BL_20798_20798_80272027_20250804_160358.pdf|
|20798|20798|80276755||BL_20798_20798_80276755_20250926_153744.pdf|
|20798|20798|80282092||BL_20798_20798_80282092_20251030_170900.pdf|
|20799|20799|80270642||BL_20799_20799_80270642_20250725_120739.pdf|
|20799|20799|80273869||BL_20799_20799_80273869_20250905_154603.pdf|
|20799|20799|80277743||BL_20799_20799_80277743_20251002_155246.pdf|
|20799|20799|80277908||BL_20799_20799_80277908_20251003_161641.pdf|
|20799|20799|80278581||BL_20799_20799_80278581_20251009_154651.pdf|
|20799|20799|80279199||BL_20799_20799_80279199_20251013_152516.pdf|
|20799|20799|80279459||BL_20799_20799_80279459_20251015_160218.pdf|
|20799|20799|80279870||BL_20799_20799_80279870_20251017_171733.pdf|
|20799|20799|80280230||BL_20799_20799_80280230_20251020_163217.pdf|
|20799|20799|80281685||BL_20799_20799_80281685_20251028_164739.pdf|
|20800|20800|80268903||BL_20800_20800_80268903_20250710_162706.pdf|
|20800|20800|80274031||BL_20800_20800_80274031_20250909_161912.pdf|
|20800|20800|80282089||BL_20800_20800_80282089_20251030_170423.pdf|
|20805|20805|80270839||BL_20805_20805_80270839_20250728_150247.pdf|
|20805|20805|80272981||BL_20805_20805_80272981_20250901_153724.pdf|
|20805|20805|80278878||BL_20805_20805_80278878_20251014_164832.pdf|
|20809|20809|80269760||BL_20809_20809_80269760_20250721_160426.pdf|
|20809|20809|80271196||BL_20809_20809_80271196_20250730_153337.pdf|
|20809|20809|80274546||BL_20809_20809_80274546_20250911_155355.pdf|
|20809|20809|80278053||BL_20809_20809_80278053_20251006_161052.pdf|
|20809|20809|80279309||BL_20809_20809_80279309_20251015_163232.pdf|
|20809|20809|80282817||BL_20809_20809_80282817_20251105_154804.pdf|
|20810|20810|80269511||BL_20810_20810_80269511_20250717_174655.pdf|
|20810|20810|80269759||BL_20810_20810_80269759_20250721_160431.pdf|
|20810|20810|80271733||BL_20810_20810_80271733_20250825_155649.pdf|
|20810|20810|80275726||BL_20810_20810_80275726_20250922_161751.pdf|
|20810|20810|80278197||BL_20810_20810_80278197_20251007_160319.pdf|
|20810|20810|80278892||BL_20810_20810_80278892_20251014_164744.pdf|
|20810|20810|80281090||BL_20810_20810_80281090_20251022_153239.pdf|
|20810|20810|80282785||BL_20810_20810_80282785_20251105_154653.pdf|
|20811|20811|80271824||BL_20811_20811_80271824_20250825_160540.pdf|
|20811|20811|80274730||BL_20811_20811_80274730_20250912_160518.pdf|
|20811|20811|80276999||BL_20811_20811_80276999_20250929_165136.pdf|
|20811|20811|80279465||BL_20811_20811_80279465_20251015_161754.pdf|
|20811|20811|80280289||BL_20811_20811_80280289_20251020_163327.pdf|
|20811|20811|80281404||BL_20811_20811_80281404_20251024_170519.pdf|
|20815|20815|80270713||BL_20815_20815_80270713_20250725_121254.pdf|
|20815|20815|80282106||BL_20815_20815_80282106_20251030_164928.pdf|
|20816|20816|80270957||BL_20816_20816_80270957_20250728_150448.pdf|
|20816|20816|80274345||BL_20816_20816_80274345_20250909_164328.pdf|
|20816|20816|80282444||BL_20816_20816_80282444_20251103_160501.pdf|
|20816|20816|80282861||BL_20816_20816_80282861_20251105_154824.pdf|
|20817|20817|80275557||BL_20817_20817_80275557_20250919_164926.pdf|
|20817|20817|80277155||BL_20817_20817_80277155_20250929_165522.pdf|
|20817|20817|80280406||BL_20817_20817_80280406_20251020_163626.pdf|
|20819|20819|80269069||BL_20819_20819_80269069_20250711_161120.pdf|
|20819|20819|80275889||BL_20819_20819_80275889_20250923_161902.pdf|
|20819|20819|80283511||BL_20819_20819_80283511_20251113_154802.pdf|
|20820|20820|80273320||BL_20820_20820_80273320_20250903_155742.pdf|
|20820|20820|80273435||BL_20820_20820_80273435_20250903_155824.pdf|
|20820|20820|80275059||BL_20820_20820_80275059_20250916_163504.pdf|
|20820|20820|80276303||BL_20820_20820_80276303_20250924_172243.pdf|
|20820|20820|80277544||BL_20820_20820_80277544_20250930_164221.pdf|
|20820|20820|80278368||BL_20820_20820_80278368_20251007_155008.pdf|
|20820|20820|80279547||BL_20820_20820_80279547_20251015_161945.pdf|
|20820|20820|80281460||BL_20820_20820_80281460_20251024_171204.pdf|
|20821|20821|80273964||BL_20821_20821_80273964_20250905_154712.pdf|
|20821|20821|80278534||BL_20821_20821_80278534_20251009_154615.pdf|
|20826|20826|80268405||BL_20826_20826_80268405_20250708_141625.pdf|
|20826|20826|80269611||BL_20826_20826_80269611_20250718_153312.pdf|
|20826|20826|80269998||BL_20826_20826_80269998_20250722_170435.pdf|
|20826|20826|80272913||BL_20826_20826_80272913_20250829_144843.pdf|
|20826|20826|80274877||BL_20826_20826_80274877_20250915_170910.pdf|
|20826|20826|80276283||BL_20826_20826_80276283_20250924_153110.pdf|
|20826|20826|80276521||BL_20826_20826_80276521_20250925_161918.pdf|
|20826|20826|80277094||BL_20826_20826_80277094_20250929_165331.pdf|
|20826|20826|80278759||BL_20826_20826_80278759_20251010_161632.pdf|
|20826|20826|80279141||BL_20826_20826_80279141_20251013_152252.pdf|
|20826|20826|80280912||BL_20826_20826_80280912_20251022_155247.pdf|
|20826|20826|80281003||BL_20826_20826_80281003_20251024_163159.pdf|
|20826|20826|80281707||BL_20826_20826_80281707_20251028_163326.pdf|
|20828|20828|80270030||BL_20828_20828_80270030_20250722_170529.pdf|
|20828|20828|80275556||BL_20828_20828_80275556_20250919_164945.pdf|
|20828|20828|80277156||BL_20828_20828_80277156_20250929_165520.pdf|
|20828|20828|80278911||BL_20828_20828_80278911_20251014_165027.pdf|
|20828|20828|80280382||BL_20828_20828_80280382_20251020_163525.pdf|
|20828|20828|80281442||BL_20828_20828_80281442_20251024_170850.pdf|
|20830|20830|80270053||BL_20830_20830_80270053_20250722_170757.pdf|
|20830|20830|80270284||BL_20830_20830_80270284_20250723_162159.pdf|
|20830|20830|80270703||BL_20830_20830_80270703_20250725_121336.pdf|
|20830|20830|80274660||BL_20830_20830_80274660_20250911_161022.pdf|
|20830|20830|80278541||BL_20830_20830_80278541_20251009_161801.pdf|
|20830|20830|80279401||BL_20830_20830_80279401_20251014_170206.pdf|
|20830|20830|80281567||BL_20830_20830_80281567_20251027_163653.pdf|
|20830|20830|80283407||BL_20830_20830_80283407_20251112_162403.pdf|
|20832|20832|80269461||BL_20832_20832_80269461_20250717_155119.pdf|
|20832|20832|80272964||BL_20832_20832_80272964_20250901_153450.pdf|
|20832|20832|80273655||BL_20832_20832_80273655_20250905_160510.pdf|
|20832|20832|80275910||BL_20832_20832_80275910_20250923_162109.pdf|
|20832|20832|80277259||BL_20832_20832_80277259_20250929_165824.pdf|
|20832|20832|80279863||BL_20832_20832_80279863_20251017_163511.pdf|
|20832|20832|80280424||BL_20832_20832_80280424_20251020_163651.pdf|
|20833|20833|80269651||BL_20833_20833_80269651_20250718_153623.pdf|
|20833|20833|80273206||BL_20833_20833_80273206_20250902_170533.pdf|
|20833|20833|80279362||BL_20833_20833_80279362_20251014_170117.pdf|
|20833|20833|80280923||BL_20833_20833_80280923_20251021_155547.pdf|
|20833|20833|80281056||BL_20833_20833_80281056_20251022_153208.pdf|
|20833|20833|80282799||BL_20833_20833_80282799_20251105_154723.pdf|
|20833|20833|80283412||BL_20833_20833_80283412_20251112_154706.pdf|
|20839|20839|80268670||BL_20839_20839_80268670_20250709_164936.pdf|
|20839|20839|80269691||BL_20839_20839_80269691_20250718_151724.pdf|
|20839|20839|80269862||BL_20839_20839_80269862_20250721_153229.pdf|
|20839|20839|80275228||BL_20839_20839_80275228_20250916_165045.pdf|
|20839|20839|80275491||BL_20839_20839_80275491_20250918_150309.pdf|
|20839|20839|80278001||BL_20839_20839_80278001_20251003_162527.pdf|
|20839|20839|80278252||BL_20839_20839_80278252_20251007_154745.pdf|
|20839|20839|80283156||BL_20839_20839_80283156_20251106_154804.pdf|
|20840|20840|80275168||BL_20840_20840_80275168_20250916_164226.pdf|
|20840|20840|80276960||BL_20840_20840_80276960_20250929_165031.pdf|
|20840|20840|80277729||BL_20840_20840_80277729_20251002_154840.pdf|
|20840|20840|80280244||BL_20840_20840_80280244_20251020_163259.pdf|
|20840|20840|80282635||BL_20840_20840_80282635_20251104_160207.pdf|
|20840|20840|80283625||BL_20840_20840_80283625_20251113_151938.pdf|
|20845|20845|80268575||BL_20845_20845_80268575_20250708_163309.pdf|
|20845|20845|80282557||BL_20845_20845_80282557_20251103_161254.pdf|
|20847|20847|80270315||BL_20847_20847_80270315_20250723_162233.pdf|
|20847|20847|80272982||BL_20847_20847_80272982_20250901_153714.pdf|
|20847|20847|80274305||BL_20847_20847_80274305_20250909_165003.pdf|
|20852|20852|80283399||BL_20852_20852_80283399_20251112_162435.pdf|
|20854|20854|80270277||BL_20854_20854_80270277_20250723_162033.pdf|
|20854|20854|80273327||BL_20854_20854_80273327_20250902_171024.pdf|
|20854|20854|80273924||BL_20854_20854_80273924_20250905_161918.pdf|
|20854|20854|80277950||BL_20854_20854_80277950_20251003_162502.pdf|
|20854|20854|80278803||BL_20854_20854_80278803_20251010_160723.pdf|
|20854|20854|80280801||BL_20854_20854_80280801_20251022_154720.pdf|
|20855|20855|80275555||BL_20855_20855_80275555_20250919_161645.pdf|
|20855|20855|80277157||BL_20855_20855_80277157_20250929_165519.pdf|
|20855|20855|80280358||BL_20855_20855_80280358_20251020_163443.pdf|
|20856|20856|80273923||BL_20856_20856_80273923_20250905_161926.pdf|
|20856|20856|80274633||BL_20856_20856_80274633_20250911_160501.pdf|
|20856|20856|80278809||BL_20856_20856_80278809_20251010_161047.pdf|
|20857|20857|80268787||BL_20857_20857_80268787_20250710_161827.pdf|
|20857|20857|80270222||BL_20857_20857_80270222_20250723_161853.pdf|
|20857|20857|80274016||BL_20857_20857_80274016_20250909_161949.pdf|
|20857|20857|80274317||BL_20857_20857_80274317_20250909_163929.pdf|
|20857|20857|80277276||BL_20857_20857_80277276_20250929_165906.pdf|
|20857|20857|80280439||BL_20857_20857_80280439_20251020_163638.pdf|
|20857|20857|80281495||BL_20857_20857_80281495_20251028_163313.pdf|
|20858|20858|80273751||BL_20858_20858_80273751_20250904_160107.pdf|
|20858|20858|80278810||BL_20858_20858_80278810_20251010_161040.pdf|
|20859|20859|80270979||BL_20859_20859_80270979_20250729_160130.pdf|
|20859|20859|80272277||BL_20859_20859_80272277_20250806_151703.pdf|
|20859|20859|80282095||BL_20859_20859_80282095_20251030_170829.pdf|
|20860|20860|80268404||BL_20860_20860_80268404_20250708_170301.pdf|
|20860|20860|80270226||BL_20860_20860_80270226_20250723_161832.pdf|
|20860|20860|80271686||BL_20860_20860_80271686_20250825_163937.pdf|
|20860|20860|80274337||BL_20860_20860_80274337_20250909_164854.pdf|
|20860|20860|80274931||BL_20860_20860_80274931_20250915_164655.pdf|
|20860|20860|80277204||BL_20860_20860_80277204_20250929_165619.pdf|
|20860|20860|80280570||BL_20860_20860_80280570_20251020_164017.pdf|
|20860|20860|80281756||BL_20860_20860_80281756_20251028_164803.pdf|
|20860|20860|80282170||BL_20860_20860_80282170_20251030_171500.pdf|
|20861|20861|80273193||BL_20861_20861_80273193_20250902_170616.pdf|
|20861|20861|80274393||BL_20861_20861_80274393_20250910_154822.pdf|
|20861|20861|80277233||BL_20861_20861_80277233_20250929_165753.pdf|
|20861|20861|80278935||BL_20861_20861_80278935_20251014_165306.pdf|
|20861|20861|80280598||BL_20861_20861_80280598_20251020_164107.pdf|
|20862|20862|80269618||BL_20862_20862_80269618_20250718_151635.pdf|
|20862|20862|80272730||BL_20862_20862_80272730_20250827_150205.pdf|
|20862|20862|80275788||BL_20862_20862_80275788_20250922_162423.pdf|
|20862|20862|80278089||BL_20862_20862_80278089_20251006_161136.pdf|
|20862|20862|80278558||BL_20862_20862_80278558_20251009_161700.pdf|
|20862|20862|80279107||BL_20862_20862_80279107_20251013_152103.pdf|
|20862|20862|80280353||BL_20862_20862_80280353_20251020_163446.pdf|
|20862|20862|80282476||BL_20862_20862_80282476_20251103_151633.pdf|
|20864|20864|80269038||BL_20864_20864_80269038_20250711_160716.pdf|
|20864|20864|80281410||BL_20864_20864_80281410_20251024_170433.pdf|
|20868|20868|80269219||BL_20868_20868_80269219_20250715_150337.pdf|
|20868|20868|80270715||BL_20868_20868_80270715_20250725_121245.pdf|
|20868|20868|80271253||BL_20868_20868_80271253_20250730_153508.pdf|
|20868|20868|80275369||BL_20868_20868_80275369_20250917_153803.pdf|
|20868|20868|80278443||BL_20868_20868_80278443_20251008_154928.pdf|
|20868|20868|80280828||BL_20868_20868_80280828_20251022_154825.pdf|
|20869|20869|80268458||BL_20869_20869_80268458_20250708_163251.pdf|
|20869|20869|80269481||BL_20869_20869_80269481_20250717_155342.pdf|
|20869|20869|80270912||BL_20869_20869_80270912_20250728_165939.pdf|
|20869|20869|80271775||BL_20869_20869_80271775_20250825_160005.pdf|
|20869|20869|80273216||BL_20869_20869_80273216_20250902_170454.pdf|
|20869|20869|80273651||BL_20869_20869_80273651_20250904_154709.pdf|
|20869|20869|80276086||BL_20869_20869_80276086_20250924_171824.pdf|
|20869|20869|80278555||BL_20869_20869_80278555_20251009_160540.pdf|
|20869|20869|80278993||BL_20869_20869_80278993_20251013_165028.pdf|
|20869|20869|80280131||BL_20869_20869_80280131_20251017_172213.pdf|
|20871|20871|80269220||BL_20871_20871_80269220_20250715_160729.pdf|
|20871|20871|80272812||BL_20871_20871_80272812_20250828_151734.pdf|
|20871|20871|80275497||BL_20871_20871_80275497_20250918_152859.pdf|
|20871|20871|80281220||BL_20871_20871_80281220_20251023_164829.pdf|
|20872|20872|80275421||BL_20872_20872_80275421_20250918_152329.pdf|
|20872|20872|80276942||BL_20872_20872_80276942_20250929_164943.pdf|
|20872|20872|80280264||BL_20872_20872_80280264_20251020_163236.pdf|
|20874|20874|80268295||BL_20874_20874_80268295_20250707_154309.pdf|
|20874|20874|80272865||BL_20874_20874_80272865_20250829_153316.pdf|
|20874|20874|80274100||BL_20874_20874_80274100_20250908_160248.pdf|
|20874|20874|80275496||BL_20874_20874_80275496_20250918_152906.pdf|
|20874|20874|80277800||BL_20874_20874_80277800_20251002_152002.pdf|
|20875|20875|80269004||BL_20875_20875_80269004_20250711_160611.pdf|
|20875|20875|80270490||BL_20875_20875_80270490_20250724_165458.pdf|
|20875|20875|80271764||BL_20875_20875_80271764_20250825_160106.pdf|
|20875|20875|80273634||BL_20875_20875_80273634_20250905_160224.pdf|
|20875|20875|80274067||BL_20875_20875_80274067_20250908_163358.pdf|
|20875|20875|80276098||BL_20875_20875_80276098_20250924_171806.pdf|
|20875|20875|80277769||BL_20875_20875_80277769_20251002_155441.pdf|
|20875|20875|80277918||BL_20875_20875_80277918_20251003_162001.pdf|
|20875|20875|80278551||BL_20875_20875_80278551_20251009_160616.pdf|
|20875|20875|80278775||BL_20875_20875_80278775_20251010_161622.pdf|
|20875|20875|80279010||BL_20875_20875_80279010_20251013_164953.pdf|
|20875|20875|80280132||BL_20875_20875_80280132_20251017_165759.pdf|
|20875|20875|80280887||BL_20875_20875_80280887_20251021_163814.pdf|
|20875|20875|80283331||BL_20875_20875_80283331_20251112_161651.pdf|
|20875|20875|80283662||BL_20875_20875_80283662_20251113_152017.pdf|
|20878|20878|80269490||BL_20878_20878_80269490_20250717_155254.pdf|
|20878|20878|80271989||BL_20878_20878_80271989_20250804_161806.pdf|
|20878|20878|80275422||BL_20878_20878_80275422_20250918_152314.pdf|
|20878|20878|80276947||BL_20878_20878_80276947_20250929_164934.pdf|
|20878|20878|80279508||BL_20878_20878_80279508_20251015_160248.pdf|
|20878|20878|80280228||BL_20878_20878_80280228_20251020_163220.pdf|
|20878|20878|80282139||BL_20878_20878_80282139_20251030_171355.pdf|
|20880|20880|80269626||BL_20880_20880_80269626_20250718_153531.pdf|
|20880|20880|80275768||BL_20880_20880_80275768_20250922_162223.pdf|
|20880|20880|80283411||BL_20880_20880_80283411_20251112_162334.pdf|
|20882|20882|80269043||BL_20882_20882_80269043_20250711_161039.pdf|
|20882|20882|80275735||BL_20882_20882_80275735_20250922_162109.pdf|
|20882|20882|80275895||BL_20882_20882_80275895_20250923_160202.pdf|
|20882|20882|80276010||BL_20882_20882_80276010_20250923_160334.pdf|
|20882|20882|80278426||BL_20882_20882_80278426_20251008_094540.pdf|
|20882|20882|80278501||BL_20882_20882_80278501_20251008_155034.pdf|
|20882|20882|80281551||BL_20882_20882_80281551_20251027_165121.pdf|
|20885|20885|80273864||BL_20885_20885_80273864_20250905_161115.pdf|
|20885|20885|80275942||BL_20885_20885_80275942_20250923_160308.pdf|
|20885|20885|80277248||BL_20885_20885_80277248_20250929_165731.pdf|
|20885|20885|80280411||BL_20885_20885_80280411_20251020_163547.pdf|
|20885|20885|80283338||BL_20885_20885_80283338_20251112_161728.pdf|
|20886|20886|80268250||BL_20886_20886_80268250_20250707_153609.pdf|
|20886|20886|80268981||BL_20886_20886_80268981_20250711_160355.pdf|
|20886|20886|80270263||BL_20886_20886_80270263_20250723_162104.pdf|
|20886|20886|80270658||BL_20886_20886_80270658_20250725_121017.pdf|
|20886|20886|80270844||BL_20886_20886_80270844_20250728_165247.pdf|
|20886|20886|80271387||BL_20886_20886_80271387_20250731_154748.pdf|
|20886|20886|80272229||BL_20886_20886_80272229_20250806_154711.pdf|
|20886|20886|80272613||BL_20886_20886_80272613_20250826_153240.pdf|
|20886|20886|80273151||BL_20886_20886_80273151_20250903_154929.pdf|
|20886|20886|80273453||BL_20886_20886_80273453_20250903_160028.pdf|
|20886|20886|80274596||BL_20886_20886_80274596_20250911_160158.pdf|
|20886|20886|80276395||BL_20886_20886_80276395_20250924_172420.pdf|
|20886|20886|80278589||BL_20886_20886_80278589_20251009_161951.pdf|
|20886|20886|80278685||BL_20886_20886_80278685_20251021_154620.pdf|
|20886|20886|80279699||BL_20886_20886_80279699_20251016_174115.pdf|
|20886|20886|80280506||BL_20886_20886_80280506_20251020_161910.pdf|
|20886|20886|80281579||BL_20886_20886_80281579_20251027_163654.pdf|
|20886|20886|80282318||BL_20886_20886_80282318_20251031_155027.pdf|
|20887|20887|80270671||BL_20887_20887_80270671_20250725_120913.pdf|
|20887|20887|80272626||BL_20887_20887_80272626_20250826_154705.pdf|
|20887|20887|80275589||BL_20887_20887_80275589_20250919_151618.pdf|
|20887|20887|80278568||BL_20887_20887_80278568_20251009_161642.pdf|
|20887|20887|80278687||BL_20887_20887_80278687_20251013_151704.pdf|
|20887|20887|80280645||BL_20887_20887_80280645_20251021_163203.pdf|
|20887|20887|80281124||BL_20887_20887_80281124_20251022_153330.pdf|
|20887|20887|80281545||BL_20887_20887_80281545_20251027_165133.pdf|
|20887|20887|80282327||BL_20887_20887_80282327_20251031_155338.pdf|
|20887|20887|80283055||BL_20887_20887_80283055_20251105_160942.pdf|
|20887|20887|80283650||BL_20887_20887_80283650_20251113_155617.pdf|
|20897|20897|80269576||BL_20897_20897_80269576_20250718_151708.pdf|
|20897|20897|80274276||BL_20897_20897_80274276_20250909_163833.pdf|
|20897|20897|80279888||BL_20897_20897_80279888_20251020_180418.pdf|
|20897|20897|80282849||BL_20897_20897_80282849_20251105_154840.pdf|
|20898|20898|80273991||BL_20898_20898_80273991_20250909_161755.pdf|
|20898|20898|80278188||BL_20898_20898_80278188_20251007_154720.pdf|
|20898|20898|80278498||BL_20898_20898_80278498_20251008_155032.pdf|
|20899|20899|80268664||BL_20899_20899_80268664_20250709_160250.pdf|
|20899|20899|80269359||BL_20899_20899_80269359_20250716_163553.pdf|
|20899|20899|80270840||BL_20899_20899_80270840_20250728_165337.pdf|
|20899|20899|80272123||BL_20899_20899_80272123_20250805_154637.pdf|
|20899|20899|80272238||BL_20899_20899_80272238_20250806_151623.pdf|
|20899|20899|80272355||BL_20899_20899_80272355_20250807_154831.pdf|
|20899|20899|80272726||BL_20899_20899_80272726_20250827_150229.pdf|
|20899|20899|80273292||BL_20899_20899_80273292_20250902_091540.pdf|
|20899|20899|80273376||BL_20899_20899_80273376_20250902_170927.pdf|
|20899|20899|80273928||BL_20899_20899_80273928_20250905_154651.pdf|
|20899|20899|80277633||BL_20899_20899_80277633_20251001_161724.pdf|
|20899|20899|80278532||BL_20899_20899_80278532_20251009_161837.pdf|
|20899|20899|80279972||BL_20899_20899_80279972_20251017_165615.pdf|
|20899|20899|80281617||BL_20899_20899_80281617_20251027_165641.pdf|
|20899|20899|80281837||BL_20899_20899_80281837_20251028_163908.pdf|
|20899|20899|80283067||BL_20899_20899_80283067_20251105_155134.pdf|
|20899|20899|80283157||BL_20899_20899_80283157_20251106_144841.pdf|
|20900|20900|80268222||BL_20900_20900_80268222_20250707_153523.pdf|
|20900|20900|80275404||BL_20900_20900_80275404_20250918_152023.pdf|
|20900|20900|80276976||BL_20900_20900_80276976_20250929_165106.pdf|
|20900|20900|80277678||BL_20900_20900_80277678_20251002_151751.pdf|
|20900|20900|80280371||BL_20900_20900_80280371_20251020_163532.pdf|
|20900|20900|80281751||BL_20900_20900_80281751_20251028_164847.pdf|
|20901|20901|80270239||BL_20901_20901_80270239_20250723_162020.pdf|
|20901|20901|80273253||BL_20901_20901_80273253_20250902_170622.pdf|
|20901|20901|80275405||BL_20901_20901_80275405_20250918_152010.pdf|
|20901|20901|80276501||BL_20901_20901_80276501_20250925_163854.pdf|
|20901|20901|80276975||BL_20901_20901_80276975_20250929_165108.pdf|
|20901|20901|80280370||BL_20901_20901_80280370_20251020_163531.pdf|
|20903|20903|80270935||BL_20903_20903_80270935_20250728_170247.pdf|
|20903|20903|80271056||BL_20903_20903_80271056_20250729_154747.pdf|
|20903|20903|80273895||BL_20903_20903_80273895_20250905_161802.pdf|
|20903|20903|80274727||BL_20903_20903_80274727_20250912_154735.pdf|
|20903|20903|80274963||BL_20903_20903_80274963_20250915_164743.pdf|
|20903|20903|80275066||BL_20903_20903_80275066_20250915_164856.pdf|
|20903|20903|80277000||BL_20903_20903_80277000_20250929_165134.pdf|
|20903|20903|80279887||BL_20903_20903_80279887_20251020_180442.pdf|
|20903|20903|80280290||BL_20903_20903_80280290_20251020_163326.pdf|
|20905|20905|80268232||BL_20905_20905_80268232_20250707_150141.pdf|
|20905|20905|80273004||BL_20905_20905_80273004_20250901_151617.pdf|
|20905|20905|80273999||BL_20905_20905_80273999_20250909_161642.pdf|
|20905|20905|80278342||BL_20905_20905_80278342_20251010_181622.pdf|
|20905|20905|80279973||BL_20905_20905_80279973_20251017_165604.pdf|
|20905|20905|80282553||BL_20905_20905_80282553_20251103_161305.pdf|
|20911|20911|80274763||BL_20911_20911_80274763_20250912_160634.pdf|
|20911|20911|80277299||BL_20911_20911_80277299_20250929_165935.pdf|
|20911|20911|80280559||BL_20911_20911_80280559_20251020_163909.pdf|
|20911|20911|80281529||BL_20911_20911_80281529_20251027_163530.pdf|
|20911|20911|80281932||BL_20911_20911_80281932_20251029_160132.pdf|
|20915|20915|80269578||BL_20915_20915_80269578_20250718_153217.pdf|
|20915|20915|80269624||BL_20915_20915_80269624_20250718_153544.pdf|
|20915|20915|80273649||BL_20915_20915_80273649_20250904_154728.pdf|
|20915|20915|80275096||BL_20915_20915_80275096_20250916_154659.pdf|
|20917|20917|80274082||BL_20917_20917_80274082_20250909_162849.pdf|
|20917|20917|80274869||BL_20917_20917_80274869_20250915_164647.pdf|
|20917|20917|80275458||BL_20917_20917_80275458_20250918_152839.pdf|
|20917|20917|80279683||BL_20917_20917_80279683_20251016_173848.pdf|
|20917|20917|80283147||BL_20917_20917_80283147_20251106_144845.pdf|
|20919|20919|80269345||BL_20919_20919_80269345_20250716_151759.pdf|
|20919|20919|80272040||BL_20919_20919_80272040_20250804_160331.pdf|
|20919|20919|80272409||BL_20919_20919_80272409_20250825_160616.pdf|
|20919|20919|80276769||BL_20919_20919_80276769_20250926_163115.pdf|
|20919|20919|80280220||BL_20919_20919_80280220_20251022_162146.pdf|
|20919|20919|80281555||BL_20919_20919_80281555_20251027_165109.pdf|
|20920|20920|80269026||BL_20920_20920_80269026_20250711_153125.pdf|
|20920|20920|80269528||BL_20920_20920_80269528_20250717_155723.pdf|
|20920|20920|80270613||BL_20920_20920_80270613_20250725_120450.pdf|
|20920|20920|80271821||BL_20920_20920_80271821_20250825_160557.pdf|
|20920|20920|80273163||BL_20920_20920_80273163_20250902_163327.pdf|
|20920|20920|80273741||BL_20920_20920_80273741_20250904_155837.pdf|
|20920|20920|80274598||BL_20920_20920_80274598_20250911_160142.pdf|
|20920|20920|80274840||BL_20920_20920_80274840_20250915_170324.pdf|
|20920|20920|80275905||BL_20920_20920_80275905_20250923_160158.pdf|
|20920|20920|80276168||BL_20920_20920_80276168_20250924_171944.pdf|
|20920|20920|80279253||BL_20920_20920_80279253_20251014_165738.pdf|
|20920|20920|80280080||BL_20920_20920_80280080_20251017_172111.pdf|
|20920|20920|80281131||BL_20920_20920_80281131_20251022_160209.pdf|
|20920|20920|80281744||BL_20920_20920_80281744_20251028_164937.pdf|
|20920|20920|80281952||BL_20920_20920_80281952_20251029_164226.pdf|
|20922|20922|80278183||BL_20922_20922_80278183_20251007_161622.pdf|
|20922|20922|80278217||BL_20922_20922_80278217_20251007_154650.pdf|
|20925|20925|80274335||BL_20925_20925_80274335_20250909_164141.pdf|
|20925|20925|80276908||BL_20925_20925_80276908_20250929_164846.pdf|
|20925|20925|80279950||BL_20925_20925_80279950_20251017_165243.pdf|
|20926|20926|80269504||BL_20926_20926_80269504_20250717_153159.pdf|
|20926|20926|80274841||BL_20926_20926_80274841_20250915_164623.pdf|
|20926|20926|80277046||BL_20926_20926_80277046_20250929_165234.pdf|
|20926|20926|80280322||BL_20926_20926_80280322_20251020_163406.pdf|
|20935|20935|80281622||BL_20935_20935_80281622_20251027_165618.pdf|
|20936|20936|80269478||BL_20936_20936_80269478_20250718_091624.pdf|
|20936|20936|80270219||BL_20936_20936_80270219_20250723_161904.pdf|
|20936|20936|80272897||BL_20936_20936_80272897_20250829_144648.pdf|
|20936|20936|80274906||BL_20936_20936_80274906_20250915_171628.pdf|
|20936|20936|80281592||BL_20936_20936_80281592_20251027_165429.pdf|
|20936|20936|80281793||BL_20936_20936_80281793_20251028_163551.pdf|
|20936|20936|80281928||BL_20936_20936_80281928_20251029_160143.pdf|
|20939|20939|80268666||BL_20939_20939_80268666_20250709_160248.pdf|
|20939|20939|80271860||BL_20939_20939_80271860_20250801_150200.pdf|
|20939|20939|80272820||BL_20939_20939_80272820_20250828_144706.pdf|
|20939|20939|80273315||BL_20939_20939_80273315_20250903_155800.pdf|
|20939|20939|80275851||BL_20939_20939_80275851_20250923_161711.pdf|
|20939|20939|80278297||BL_20939_20939_80278297_20251007_154916.pdf|
|20939|20939|80278451||BL_20939_20939_80278451_20251008_154909.pdf|
|20939|20939|80282082||BL_20939_20939_80282082_20251030_170510.pdf|
|20940|20940|80268684||BL_20940_20940_80268684_20250709_160230.pdf|
|20940|20940|80270990||BL_20940_20940_80270990_20250729_160303.pdf|
|20940|20940|80271340||BL_20940_20940_80271340_20250731_154613.pdf|
|20940|20940|80272278||BL_20940_20940_80272278_20250806_151705.pdf|
|20940|20940|80274781||BL_20940_20940_80274781_20250912_161018.pdf|
|20940|20940|80278299||BL_20940_20940_80278299_20251007_154919.pdf|
|20940|20940|80280805||BL_20940_20940_80280805_20251022_154754.pdf|
|20941|20941|80274907||BL_20941_20941_80274907_20250915_171622.pdf|
|20941|20941|80281318||BL_20941_20941_80281318_20251023_164017.pdf|
|20941|20941|80281373||BL_20941_20941_80281373_20251024_170349.pdf|
|20941|20941|80282015||BL_20941_20941_80282015_20251029_164435.pdf|
|20941|20941|80282854||BL_20941_20941_80282854_20251105_154836.pdf|
|20943|20943|80271454||BL_20943_20943_80271454_20250731_162646.pdf|
|20943|20943|80275713||BL_20943_20943_80275713_20250922_163213.pdf|
|20943|20943|80277128||BL_20943_20943_80277128_20250929_165456.pdf|
|20943|20943|80279099||BL_20943_20943_80279099_20251013_152125.pdf|
|20943|20943|80280346||BL_20943_20943_80280346_20251020_163500.pdf|
|20943|20943|80281547||BL_20943_20943_80281547_20251027_163424.pdf|
|20944|20944|80272903||BL_20944_20944_80272903_20250829_144758.pdf|
|20944|20944|80273965||BL_20944_20944_80273965_20250905_154715.pdf|
|20944|20944|80278064||BL_20944_20944_80278064_20251006_154710.pdf|
|20944|20944|80281668||BL_20944_20944_80281668_20251028_163420.pdf|
|20945|20945|80277920||BL_20945_20945_80277920_20251003_161956.pdf|
|20945|20945|80279152||BL_20945_20945_80279152_20251013_152225.pdf|
|20945|20945|80280295||BL_20945_20945_80280295_20251020_163322.pdf|
|20945|20945|80282019||BL_20945_20945_80282019_20251029_164501.pdf|
|20945|20945|80282164||BL_20945_20945_80282164_20251030_165107.pdf|
|20946|20946|80269449||BL_20946_20946_80269449_20250717_174635.pdf|
|20946|20946|80277624||BL_20946_20946_80277624_20251001_161828.pdf|
|20946|20946|80282201||BL_20946_20946_80282201_20251030_171617.pdf|
|20946|20946|80282343||BL_20946_20946_80282343_20251031_144720.pdf|
|20946|20946|80282813||BL_20946_20946_80282813_20251105_154809.pdf|
|20946|20946|80283634||BL_20946_20946_80283634_20251113_151910.pdf|
|20949|20069|80190121||BL_20949_20069_80190121_20231114_154852.pdf|
|20949|20069|80207163||BL_20949_20069_80207163_20240314_155050.pdf|
|20949|20069|80282471||BL_20949_20069_80282471_20251103_160648.pdf|
|20949|20949|80269031||BL_20949_20949_80269031_20250711_160811.pdf|
|20949|20949|80270919||BL_20949_20949_80270919_20250728_165902.pdf|
|20949|20949|80274435||BL_20949_20949_80274435_20250910_160708.pdf|
|20949|20949|80275591||BL_20949_20949_80275591_20250919_165539.pdf|
|20949|20949|80276879||BL_20949_20949_80276879_20250929_170902.pdf|
|20949|20949|80281573||BL_20949_20949_80281573_20251027_165422.pdf|
|20949|20949|80282472||BL_20949_20949_80282472_20251103_160639.pdf|
|20950|20950|80271021||BL_20950_20950_80271021_20250729_160430.pdf|
|20950|20950|80273616||BL_20950_20950_80273616_20250905_160144.pdf|
|20950|20950|80276388||BL_20950_20950_80276388_20250924_172323.pdf|
|20950|20950|80280492||BL_20950_20950_80280492_20251020_163803.pdf|
|20951|20951|80269845||BL_20951_20951_80269845_20250721_160934.pdf|
|20951|20951|80270779||BL_20951_20951_80270779_20250728_164901.pdf|
|20951|20951|80271587||BL_20951_20951_80271587_20250825_154854.pdf|
|20951|20951|80274085||BL_20951_20951_80274085_20250908_162244.pdf|
|20951|20951|80279834||BL_20951_20951_80279834_20251022_162200.pdf|
|20952|20952|80268465||BL_20952_20952_80268465_20250708_170721.pdf|
|20952|20952|80269767||BL_20952_20952_80269767_20250721_160351.pdf|
|20952|20952|80271737||BL_20952_20952_80271737_20250825_155628.pdf|
|20952|20952|80272986||BL_20952_20952_80272986_20250901_153650.pdf|
|20952|20952|80273977||BL_20952_20952_80273977_20250908_160202.pdf|
|20952|20952|80275607||BL_20952_20952_80275607_20250919_165848.pdf|
|20952|20952|80276414||BL_20952_20952_80276414_20250924_172354.pdf|
|20952|20952|80278851||BL_20952_20952_80278851_20251010_161732.pdf|
|20952|20952|80280472||BL_20952_20952_80280472_20251020_163708.pdf|
|20952|20952|80281086||BL_20952_20952_80281086_20251022_153247.pdf|
|20952|20952|80282325||BL_20952_20952_80282325_20251031_155358.pdf|
|20953|20953|80276518||BL_20953_20953_80276518_20250925_163551.pdf|
|20953|20953|80277066||BL_20953_20953_80277066_20250929_165307.pdf|
|20953|20953|80282898||BL_20953_20953_80282898_20251105_154943.pdf|
|20953|20953|80283361||BL_20953_20953_80283361_20251112_161845.pdf|
|20954|20954|80268880||BL_20954_20954_80268880_20250710_162831.pdf|
|20954|20954|80269065||BL_20954_20954_80269065_20250711_161140.pdf|
|20954|20954|80275621||BL_20954_20954_80275621_20250919_165709.pdf|
|20954|20954|80283556||BL_20954_20954_80283556_20251113_154839.pdf|
|20957|20957|80268456||BL_20957_20957_80268456_20250708_170735.pdf|
|20957|20957|80269023||BL_20957_20957_80269023_20250711_160841.pdf|
|20957|20957|80272113||BL_20957_20957_80272113_20250805_160125.pdf|
|20957|20957|80272621||BL_20957_20957_80272621_20250826_153222.pdf|
|20957|20957|80277710||BL_20957_20957_80277710_20251002_155105.pdf|
|20957|20957|80282196||BL_20957_20957_80282196_20251030_171635.pdf|
|20957|20957|80282990||BL_20957_20957_80282990_20251105_155102.pdf|
|20960|20960|80275604||BL_20960_20960_80275604_20250919_165906.pdf|
|20960|20960|80276941||BL_20960_20960_80276941_20250929_164944.pdf|
|20960|20960|80280265||BL_20960_20960_80280265_20251020_163235.pdf|
|20960|20960|80281542||BL_20960_20960_80281542_20251027_165154.pdf|
|20962|20962|80269978||BL_20962_20962_80269978_20250722_170205.pdf|
|20962|20962|80271055||BL_20962_20962_80271055_20250729_154757.pdf|
|20962|20962|80274219||BL_20962_20962_80274219_20250909_162923.pdf|
|20962|20962|80277197||BL_20962_20962_80277197_20250929_165631.pdf|
|20962|20962|80277723||BL_20962_20962_80277723_20251002_151909.pdf|
|20962|20962|80277896||BL_20962_20962_80277896_20251003_161754.pdf|
|20962|20962|80278925||BL_20962_20962_80278925_20251014_164907.pdf|
|20962|20962|80280565||BL_20962_20962_80280565_20251020_164009.pdf|
|20962|20962|80283373||BL_20962_20962_80283373_20251112_154915.pdf|
|20966|20966|80268530||BL_20966_20966_80268530_20250708_163325.pdf|
|20966|20966|80277956||BL_20966_20966_80277956_20251003_162418.pdf|
|20966|20966|80278124||BL_20966_20966_80278124_20251006_161535.pdf|
|20973|20973|80273040||BL_20973_20973_80273040_20250901_154037.pdf|
|20973|20973|80274437||BL_20973_20973_80274437_20250910_155019.pdf|
|20973|20973|80278249||BL_20973_20973_80278249_20251007_154749.pdf|
|20973|20973|80281750||BL_20973_20973_80281750_20251028_164853.pdf|
|20978|20978|80270954||BL_20978_20978_80270954_20250728_170157.pdf|
|20978|20978|80275399||BL_20978_20978_80275399_20250918_152113.pdf|
|20978|20978|80276987||BL_20978_20978_80276987_20250929_165041.pdf|
|20978|20978|80280253||BL_20978_20978_80280253_20251020_163250.pdf|
|20978|20978|80281765||BL_20978_20978_80281765_20251028_165126.pdf|
|20981|20011|80244439||BL_20981_20011_80244439_20250123_160358.pdf|
|20981|20011|80278236||BL_20981_20011_80278236_20251007_160714.pdf|
|20981|20011|80283001||BL_20981_20011_80283001_20251105_155212.pdf|
|20981|20981|80268386||BL_20981_20981_80268386_20250708_163211.pdf|
|20981|20981|80268851||BL_20981_20981_80268851_20250710_151633.pdf|
|20981|20981|80273189||BL_20981_20981_80273189_20250903_155109.pdf|
|20981|20981|80274999||BL_20981_20981_80274999_20250915_171644.pdf|
|20981|20981|80280922||BL_20981_20981_80280922_20251022_155655.pdf|
|20981|20981|80281000||BL_20981_20981_80281000_20251027_163145.pdf|
|20981|20981|80281319||BL_20981_20981_80281319_20251027_163249.pdf|
|20981|20981|80281940||BL_20981_20981_80281940_20251029_160114.pdf|
|20981|20981|80282821||BL_20981_20981_80282821_20251105_154758.pdf|
|20985|20985|80270511||BL_20985_20985_80270511_20250724_161643.pdf|
|20985|20985|80273679||BL_20985_20985_80273679_20250905_160739.pdf|
|20985|20985|80274543||BL_20985_20985_80274543_20250911_155426.pdf|
|20985|20985|80274961||BL_20985_20985_80274961_20250915_164747.pdf|
|20985|20985|80277027||BL_20985_20985_80277027_20250929_165158.pdf|
|20985|20985|80280553||BL_20985_20985_80280553_20251020_163916.pdf|
|20985|20985|80281400||BL_20985_20985_80281400_20251024_163230.pdf|
|20987|20987|80268999||BL_20987_20987_80268999_20250711_160213.pdf|
|20987|20987|80271017||BL_20987_20987_80271017_20250729_154644.pdf|
|20987|20987|80273641||BL_20987_20987_80273641_20250905_160631.pdf|
|20987|20987|80276397||BL_20987_20987_80276397_20250924_172417.pdf|
|20987|20987|80280495||BL_20987_20987_80280495_20251020_163758.pdf|
|20987|20987|80281284||BL_20987_20987_80281284_20251023_165232.pdf|
|20987|20987|80283267||BL_20987_20987_80283267_20251107_143230.pdf|
|20989|20989|80269518||BL_20989_20989_80269518_20250717_155813.pdf|
|20989|20989|80273642||BL_20989_20989_80273642_20250904_154833.pdf|
|20989|20989|80276490||BL_20989_20989_80276490_20250925_161631.pdf|
|20990|20990|80269519||BL_20990_20990_80269519_20250717_155807.pdf|
|20990|20990|80276466||BL_20990_20990_80276466_20250925_163159.pdf|
|20990|20990|80277080||BL_20990_20990_80277080_20250929_165354.pdf|
|20990|20990|80282157||BL_20990_20990_80282157_20251030_171538.pdf|
|20990|20990|80282365||BL_20990_20990_80282365_20251031_144657.pdf|
|20990|20990|80282889||BL_20990_20990_80282889_20251105_154849.pdf|
|20992|20992|80269467||BL_20992_20992_80269467_20250717_153228.pdf|
|20992|20992|80271753||BL_20992_20992_80271753_20250825_164044.pdf|
|20992|20992|80272747||BL_20992_20992_80272747_20250827_150333.pdf|
|20992|20992|80275592||BL_20992_20992_80275592_20250919_151620.pdf|
|20992|20992|80276505||BL_20992_20992_80276505_20250925_163808.pdf|
|20992|20992|80277120||BL_20992_20992_80277120_20250929_165507.pdf|
|20992|20992|80281896||BL_20992_20992_80281896_20251029_163727.pdf|
|20992|20992|80282865||BL_20992_20992_80282865_20251105_154821.pdf|
|20998|20998|80268801||BL_20998_20998_80268801_20250710_162000.pdf|
|20998|20998|80275383||BL_20998_20998_80275383_20250918_151649.pdf|
|20998|20998|80276985||BL_20998_20998_80276985_20250929_165042.pdf|
|20998|20998|80280381||BL_20998_20998_80280381_20251020_163527.pdf|
|21010|21010|80283614||BL_21010_21010_80283614_20251113_155311.pdf|
|21011|21011|80270000||BL_21011_21011_80270000_20250722_170421.pdf|
|21011|21011|80271185||BL_21011_21011_80271185_20250730_154826.pdf|
|21011|21011|80271815||BL_21011_21011_80271815_20250825_160308.pdf|
|21011|21011|80275001||BL_21011_21011_80275001_20250915_172051.pdf|
|21011|21011|80275608||BL_21011_21011_80275608_20250919_163122.pdf|
|21011|21011|80276240||BL_21011_21011_80276240_20250924_172118.pdf|
|21011|21011|80278767||BL_21011_21011_80278767_20251010_160553.pdf|
|21011|21011|80278992||BL_21011_21011_80278992_20251014_163254.pdf|
|21011|21011|80280086||BL_21011_21011_80280086_20251017_165652.pdf|
|21011|21011|80281072||BL_21011_21011_80281072_20251022_160341.pdf|
|21011|21011|80281908||BL_21011_21011_80281908_20251029_163542.pdf|
|21015|21015|80273687||BL_21015_21015_80273687_20250905_161224.pdf|
|21015|21015|80275234||BL_21015_21015_80275234_20250916_154719.pdf|
|21015|21015|80278056||BL_21015_21015_80278056_20251006_161022.pdf|
|21015|21015|80279127||BL_21015_21015_80279127_20251013_152155.pdf|
|21015|21015|80279495||BL_21015_21015_80279495_20251015_160250.pdf|
|21015|21015|80282768||BL_21015_21015_80282768_20251105_151627.pdf|
|21015|21015|80283499||BL_21015_21015_80283499_20251113_154624.pdf|
|21016|21016|80268864||BL_21016_21016_80268864_20250710_162624.pdf|
|21016|21016|80269784||BL_21016_21016_80269784_20250721_160648.pdf|
|21016|21016|80271910||BL_21016_21016_80271910_20250801_150252.pdf|
|21016|21016|80273248||BL_21016_21016_80273248_20250903_155332.pdf|
|21016|21016|80273623||BL_21016_21016_80273623_20250905_160354.pdf|
|21016|21016|80275956||BL_21016_21016_80275956_20250923_162532.pdf|
|21016|21016|80276379||BL_21016_21016_80276379_20250924_172337.pdf|
|21016|21016|80277757||BL_21016_21016_80277757_20251002_155538.pdf|
|21016|21016|80280489||BL_21016_21016_80280489_20251020_163825.pdf|
|21018|21018|80272111||BL_21018_21018_80272111_20250805_160120.pdf|
|21018|21018|80277319||BL_21018_21018_80277319_20250926_160153.pdf|
|21018|21018|80277320||BL_21018_21018_80277320_20250926_160220.pdf|
|21018|21018|80277479||BL_21018_21018_80277479_20250930_163838.pdf|
|21018|21018|80278600||BL_21018_21018_80278600_20251009_160753.pdf|
|21018|21018|80278670||BL_21018_21018_80278670_20251013_151721.pdf|
|21018|21018|80282907||BL_21018_21018_80282907_20251105_154929.pdf|
|21019|21019|80270545||BL_21019_21019_80270545_20250724_170207.pdf|
|21019|21019|80271877||BL_21019_21019_80271877_20250801_153129.pdf|
|21019|21019|80277959||BL_21019_21019_80277959_20251003_163249.pdf|
|21019|21019|80280841||BL_21019_21019_80280841_20251022_155139.pdf|
|21022|21022|80270451||BL_21022_21022_80270451_20250724_161731.pdf|
|21022|21022|80274282||BL_21022_21022_80274282_20250909_163746.pdf|
|21022|21022|80274811||BL_21022_21022_80274811_20250912_153227.pdf|
|21022|21022|80277208||BL_21022_21022_80277208_20250929_165721.pdf|
|21022|21022|80280576||BL_21022_21022_80280576_20251020_164003.pdf|
|21022|21022|80281742||BL_21022_21022_80281742_20251028_163815.pdf|
|21029|21029|80269226||BL_21029_21029_80269226_20250715_160656.pdf|
|21029|21029|80273121||BL_21029_21029_80273121_20250903_154958.pdf|
|21029|21029|80275613||BL_21029_21029_80275613_20250919_165822.pdf|
|21029|21029|80277062||BL_21029_21029_80277062_20250929_165314.pdf|
|21029|21029|80280359||BL_21029_21029_80280359_20251020_163442.pdf|
|21029|21029|80281594||BL_21029_21029_80281594_20251027_165456.pdf|
|21030|21030|80270516||BL_21030_21030_80270516_20250724_170120.pdf|
|21030|21030|80274460||BL_21030_21030_80274460_20250910_160908.pdf|
|21030|21030|80282046||BL_21030_21030_80282046_20251030_164643.pdf|
|21033|21033|80270785||BL_21033_21033_80270785_20250728_150127.pdf|
|21033|21033|80274456||BL_21033_21033_80274456_20250910_160935.pdf|
|21033|21033|80278302||BL_21033_21033_80278302_20251007_154924.pdf|
|21033|21033|80281969||BL_21033_21033_80281969_20251029_164101.pdf|
|21036|21036|80270272||BL_21036_21036_80270272_20250723_162050.pdf|
|21036|21036|80272817||BL_21036_21036_80272817_20250828_144713.pdf|
|21036|21036|80273318||BL_21036_21036_80273318_20250903_155749.pdf|
|21036|21036|80274325||BL_21036_21036_80274325_20250909_164943.pdf|
|21036|21036|80274662||BL_21036_21036_80274662_20250911_161007.pdf|
|21040|21040|80273117||BL_21040_21040_80273117_20250903_154800.pdf|
|21040|21040|80273478||BL_21040_21040_80273478_20250903_151728.pdf|
|21040|21040|80276381||BL_21040_21040_80276381_20250924_172334.pdf|
|21040|21040|80279842||BL_21040_21040_80279842_20251017_163117.pdf|
|21040|21040|80280464||BL_21040_21040_80280464_20251020_163720.pdf|
|21041|21041|80271379||BL_21041_21041_80271379_20250731_154756.pdf|
|21041|21041|80274032||BL_21041_21041_80274032_20250909_162349.pdf|
|21041|21041|80274952||BL_21041_21041_80274952_20250915_164801.pdf|
|21041|21041|80277216||BL_21041_21041_80277216_20250929_165708.pdf|
|21041|21041|80280585||BL_21041_21041_80280585_20251020_163950.pdf|
|21041|21041|80281256||BL_21041_21041_80281256_20251023_164957.pdf|
|21045|21045|80269184||BL_21045_21045_80269184_20250715_160225.pdf|
|21045|21045|80273263||BL_21045_21045_80273263_20250902_170918.pdf|
|21045|21045|80273661||BL_21045_21045_80273661_20250905_161018.pdf|
|21045|21045|80276416||BL_21045_21045_80276416_20250924_172350.pdf|
|21045|21045|80279779||BL_21045_21045_80279779_20251016_175144.pdf|
|21045|21045|80279914||BL_21045_21045_80279914_20251017_171823.pdf|
|21045|21045|80280434||BL_21045_21045_80280434_20251020_163645.pdf|
|21046|21046|80273268||BL_21046_21046_80273268_20250902_170858.pdf|
|21046|21046|80281266||BL_21046_21046_80281266_20251023_165342.pdf|
|21046|21046|80281509||BL_21046_21046_80281509_20251027_164727.pdf|
|21046|21046|80281642||BL_21046_21046_80281642_20251027_165655.pdf|
|21047|21047|80271380||BL_21047_21047_80271380_20250731_161835.pdf|
|21047|21047|80273116||BL_21047_21047_80273116_20250903_154747.pdf|
|21047|21047|80273477||BL_21047_21047_80273477_20250903_160207.pdf|
|21047|21047|80276380||BL_21047_21047_80276380_20250924_172336.pdf|
|21047|21047|80280465||BL_21047_21047_80280465_20251020_163718.pdf|
|21047|21047|80281248||BL_21047_21047_80281248_20251023_165046.pdf|
|21047|21047|80281364||BL_21047_21047_80281364_20251028_163215.pdf|
|21048|21048|80270456||BL_21048_21048_80270456_20250724_161716.pdf|
|21048|21048|80274859||BL_21048_21048_80274859_20250915_170615.pdf|
|21048|21048|80277051||BL_21048_21048_80277051_20250929_165226.pdf|
|21048|21048|80278910||BL_21048_21048_80278910_20251014_165031.pdf|
|21048|21048|80280328||BL_21048_21048_80280328_20251020_163357.pdf|
|21051|21051|80272609||BL_21051_21051_80272609_20250826_154727.pdf|
|21051|21051|80274722||BL_21051_21051_80274722_20250912_160611.pdf|
|21051|21051|80277009||BL_21051_21051_80277009_20250929_165119.pdf|
|21051|21051|80278378||BL_21051_21051_80278378_20251007_161008.pdf|
|21051|21051|80279709||BL_21051_21051_80279709_20251016_174457.pdf|
|21051|21051|80280302||BL_21051_21051_80280302_20251020_163313.pdf|
|21053|21053|80274717||BL_21053_21053_80274717_20250912_160317.pdf|
|21053|21053|80275522||BL_21053_21053_80275522_20250918_150321.pdf|
|21053|21053|80277010||BL_21053_21053_80277010_20250929_165117.pdf|
|21053|21053|80280304||BL_21053_21053_80280304_20251020_163411.pdf|
|21054|21054|80269685||BL_21054_21054_80269685_20250718_154016.pdf|
|21054|21054|80271939||BL_21054_21054_80271939_20250801_150227.pdf|
|21054|21054|80272141||BL_21054_21054_80272141_20250805_154616.pdf|
|21054|21054|80276614||BL_21054_21054_80276614_20250925_164405.pdf|
|21054|21054|80279395||BL_21054_21054_80279395_20251014_164114.pdf|
|21056|21056|80271429||BL_21056_21056_80271429_20250731_154701.pdf|
|21056|21056|80279955||BL_21056_21056_80279955_20251017_165150.pdf|
|21057|21057|80268827||BL_21057_21057_80268827_20250710_151659.pdf|
|21057|21057|80271064||BL_21057_21057_80271064_20250729_154739.pdf|
|21057|21057|80271696||BL_21057_21057_80271696_20250825_155614.pdf|
|21057|21057|80273658||BL_21057_21057_80273658_20250904_154637.pdf|
|21057|21057|80276683||BL_21057_21057_80276683_20250926_153133.pdf|
|21057|21057|80277103||BL_21057_21057_80277103_20250929_165426.pdf|
|21057|21057|80279131||BL_21057_21057_80279131_20251013_152143.pdf|
|21057|21057|80282873||BL_21057_21057_80282873_20251105_154915.pdf|
|21057|21057|80283582||BL_21057_21057_80283582_20251113_155052.pdf|
|21058|21058|80276682||BL_21058_21058_80276682_20250926_150229.pdf|
|21058|21058|80277102||BL_21058_21058_80277102_20250929_165428.pdf|
|21058|21058|80279130||BL_21058_21058_80279130_20251013_152146.pdf|
|21058|21058|80282874||BL_21058_21058_80282874_20251105_154913.pdf|
|21064|21064|80273224||BL_21064_21064_80273224_20250903_155429.pdf|
|21064|21064|80273903||BL_21064_21064_80273903_20250905_161654.pdf|
|21064|21064|80276839||BL_21064_21064_80276839_20250929_170348.pdf|
|21064|21064|80282922||BL_21064_21064_80282922_20251105_160157.pdf|
|21069|21069|80268487||BL_21069_21069_80268487_20250708_170930.pdf|
|21069|21069|80275572||BL_21069_21069_80275572_20250919_165329.pdf|
|21069|21069|80277143||BL_21069_21069_80277143_20250929_165542.pdf|
|21069|21069|80278201||BL_21069_21069_80278201_20251007_160535.pdf|
|21069|21069|80279305||BL_21069_21069_80279305_20251014_165627.pdf|
|21069|21069|80280391||BL_21069_21069_80280391_20251020_163512.pdf|
|21071|21071|80268635||BL_21071_21071_80268635_20250709_164741.pdf|
|21071|21071|80278199||BL_21071_21071_80278199_20251007_160336.pdf|
|21071|21071|80281522||BL_21071_21071_80281522_20251027_164810.pdf|
|21071|21071|80281991||BL_21071_21071_80281991_20251029_160229.pdf|
|21071|21071|80282784||BL_21071_21071_80282784_20251105_160136.pdf|
|21072|21072|80275854||BL_21072_21072_80275854_20250923_161646.pdf|
|21072|21072|80277511||BL_21072_21072_80277511_20250930_164003.pdf|
|21075|21075|80277904||BL_21075_21075_80277904_20251003_161723.pdf|
|21075|21075|80279481||BL_21075_21075_80279481_20251015_160148.pdf|
|21075|21075|80283266||BL_21075_21075_80283266_20251107_150211.pdf|
|21076|21076|80271458||BL_21076_21076_80271458_20250731_162614.pdf|
|21076|21076|80272370||BL_21076_21076_80272370_20250807_154920.pdf|
|21076|21076|80273932||BL_21076_21076_80273932_20250905_162228.pdf|
|21076|21076|80275082||BL_21076_21076_80275082_20250916_154703.pdf|
|21076|21076|80276758||BL_21076_21076_80276758_20250926_153659.pdf|
|21076|21076|80280655||BL_21076_21076_80280655_20251020_164054.pdf|
|21076|21076|80282717||BL_21076_21076_80282717_20251104_160742.pdf|
|21076|21076|80283236||BL_21076_21076_80283236_20251107_150126.pdf|
|21077|21077|80274333||BL_21077_21077_80274333_20250909_164209.pdf|
|21077|21077|80274409||BL_21077_21077_80274409_20250910_160316.pdf|
|21077|21077|80277229||BL_21077_21077_80277229_20250929_165800.pdf|
|21077|21077|80280594||BL_21077_21077_80280594_20251020_164113.pdf|
|21077|21077|80281267||BL_21077_21077_80281267_20251023_163401.pdf|
|21082|21082|80268942||BL_21082_21082_80268942_20250710_163018.pdf|
|21082|21082|80270464||BL_21082_21082_80270464_20250724_165315.pdf|
|21082|21082|80270706||BL_21082_21082_80270706_20250725_121328.pdf|
|21082|21082|80274630||BL_21082_21082_80274630_20250911_160529.pdf|
|21082|21082|80276583||BL_21082_21082_80276583_20250925_164229.pdf|
|21082|21082|80277680||BL_21082_21082_80277680_20251002_151752.pdf|
|21082|21082|80278477||BL_21082_21082_80278477_20251008_155005.pdf|
|21082|21082|80281225||BL_21082_21082_80281225_20251023_164804.pdf|
|21082|21082|80281362||BL_21082_21082_80281362_20251024_144628.pdf|
|21084|21084|80276581||BL_21084_21084_80276581_20250925_164243.pdf|
|21084|21084|80277968||BL_21084_21084_80277968_20251003_162622.pdf|
|21084|21084|80282705||BL_21084_21084_80282705_20251104_160832.pdf|
|21085|21085|80268434||BL_21085_21085_80268434_20250708_170840.pdf|
|21085|21085|80268782||BL_21085_21085_80268782_20250710_151755.pdf|
|21085|21085|80270950||BL_21085_21085_80270950_20250728_170217.pdf|
|21085|21085|80273254||BL_21085_21085_80273254_20250902_170922.pdf|
|21085|21085|80281773||BL_21085_21085_80281773_20251028_163707.pdf|
|21087|21087|80269348||BL_21087_21087_80269348_20250716_163329.pdf|
|21087|21087|80273010||BL_21087_21087_80273010_20250901_153853.pdf|
|21087|21087|80273998||BL_21087_21087_80273998_20250909_161652.pdf|
|21087|21087|80274438||BL_21087_21087_80274438_20250910_160706.pdf|
|21087|21087|80278278||BL_21087_21087_80278278_20251007_160938.pdf|
|21087|21087|80278343||BL_21087_21087_80278343_20251007_154958.pdf|
|21087|21087|80281029||BL_21087_21087_80281029_20251022_155820.pdf|
|21087|21087|80282617||BL_21087_21087_80282617_20251103_153115.pdf|
|21091|20036|80206209||BL_21091_20036_80206209_20240305_154613.pdf|
|21091|20036|80206358||BL_21091_20036_80206358_20240306_162422.pdf|
|21091|20036|80207590||BL_21091_20036_80207590_20240318_153314.pdf|
|21091|21091|80270439||BL_21091_21091_80270439_20250724_165107.pdf|
|21091|21091|80270909||BL_21091_21091_80270909_20250728_150351.pdf|
|21091|21091|80276855||BL_21091_21091_80276855_20250929_170707.pdf|
|21091|21091|80282908||BL_21091_21091_80282908_20251105_154927.pdf|
|21091|21091|80283574||BL_21091_21091_80283574_20251113_155145.pdf|
|21092|21092|80268220||BL_21092_21092_80268220_20250707_153535.pdf|
|21092|21092|80268982||BL_21092_21092_80268982_20250711_160338.pdf|
|21093|21093|80272101||BL_21093_21093_80272101_20250804_160423.pdf|
|21093|21093|80276609||BL_21093_21093_80276609_20250925_164443.pdf|
|21093|21093|80278314||BL_21093_21093_80278314_20251007_154857.pdf|
|21094|21094|80275448||BL_21094_21094_80275448_20250918_152516.pdf|
|21094|21094|80278101||BL_21094_21094_80278101_20251006_154801.pdf|
|21094|21094|80281219||BL_21094_21094_80281219_20251023_164832.pdf|
|21099|21099|80270001||BL_21099_21099_80270001_20250722_170415.pdf|
|21099|21099|80274411||BL_21099_21099_80274411_20250910_160243.pdf|
|21099|21099|80277238||BL_21099_21099_80277238_20250929_171431.pdf|
|21099|21099|80278228||BL_21099_21099_80278228_20251007_154633.pdf|
|21099|21099|80280604||BL_21099_21099_80280604_20251020_164058.pdf|
|21099|21099|80281067||BL_21099_21099_80281067_20251022_155945.pdf|
|21108|21108|80270933||BL_21108_21108_80270933_20250728_170255.pdf|
|21108|21108|80271220||BL_21108_21108_80271220_20250730_153440.pdf|
|21108|21108|80275760||BL_21108_21108_80275760_20250922_162305.pdf|
|21108|21108|80279444||BL_21108_21108_80279444_20251015_161820.pdf|
|21108|21108|80281412||BL_21108_21108_80281412_20251024_144643.pdf|
|21112|21112|80279565||BL_21112_21112_80279565_20251015_162145.pdf|
|21113|21113|80270610||BL_21113_21113_80270610_20250725_120527.pdf|
|21113|21113|80274538||BL_21113_21113_80274538_20250911_155549.pdf|
|21113|21113|80274948||BL_21113_21113_80274948_20250915_164808.pdf|
|21113|21113|80277305||BL_21113_21113_80277305_20250929_165925.pdf|
|21113|21113|80278582||BL_21113_21113_80278582_20251009_162029.pdf|
|21113|21113|80278690||BL_21113_21113_80278690_20251013_151659.pdf|
|21113|21113|80280556||BL_21113_21113_80280556_20251020_163912.pdf|
|21116|21116|80282181||BL_21116_21116_80282181_20251030_110351.pdf|
|21116|21116|80282241||BL_21116_21116_80282241_20251030_165147.pdf|
|21116|21116|80283398||BL_21116_21116_80283398_20251112_154714.pdf|
|21118|21118|80269629||BL_21118_21118_80269629_20250718_153455.pdf|
|21118|21118|80271729||BL_21118_21118_80271729_20250825_155712.pdf|
|21118|21118|80276711||BL_21118_21118_80276711_20250926_153611.pdf|
|21118|21118|80277096||BL_21118_21118_80277096_20250929_165327.pdf|
|21118|21118|80279331||BL_21118_21118_80279331_20251014_165822.pdf|
|21118|21118|80279475||BL_21118_21118_80279475_20251015_160159.pdf|
|21118|21118|80282838||BL_21118_21118_80282838_20251105_160220.pdf|
|21125|21125|80268266||BL_21125_21125_80268266_20250707_153806.pdf|
|21125|21125|80269867||BL_21125_21125_80269867_20250721_160909.pdf|
|21125|21125|80277490||BL_21125_21125_80277490_20250930_163722.pdf|
|21125|21125|80277829||BL_21125_21125_80277829_20251002_155739.pdf|
|21125|21125|80281834||BL_21125_21125_80281834_20251028_165519.pdf|
|21127|21127|80278225||BL_21127_21127_80278225_20251007_160737.pdf|
|21127|21127|80282777||BL_21127_21127_80282777_20251105_154704.pdf|
|21128|21128|80269000||BL_21128_21128_80269000_20250711_160208.pdf|
|21128|21128|80271647||BL_21128_21128_80271647_20250825_163952.pdf|
|21128|21128|80273156||BL_21128_21128_80273156_20250903_154854.pdf|
|21128|21128|80273455||BL_21128_21128_80273455_20250903_151752.pdf|
|21128|21128|80276396||BL_21128_21128_80276396_20250924_172418.pdf|
|21128|21128|80280505||BL_21128_21128_80280505_20251020_163848.pdf|
|21128|21128|80281276||BL_21128_21128_80281276_20251023_165259.pdf|
|21166|21166|80270663||BL_21166_21166_80270663_20250725_120955.pdf|
|21166|21166|80271221||BL_21166_21166_80271221_20250730_153438.pdf|
|21166|21166|80279783||BL_21166_21166_80279783_20251016_175116.pdf|
|21166|21166|80283128||BL_21166_21166_80283128_20251106_144716.pdf|
|21166|21166|80283247||BL_21166_21166_80283247_20251107_094541.pdf|
|21167|21167|80269827||BL_21167_21167_80269827_20250721_160733.pdf|
|21167|21167|80272152||BL_21167_21167_80272152_20250805_154716.pdf|
|21167|21167|80275499||BL_21167_21167_80275499_20250918_152850.pdf|
|21167|21167|80283060||BL_21167_21167_80283060_20251105_160926.pdf|
|21169|21169|80270459||BL_21169_21169_80270459_20250724_165350.pdf|
|21169|21169|80275109||BL_21169_21169_80275109_20250916_163807.pdf|
|21169|21169|80276958||BL_21169_21169_80276958_20250929_165033.pdf|
|21169|21169|80280242||BL_21169_21169_80280242_20251020_163256.pdf|
|21169|21169|80282140||BL_21169_21169_80282140_20251030_171350.pdf|
|21169|21169|80283593||BL_21169_21169_80283593_20251113_155442.pdf|
|21170|21170|80268660||BL_21170_21170_80268660_20250709_165007.pdf|
|21170|21170|80268749||BL_21170_21170_80268749_20250709_165154.pdf|
|21170|21170|80269377||BL_21170_21170_80269377_20250716_163527.pdf|
|21170|21170|80269846||BL_21170_21170_80269846_20250721_160933.pdf|
|21170|21170|80270288||BL_21170_21170_80270288_20250723_162152.pdf|
|21170|21170|80271014||BL_21170_21170_80271014_20250729_160449.pdf|
|21170|21170|80274029||BL_21170_21170_80274029_20250908_161841.pdf|
|21170|21170|80276328||BL_21170_21170_80276328_20250924_172221.pdf|
|21170|21170|80278306||BL_21170_21170_80278306_20251007_154911.pdf|
|21170|21170|80278820||BL_21170_21170_80278820_20251010_161012.pdf|
|21170|21170|80278938||BL_21170_21170_80278938_20251013_151903.pdf|
|21170|21170|80281980||BL_21170_21170_80281980_20251029_164353.pdf|
|21172|21172|80269840||BL_21172_21172_80269840_20250721_160703.pdf|
|21172|21172|80273030||BL_21172_21172_80273030_20250901_154133.pdf|
|21172|21172|80275887||BL_21172_21172_80275887_20250923_160210.pdf|
|21174|21174|80271013||BL_21174_21174_80271013_20250729_160504.pdf|
|21174|21174|80278016||BL_21174_21174_80278016_20251003_163439.pdf|
|21174|21174|80278126||BL_21174_21174_80278126_20251006_154842.pdf|
|21174|21174|80278409||BL_21174_21174_80278409_20251008_154644.pdf|
|21174|21174|80281843||BL_21174_21174_80281843_20251028_165501.pdf|
|21174|21174|80281970||BL_21174_21174_80281970_20251029_164056.pdf|
|21176|21176|80275602||BL_21176_21176_80275602_20250919_165425.pdf|
|21177|21177|80274418||BL_21177_21177_80274418_20250910_160801.pdf|
|21177|21177|80280696||BL_21177_21177_80280696_20251021_163308.pdf|
|21177|21177|80281934||BL_21177_21177_80281934_20251029_163913.pdf|
|21177|21177|80282058||BL_21177_21177_80282058_20251030_170240.pdf|
|21177|21177|80282858||BL_21177_21177_80282858_20251105_154829.pdf|
|21178|21178|80268661||BL_21178_21178_80268661_20250709_165005.pdf|
|21179|21179|80269309||BL_21179_21179_80269309_20250716_164633.pdf|
|21179|21179|80272884||BL_21179_21179_80272884_20250829_153211.pdf|
|21179|21179|80273672||BL_21179_21179_80273672_20250905_160828.pdf|
|21179|21179|80277264||BL_21179_21179_80277264_20250929_165816.pdf|
|21179|21179|80278663||BL_21179_21179_80278663_20251009_162334.pdf|
|21179|21179|80280429||BL_21179_21179_80280429_20251020_163659.pdf|
|21181|21181|80270479||BL_21181_21181_80270479_20250724_165621.pdf|
|21181|21181|80278074||BL_21181_21181_80278074_20251006_161231.pdf|
|21181|21181|80278566||BL_21181_21181_80278566_20251009_154638.pdf|
|21181|21181|80279205||BL_21181_21181_80279205_20251013_152502.pdf|
|21181|21181|80280323||BL_21181_21181_80280323_20251020_163405.pdf|
|21181|21181|80281298||BL_21181_21181_80281298_20251023_163742.pdf|
|21182|21182|80270502||BL_21182_21182_80270502_20250724_165822.pdf|
|21182|21182|80275630||BL_21182_21182_80275630_20250919_170056.pdf|
|21182|21182|80282283||BL_21182_21182_80282283_20251103_151805.pdf|
|21182|21182|80282407||BL_21182_21182_80282407_20251103_151755.pdf|
|21184|21184|80274250||BL_21184_21184_80274250_20250909_163655.pdf|
|21184|21184|80277241||BL_21184_21184_80277241_20250929_165743.pdf|
|21184|21184|80279729||BL_21184_21184_80279729_20251016_174639.pdf|
|21184|21184|80279921||BL_21184_21184_80279921_20251017_171800.pdf|
|21184|21184|80280606||BL_21184_21184_80280606_20251020_164055.pdf|
|21185|21185|80274746||BL_21185_21185_80274746_20250912_160859.pdf|
|21185|21185|80274829||BL_21185_21185_80274829_20250915_170432.pdf|
|21185|21185|80277021||BL_21185_21185_80277021_20250929_165208.pdf|
|21185|21185|80280547||BL_21185_21185_80280547_20251020_163943.pdf|
|21185|21185|80281583||BL_21185_21185_80281583_20251027_165340.pdf|
|21187|21187|80268639||BL_21187_21187_80268639_20250709_164728.pdf|
|21187|21187|80278062||BL_21187_21187_80278062_20251006_160929.pdf|
|21187|21187|80279440||BL_21187_21187_80279440_20251015_161836.pdf|
|21187|21187|80282818||BL_21187_21187_80282818_20251105_154803.pdf|
|21192|21192|80276600||BL_21192_21192_80276600_20250925_164538.pdf|
|21192|21192|80282209||BL_21192_21192_80282209_20251030_165135.pdf|
|21192|21192|80282298||BL_21192_21192_80282298_20251031_155211.pdf|
|21193|21193|80269640||BL_21193_21193_80269640_20250718_153710.pdf|
|21193|21193|80269788||BL_21193_21193_80269788_20250721_153159.pdf|
|21193|21193|80278951||BL_21193_21193_80278951_20251014_165200.pdf|
|21193|21193|80282798||BL_21193_21193_80282798_20251105_154725.pdf|
|21195|21195|80270048||BL_21195_21195_80270048_20250722_161632.pdf|
|21195|21195|80276919||BL_21195_21195_80276919_20250929_171231.pdf|
|21195|21195|80281239||BL_21195_21195_80281239_20251023_165125.pdf|
|21200|21200|80274241||BL_21200_21200_80274241_20250909_163200.pdf|
|21200|21200|80275782||BL_21200_21200_80275782_20250922_162454.pdf|
|21200|21200|80277131||BL_21200_21200_80277131_20250929_165451.pdf|
|21200|21200|80279104||BL_21200_21200_80279104_20251013_152111.pdf|
|21200|21200|80279735||BL_21200_21200_80279735_20251016_174545.pdf|
|21200|21200|80280350||BL_21200_21200_80280350_20251020_163506.pdf|
|21200|21200|80281098||BL_21200_21200_80281098_20251022_153224.pdf|
|21200|21200|80282648||BL_21200_21200_80282648_20251104_160359.pdf|
|21200|21200|80283600||BL_21200_21200_80283600_20251113_155409.pdf|
|21201|21201|80268588||BL_21201_21201_80268588_20250708_171329.pdf|
|21201|21201|80268932||BL_21201_21201_80268932_20250710_162906.pdf|
|21201|21201|80279675||BL_21201_21201_80279675_20251016_173600.pdf|
|21204|21204|80269334||BL_21204_21204_80269334_20250716_163415.pdf|
|21204|21204|80276868||BL_21204_21204_80276868_20250929_170948.pdf|
|21204|21204|80278207||BL_21204_21204_80278207_20251007_154706.pdf|
|21204|21204|80279346||BL_21204_21204_80279346_20251014_165748.pdf|
|21204|21204|80281128||BL_21204_21204_80281128_20251022_153323.pdf|
|21204|21204|80282459||BL_21204_21204_80282459_20251103_160321.pdf|
|21204|21204|80282901||BL_21204_21204_80282901_20251105_154938.pdf|
|21207|21207|80269208||BL_21207_21207_80269208_20250715_160418.pdf|
|21207|21207|80276483||BL_21207_21207_80276483_20250925_163452.pdf|
|21207|21207|80277091||BL_21207_21207_80277091_20250929_165336.pdf|
|21207|21207|80279138||BL_21207_21207_80279138_20251013_152301.pdf|
|21207|21207|80281708||BL_21207_21207_80281708_20251028_163327.pdf|
|21214|21214|80268817||BL_21214_21214_80268817_20250710_162232.pdf|
|21214|21214|80274049||BL_21214_21214_80274049_20250909_162105.pdf|
|21214|21214|80274563||BL_21214_21214_80274563_20250911_155704.pdf|
|21214|21214|80277215||BL_21214_21214_80277215_20250929_165710.pdf|
|21214|21214|80279499||BL_21214_21214_80279499_20251015_163618.pdf|
|21214|21214|80280584||BL_21214_21214_80280584_20251020_163952.pdf|
|21214|21214|80281074||BL_21214_21214_80281074_20251022_153132.pdf|
|21214|21214|80282195||BL_21214_21214_80282195_20251030_171637.pdf|
|21215|21215|80268904||BL_21215_21215_80268904_20250710_162950.pdf|
|21215|21215|80271266||BL_21215_21215_80271266_20250730_155148.pdf|
|21215|21215|80273017||BL_21215_21215_80273017_20250901_153840.pdf|
|21215|21215|80273272||BL_21215_21215_80273272_20250903_155544.pdf|
|21215|21215|80278805||BL_21215_21215_80278805_20251010_160714.pdf|
|21216|21216|80269046||BL_21216_21216_80269046_20250711_161025.pdf|
|21216|21216|80271573||BL_21216_21216_80271573_20250825_154705.pdf|
|21216|21216|80272348||BL_21216_21216_80272348_20250807_154845.pdf|
|21216|21216|80275624||BL_21216_21216_80275624_20250919_161823.pdf|
|21216|21216|80282091||BL_21216_21216_80282091_20251030_170907.pdf|
|21216|21216|80282560||BL_21216_21216_80282560_20251103_161237.pdf|
|21217|21217|80273407||BL_21217_21217_80273407_20250903_151610.pdf|
|21217|21217|80277502||BL_21217_21217_80277502_20250930_164035.pdf|
|21217|21217|80278830||BL_21217_21217_80278830_20251010_160914.pdf|
|21217|21217|80279385||BL_21217_21217_80279385_20251014_170330.pdf|
|21218|20038|80279903||BL_21218_20038_80279903_20251017_165040.pdf|
|21219|21219|80268630||BL_21219_21219_80268630_20250709_164818.pdf|
|21219|21219|80268779||BL_21219_21219_80268779_20250710_161751.pdf|
|21219|21219|80270470||BL_21219_21219_80270470_20250724_165218.pdf|
|21219|21219|80273213||BL_21219_21219_80273213_20250902_170505.pdf|
|21219|21219|80274391||BL_21219_21219_80274391_20250910_160518.pdf|
|21219|21219|80275784||BL_21219_21219_80275784_20250922_162439.pdf|
|21219|21219|80277231||BL_21219_21219_80277231_20250929_165756.pdf|
|21219|21219|80280596||BL_21219_21219_80280596_20251020_164110.pdf|
|21219|21219|80282529||BL_21219_21219_80282529_20251103_151852.pdf|
|21219|21219|80282687||BL_21219_21219_80282687_20251104_153233.pdf|
|21223|21223|80268654||BL_21223_21223_80268654_20250709_160302.pdf|
|21223|21223|80271182||BL_21223_21223_80271182_20250730_153419.pdf|
|21223|21223|80275791||BL_21223_21223_80275791_20250922_162403.pdf|
|21223|21223|80277133||BL_21223_21223_80277133_20250929_173637.pdf|
|21223|21223|80279106||BL_21223_21223_80279106_20251013_152106.pdf|
|21223|21223|80280352||BL_21223_21223_80280352_20251020_163448.pdf|
|21223|21223|80281898||BL_21223_21223_80281898_20251029_163716.pdf|
|21225|21225|80268934||BL_21225_21225_80268934_20250710_162904.pdf|
|21225|21225|80270280||BL_21225_21225_80270280_20250723_162210.pdf|
|21225|21225|80274618||BL_21225_21225_80274618_20250911_160307.pdf|
|21225|21225|80274938||BL_21225_21225_80274938_20250915_164650.pdf|
|21225|21225|80276910||BL_21225_21225_80276910_20250929_171328.pdf|
|21225|21225|80281004||BL_21225_21225_80281004_20251024_163529.pdf|
|21225|21225|80282712||BL_21225_21225_80282712_20251104_160807.pdf|
|21229|21229|80269780||BL_21229_21229_80269780_20250721_160655.pdf|
|21229|21229|80276560||BL_21229_21229_80276560_20250925_161957.pdf|
|21229|21229|80277753||BL_21229_21229_80277753_20251002_151839.pdf|
|21229|21229|80278425||BL_21229_21229_80278425_20251008_154809.pdf|
|21229|21229|80278937||BL_21229_21229_80278937_20251014_165252.pdf|
|21229|21229|80279161||BL_21229_21229_80279161_20251014_165742.pdf|
|21229|21229|80280516||BL_21229_21229_80280516_20251020_161906.pdf|
|21230|21230|80268809||BL_21230_21230_80268809_20250710_161901.pdf|
|21230|21230|80270249||BL_21230_21230_80270249_20250723_161943.pdf|
|21230|21230|80276469||BL_21230_21230_80276469_20250925_163231.pdf|
|21230|21230|80277669||BL_21230_21230_80277669_20251001_160258.pdf|
|21230|21230|80277713||BL_21230_21230_80277713_20251002_155026.pdf|
|21230|21230|80278418||BL_21230_21230_80278418_20251008_154838.pdf|
|21230|21230|80282526||BL_21230_21230_80282526_20251103_151903.pdf|
|21230|21230|80282685||BL_21230_21230_80282685_20251104_153237.pdf|
|21233|21233|80269404||BL_21233_21233_80269404_20250717_154826.pdf|
|21233|21233|80270472||BL_21233_21233_80270472_20250724_165211.pdf|
|21233|21233|80273761||BL_21233_21233_80273761_20250904_160005.pdf|
|21233|21233|80275309||BL_21233_21233_80275309_20250917_153539.pdf|
|21233|21233|80279562||BL_21233_21233_80279562_20251015_162202.pdf|
|21237|21237|80275780||BL_21237_21237_80275780_20250922_162126.pdf|
|21237|21237|80275896||BL_21237_21237_80275896_20250923_162242.pdf|
|21237|21237|80276550||BL_21237_21237_80276550_20250925_162022.pdf|
|21237|21237|80277173||BL_21237_21237_80277173_20250929_165602.pdf|
|21237|21237|80281553||BL_21237_21237_80281553_20251027_163616.pdf|
|21237|21237|80281711||BL_21237_21237_80281711_20251028_163332.pdf|
|21239|20039|80270216||BL_21239_20039_80270216_20250723_161713.pdf|
|21239|20039|80273226||BL_21239_20039_80273226_20250902_170727.pdf|
|21239|20039|80274508||BL_21239_20039_80274508_20250911_154948.pdf|
|21239|20039|80274766||BL_21239_20039_80274766_20250912_161229.pdf|
|21239|20039|80277314||BL_21239_20039_80277314_20250929_165911.pdf|
|21239|20039|80278439||BL_21239_20039_80278439_20251008_154936.pdf|
|21239|20039|80279771||BL_21239_20039_80279771_20251016_175243.pdf|
|21239|20039|80280517||BL_21239_20039_80280517_20251020_163901.pdf|
|21243|21243|80268879||BL_21243_21243_80268879_20250710_162834.pdf|
|21243|21243|80269066||BL_21243_21243_80269066_20250711_161135.pdf|
|21243|21243|80274625||BL_21243_21243_80274625_20250911_160610.pdf|
|21243|21243|80275452||BL_21243_21243_80275452_20250918_150244.pdf|
|21243|21243|80279655||BL_21243_21243_80279655_20251016_173252.pdf|
|21245|21245|80269353||BL_21245_21245_80269353_20250716_163625.pdf|
|21245|21245|80273012||BL_21245_21245_80273012_20250901_153846.pdf|
|21245|21245|80273273||BL_21245_21245_80273273_20250902_154636.pdf|
|21245|21245|80276331||BL_21245_21245_80276331_20250924_155232.pdf|
|21245|21245|80278279||BL_21245_21245_80278279_20251007_160929.pdf|
|21245|21245|80278806||BL_21245_21245_80278806_20251010_160702.pdf|
|21245|21245|80283514||BL_21245_21245_80283514_20251113_151712.pdf|
|21247|21247|80270059||BL_21247_21247_80270059_20250722_171034.pdf|
|21247|21247|80271095||BL_21247_21247_80271095_20250729_154708.pdf|
|21247|21247|80272974||BL_21247_21247_80272974_20250901_151705.pdf|
|21247|21247|80277951||BL_21247_21247_80277951_20251003_162500.pdf|
|21247|21247|80279942||BL_21247_21247_80279942_20251017_165122.pdf|
|21247|21247|80283524||BL_21247_21247_80283524_20251113_154722.pdf|
|21250|21250|80275216||BL_21250_21250_80275216_20250916_165158.pdf|
|21251|21251|80269676||BL_21251_21251_80269676_20250718_154114.pdf|
|21251|21251|80270813||BL_21251_21251_80270813_20250728_150144.pdf|
|21251|21251|80271094||BL_21251_21251_80271094_20250729_154711.pdf|
|21251|21251|80272148||BL_21251_21251_80272148_20250805_154723.pdf|
|21251|21251|80274664||BL_21251_21251_80274664_20250911_160936.pdf|
|21251|21251|80275785||BL_21251_21251_80275785_20250922_123156.pdf|
|21251|21251|80282094||BL_21251_21251_80282094_20251030_170850.pdf|
|21251|21251|80283238||BL_21251_21251_80283238_20251107_143151.pdf|
|21252|21252|80268663||BL_21252_21252_80268663_20250709_160252.pdf|
|21252|21252|80270273||BL_21252_21252_80270273_20250723_162048.pdf|
|21252|21252|80271612||BL_21252_21252_80271612_20250825_155002.pdf|
|21252|21252|80276617||BL_21252_21252_80276617_20250925_164735.pdf|
|21252|21252|80281228||BL_21252_21252_80281228_20251023_164742.pdf|
|21254|21254|80277728||BL_21254_21254_80277728_20251002_151859.pdf|
|21254|21254|80278981||BL_21254_21254_80278981_20251013_151857.pdf|
|21257|21257|80268674||BL_21257_21257_80268674_20250709_163107.pdf|
|21257|21257|80276898||BL_21257_21257_80276898_20250929_171054.pdf|
|21257|21257|80277583||BL_21257_21257_80277583_20250930_164250.pdf|
|21257|21257|80282696||BL_21257_21257_80282696_20251104_160522.pdf|
|21258|21258|80269325||BL_21258_21258_80269325_20250716_144622.pdf|
|21258|21258|80273264||BL_21258_21258_80273264_20250902_170913.pdf|
|21258|21258|80276472||BL_21258_21258_80276472_20250925_163256.pdf|
|21258|21258|80277076||BL_21258_21258_80277076_20250929_173633.pdf|
|21258|21258|80282891||BL_21258_21258_80282891_20251105_154846.pdf|
|21258|21258|80283587||BL_21258_21258_80283587_20251113_155032.pdf|
|21260|21260|80272889||BL_21260_21260_80272889_20250829_153147.pdf|
|21261|21261|80272963||BL_21261_21261_80272963_20250901_153459.pdf|
|21261|21261|80275966||BL_21261_21261_80275966_20250923_162530.pdf|
|21261|21261|80276534||BL_21261_21261_80276534_20250925_164021.pdf|
|21261|21261|80277182||BL_21261_21261_80277182_20250929_165547.pdf|
|21261|21261|80281270||BL_21261_21261_80281270_20251023_165316.pdf|
|21261|21261|80281603||BL_21261_21261_80281603_20251027_093042.pdf|
|21261|21261|80281728||BL_21261_21261_80281728_20251028_163518.pdf|
|21262|21262|80269523||BL_21262_21262_80269523_20250717_155749.pdf|
|21262|21262|80271043||BL_21262_21262_80271043_20250729_160614.pdf|
|21262|21262|80272656||BL_21262_21262_80272656_20250826_153318.pdf|
|21262|21262|80274406||BL_21262_21262_80274406_20250910_160404.pdf|
|21262|21262|80275603||BL_21262_21262_80275603_20250919_165914.pdf|
|21262|21262|80275977||BL_21262_21262_80275977_20250923_160358.pdf|
|21262|21262|80278220||BL_21262_21262_80278220_20251007_154648.pdf|
|21262|21262|80279334||BL_21262_21262_80279334_20251014_163921.pdf|
|21262|21262|80280026||BL_21262_21262_80280026_20251017_172014.pdf|
|21262|21262|80280847||BL_21262_21262_80280847_20251021_163905.pdf|
|21262|21262|80282358||BL_21262_21262_80282358_20251031_155536.pdf|
|21262|21262|80282562||BL_21262_21262_80282562_20251103_161220.pdf|
|21262|21262|80283350||BL_21262_21262_80283350_20251112_162001.pdf|
|21263|21263|80281511||BL_21263_21263_80281511_20251027_164741.pdf|
|21263|21263|80282783||BL_21263_21263_80282783_20251105_154655.pdf|
|21266|25211|80268704||BL_21266_25211_80268704_20250709_160318.pdf|
|21266|25211|80275461||BL_21266_25211_80275461_20250918_152820.pdf|
|21266|25211|80282714||BL_21266_25211_80282714_20251104_160752.pdf|
|21268|21268|80268815||BL_21268_21268_80268815_20250710_162255.pdf|
|21268|21268|80270649||BL_21268_21268_80270649_20250725_113103.pdf|
|21268|21268|80271798||BL_21268_21268_80271798_20250825_160129.pdf|
|21268|21268|80273260||BL_21268_21268_80273260_20250903_155606.pdf|
|21268|21268|80275129||BL_21268_21268_80275129_20250916_164121.pdf|
|21268|21268|80275744||BL_21268_21268_80275744_20250922_162002.pdf|
|21268|21268|80276936||BL_21268_21268_80276936_20250929_164951.pdf|
|21268|21268|80278248||BL_21268_21268_80278248_20251007_154751.pdf|
|21268|21268|80279691||BL_21268_21268_80279691_20251016_173739.pdf|
|21268|21268|80280224||BL_21268_21268_80280224_20251020_163224.pdf|
|21270|21270|80269749||BL_21270_21270_80269749_20250721_160134.pdf|
|21270|21270|80271735||BL_21270_21270_80271735_20250825_155639.pdf|
|21270|21270|80274260||BL_21270_21270_80274260_20250909_163519.pdf|
|21270|21270|80280641||BL_21270_21270_80280641_20251021_163159.pdf|
|21271|21271|80270444||BL_21271_21271_80270444_20250724_165033.pdf|
|21271|21271|80275908||BL_21271_21271_80275908_20250923_162126.pdf|
|21271|21271|80276540||BL_21271_21271_80276540_20250925_161814.pdf|
|21271|21271|80277169||BL_21271_21271_80277169_20250929_165609.pdf|
|21271|21271|80277443||BL_21271_21271_80277443_20250930_163320.pdf|
|21271|21271|80278407||BL_21271_21271_80278407_20251008_154639.pdf|
|21271|21271|80281694||BL_21271_21271_80281694_20251028_164752.pdf|
|21272|21272|80275754||BL_21272_21272_80275754_20250922_162329.pdf|
|21272|21272|80281664||BL_21272_21272_80281664_20251029_163223.pdf|
|21275|21275|80268461||BL_21275_21275_80268461_20250708_163257.pdf|
|21275|21275|80269632||BL_21275_21275_80269632_20250718_153424.pdf|
|21275|21275|80271200||BL_21275_21275_80271200_20250730_153329.pdf|
|21275|21275|80277444||BL_21275_21275_80277444_20250930_163313.pdf|
|21275|21275|80281785||BL_21275_21275_80281785_20251028_165404.pdf|
|21275|21275|80282916||BL_21275_21275_80282916_20251105_155021.pdf|
|21275|21275|80283602||BL_21275_21275_80283602_20251113_155359.pdf|
|21276|21276|80270805||BL_21276_21276_80270805_20250728_165015.pdf|
|21276|21276|80275494||BL_21276_21276_80275494_20250918_152915.pdf|
|21276|21276|80278282||BL_21276_21276_80278282_20251007_160912.pdf|
|21276|21276|80283510||BL_21276_21276_80283510_20251113_154810.pdf|
|21277|21277|80268820||BL_21277_21277_80268820_20250710_162219.pdf|
|21277|21277|80270876||BL_21277_21277_80270876_20250728_150212.pdf|
|21277|21277|80275705||BL_21277_21277_80275705_20250922_154623.pdf|
|21277|21277|80278223||BL_21277_21277_80278223_20251007_160751.pdf|
|21277|21277|80282788||BL_21277_21277_80282788_20251105_160140.pdf|
|21279|21279|80268239||BL_21279_21279_80268239_20250707_153718.pdf|
|21279|21279|80268240||BL_21279_21279_80268240_20250707_153716.pdf|
|21279|21279|80271248||BL_21279_21279_80271248_20250730_153520.pdf|
|21279|21279|80271849||BL_21279_21279_80271849_20250731_155111.pdf|
|21279|21279|80275221||BL_21279_21279_80275221_20250916_165145.pdf|
|21279|21279|80275324||BL_21279_21279_80275324_20250917_153430.pdf|
|21279|21279|80278354||BL_21279_21279_80278354_20251007_154953.pdf|
|21279|21279|80280835||BL_21279_21279_80280835_20251022_155225.pdf|
|21280|21280|80268796||BL_21280_21280_80268796_20250710_162045.pdf|
|21280|21280|80270878||BL_21280_21280_80270878_20250728_165834.pdf|
|21280|21280|80271165||BL_21280_21280_80271165_20250730_153253.pdf|
|21280|21280|80271912||BL_21280_21280_80271912_20250801_150248.pdf|
|21280|21280|80273673||BL_21280_21280_80273673_20250905_160819.pdf|
|21280|21280|80277630||BL_21280_21280_80277630_20251001_161743.pdf|
|21280|21280|80279741||BL_21280_21280_80279741_20251016_175026.pdf|
|21280|21280|80283131||BL_21280_21280_80283131_20251106_154925.pdf|
|21280|21280|80283414||BL_21280_21280_80283414_20251112_162322.pdf|
|21280|21280|80283648||BL_21280_21280_80283648_20251113_152034.pdf|
|21281|21281|80268432||BL_21281_21281_80268432_20250708_170445.pdf|
|21281|21281|80268843||BL_21281_21281_80268843_20250710_162412.pdf|
|21281|21281|80271190||BL_21281_21281_80271190_20250730_153349.pdf|
|21281|21281|80275141||BL_21281_21281_80275141_20250916_163908.pdf|
|21281|21281|80279781||BL_21281_21281_80279781_20251016_175135.pdf|
|21281|21281|80279859||BL_21281_21281_80279859_20251017_164916.pdf|
|21281|21281|80282845||BL_21281_21281_80282845_20251105_154740.pdf|
|21282|21282|80268859||BL_21282_21282_80268859_20250710_162652.pdf|
|21283|21283|80269594||BL_21283_21283_80269594_20250718_153403.pdf|
|21283|21283|80270695||BL_21283_21283_80270695_20250725_121043.pdf|
|21283|21283|80274856||BL_21283_21283_80274856_20250915_170649.pdf|
|21283|21283|80275210||BL_21283_21283_80275210_20250916_164824.pdf|
|21283|21283|80277808||BL_21283_21283_80277808_20251002_155559.pdf|
|21283|21283|80278881||BL_21283_21283_80278881_20251014_164821.pdf|
|21287|21287|80271485||BL_21287_21287_80271485_20250731_162510.pdf|
|21287|21287|80272393||BL_21287_21287_80272393_20250825_164235.pdf|
|21287|21287|80276568||BL_21287_21287_80276568_20250925_164345.pdf|
|21291|21291|80280802||BL_21291_21291_80280802_20251022_154731.pdf|
|21295|21295|80268243||BL_21295_21295_80268243_20250707_153708.pdf|
|21295|21295|80271876||BL_21295_21295_80271876_20250801_153136.pdf|
|21295|21295|80277957||BL_21295_21295_80277957_20251003_162416.pdf|
|21295|21295|80277958||BL_21295_21295_80277958_20251003_162413.pdf|
|21295|21295|80278358||BL_21295_21295_80278358_20251007_154946.pdf|
|21295|21295|80278812||BL_21295_21295_80278812_20251010_161033.pdf|
|21295|21295|80279684||BL_21295_21295_80279684_20251016_173838.pdf|
|21301|21301|80268430||BL_21301_21301_80268430_20250708_163130.pdf|
|21301|21301|80269445||BL_21301_21301_80269445_20250717_154841.pdf|
|21301|21301|80271668||BL_21301_21301_80271668_20250825_155207.pdf|
|21301|21301|80275387||BL_21301_21301_80275387_20250918_151719.pdf|
|21301|21301|80276984||BL_21301_21301_80276984_20250929_165053.pdf|
|21301|21301|80280379||BL_21301_21301_80280379_20251020_163540.pdf|
|21302|21302|80268407||BL_21302_21302_80268407_20250708_170248.pdf|
|21302|21302|80269035||BL_21302_21302_80269035_20250711_160732.pdf|
|21302|21302|80269507||BL_21302_21302_80269507_20250717_155551.pdf|
|21302|21302|80270257||BL_21302_21302_80270257_20250723_162121.pdf|
|21302|21302|80271050||BL_21302_21302_80271050_20250729_160555.pdf|
|21302|21302|80272811||BL_21302_21302_80272811_20250828_151737.pdf|
|21302|21302|80273984||BL_21302_21302_80273984_20250909_161902.pdf|
|21302|21302|80276744||BL_21302_21302_80276744_20250926_153400.pdf|
|21302|21302|80277921||BL_21302_21302_80277921_20251003_161936.pdf|
|21302|21302|80279173||BL_21302_21302_80279173_20251013_152441.pdf|
|21302|21302|80279705||BL_21302_21302_80279705_20251016_174020.pdf|
|21302|21302|80280588||BL_21302_21302_80280588_20251020_163946.pdf|
|21302|21302|80281889||BL_21302_21302_80281889_20251029_163258.pdf|
|21307|21307|80271066||BL_21307_21307_80271066_20250729_154733.pdf|
|21307|21307|80271193||BL_21307_21307_80271193_20250730_153343.pdf|
|21307|21307|80273653||BL_21307_21307_80273653_20250905_160526.pdf|
|21307|21307|80275938||BL_21307_21307_80275938_20250923_162250.pdf|
|21307|21307|80277260||BL_21307_21307_80277260_20250929_165823.pdf|
|21307|21307|80280425||BL_21307_21307_80280425_20251020_163652.pdf|
|21307|21307|80280878||BL_21307_21307_80280878_20251022_155509.pdf|
|21308|21308|80271883||BL_21308_21308_80271883_20250801_150133.pdf|
|21308|21308|80281946||BL_21308_21308_80281946_20251029_163756.pdf|
|21309|21309|80268989||BL_21309_21309_80268989_20250715_170223.pdf|
|21309|21309|80271216||BL_21309_21309_80271216_20250730_153446.pdf|
|21309|21309|80275586||BL_21309_21309_80275586_20250919_165612.pdf|
|21309|21309|80277144||BL_21309_21309_80277144_20250929_165541.pdf|
|21309|21309|80280392||BL_21309_21309_80280392_20251020_163510.pdf|
|21309|21309|80281772||BL_21309_21309_80281772_20251028_165039.pdf|
|21314|21314|80270436||BL_21314_21314_80270436_20250724_165137.pdf|
|21314|21314|80271228||BL_21314_21314_80271228_20250730_153425.pdf|
|21314|21314|80276512||BL_21314_21314_80276512_20250925_163702.pdf|
|21314|21314|80277070||BL_21314_21314_80277070_20250929_165301.pdf|
|21314|21314|80278221||BL_21314_21314_80278221_20251007_154640.pdf|
|21314|21314|80282896||BL_21314_21314_80282896_20251105_154946.pdf|
|21317|21317|80268490||BL_21317_21317_80268490_20250708_170925.pdf|
|21317|21317|80271464||BL_21317_21317_80271464_20250731_162532.pdf|
|21317|21317|80274043||BL_21317_21317_80274043_20250909_162213.pdf|
|21317|21317|80274261||BL_21317_21317_80274261_20250909_163516.pdf|
|21317|21317|80274926||BL_21317_21317_80274926_20250915_164659.pdf|
|21317|21317|80277210||BL_21317_21317_80277210_20250929_165718.pdf|
|21317|21317|80279310||BL_21317_21317_80279310_20251014_165614.pdf|
|21317|21317|80280578||BL_21317_21317_80280578_20251020_164001.pdf|
|21317|21317|80281520||BL_21317_21317_80281520_20251027_163407.pdf|
|21317|21317|80282477||BL_21317_21317_80282477_20251103_160603.pdf|
|21322|21322|80270323||BL_21322_21322_80270323_20250723_162418.pdf|
|21322|21322|80272049||BL_21322_21322_80272049_20250804_160441.pdf|
|21322|21322|80277810||BL_21322_21322_80277810_20251002_155839.pdf|
|21329|21329|80268577||BL_21329_21329_80268577_20250708_160412.pdf|
|21329|21329|80268578||BL_21329_21329_80268578_20250708_160416.pdf|
|21329|21329|80269690||BL_21329_21329_80269690_20250718_154009.pdf|
|21329|21329|80269861||BL_21329_21329_80269861_20250721_160912.pdf|
|21329|21329|80270319||BL_21329_21329_80270319_20250723_162429.pdf|
|21329|21329|80270806||BL_21329_21329_80270806_20250728_165009.pdf|
|21329|21329|80272289||BL_21329_21329_80272289_20250806_151716.pdf|
|21329|21329|80272336||BL_21329_21329_80272336_20250807_154740.pdf|
|21329|21329|80274807||BL_21329_21329_80274807_20250912_161247.pdf|
|21329|21329|80275492||BL_21329_21329_80275492_20250918_152918.pdf|
|21329|21329|80279686||BL_21329_21329_80279686_20251016_173823.pdf|
|21331|21331|80269462||BL_21331_21331_80269462_20250717_155106.pdf|
|21331|21331|80271358||BL_21331_21331_80271358_20250731_161744.pdf|
|21331|21331|80273888||BL_21331_21331_80273888_20250905_161316.pdf|
|21331|21331|80274755||BL_21331_21331_80274755_20250912_160731.pdf|
|21331|21331|80275612||BL_21331_21331_80275612_20250919_151640.pdf|
|21331|21331|80277736||BL_21331_21331_80277736_20251002_151850.pdf|
|21331|21331|80279038||BL_21331_21331_80279038_20251013_151931.pdf|
|21332|21332|80277906||BL_21332_21332_80277906_20251003_161703.pdf|
|21332|21332|80279078||BL_21332_21332_80279078_20251013_152044.pdf|
|21332|21332|80279324||BL_21332_21332_80279324_20251014_165850.pdf|
|21332|21332|80279485||BL_21332_21332_80279485_20251015_160307.pdf|
|21332|21332|80281697||BL_21332_21332_80281697_20251028_163504.pdf|
|21334|21334|80271368||BL_21334_21334_80271368_20250731_161957.pdf|
|21334|21334|80272127||BL_21334_21334_80272127_20250805_154630.pdf|
|21334|21334|80275294||BL_21334_21334_80275294_20250917_153335.pdf|
|21334|21334|80278356||BL_21334_21334_80278356_20251007_154950.pdf|
|21334|21334|80278927||BL_21334_21334_80278927_20251014_164857.pdf|
|21336|21336|80268549||BL_21336_21336_80268549_20250708_171201.pdf|
|21336|21336|80272001||BL_21336_21336_80272001_20250804_160245.pdf|
|21336|21336|80275625||BL_21336_21336_80275625_20250919_151651.pdf|
|21336|21336|80276751||BL_21336_21336_80276751_20250926_153815.pdf|
|21336|21336|80278802||BL_21336_21336_80278802_20251010_160728.pdf|
|21336|21336|80282282||BL_21336_21336_80282282_20251031_154847.pdf|
|21336|21336|80283329||BL_21336_21336_80283329_20251112_161626.pdf|
|21341|21341|80276832||BL_21341_21341_80276832_20250929_170451.pdf|
|21341|21341|80282912||BL_21341_21341_80282912_20251105_154921.pdf|
|21341|21341|80283390||BL_21341_21341_80283390_20251112_162107.pdf|
|21341|21341|80283770||BL_21341_21341_80283770_20251113_163113.pdf|
|21343|21343|80270311||BL_21343_21343_80270311_20250723_162245.pdf|
|21343|21343|80272432||BL_21343_21343_80272432_20250808_154606.pdf|
|21343|21343|80275187||BL_21343_21343_80275187_20250916_164550.pdf|
|21343|21343|80278123||BL_21343_21343_80278123_20251006_161537.pdf|
|21343|21343|80282713||BL_21343_21343_80282713_20251104_160804.pdf|
|21346|21346|80268242||BL_21346_21346_80268242_20250707_153711.pdf|
|21346|21346|80268523||BL_21346_21346_80268523_20250708_171037.pdf|
|21346|21346|80268871||BL_21346_21346_80268871_20250710_162537.pdf|
|21346|21346|80269339||BL_21346_21346_80269339_20250716_163405.pdf|
|21346|21346|80270043||BL_21346_21346_80270043_20250722_170839.pdf|
|21346|21346|80270286||BL_21346_21346_80270286_20250723_162155.pdf|
|21346|21346|80270473||BL_21346_21346_80270473_20250724_165208.pdf|
|21346|21346|80271875||BL_21346_21346_80271875_20250801_153152.pdf|
|21346|21346|80271955||BL_21346_21346_80271955_20250801_150215.pdf|
|21346|21346|80272878||BL_21346_21346_80272878_20250829_153229.pdf|
|21346|21346|80273405||BL_21346_21346_80273405_20250903_151606.pdf|
|21346|21346|80274659||BL_21346_21346_80274659_20250911_161030.pdf|
|21346|21346|80275631||BL_21346_21346_80275631_20250919_151653.pdf|
|21346|21346|80278318||BL_21346_21346_80278318_20251007_155005.pdf|
|21346|21346|80278929||BL_21346_21346_80278929_20251014_164851.pdf|
|21346|21346|80279958||BL_21346_21346_80279958_20251017_165128.pdf|
|21346|21346|80282465||BL_21346_21346_80282465_20251103_151709.pdf|
|21346|21346|80283523||BL_21346_21346_80283523_20251113_154729.pdf|
|21351|21351|80278061||BL_21351_21351_80278061_20251006_160940.pdf|
|21351|21351|80279457||BL_21351_21351_80279457_20251015_160222.pdf|
|21351|21351|80282822||BL_21351_21351_80282822_20251105_154757.pdf|
|21352|21352|80268835||BL_21352_21352_80268835_20250710_162426.pdf|
|21352|21352|80272956||BL_21352_21352_80272956_20250901_151737.pdf|
|21352|21352|80274408||BL_21352_21352_80274408_20250910_160327.pdf|
|21352|21352|80277228||BL_21352_21352_80277228_20250929_165801.pdf|
|21352|21352|80280537||BL_21352_21352_80280537_20251020_163928.pdf|
|21352|21352|80282114||BL_21352_21352_80282114_20251030_171131.pdf|
|21352|21352|80282230||BL_21352_21352_80282230_20251030_092005.pdf|
|21352|21352|80282334||BL_21352_21352_80282334_20251031_144733.pdf|
|21354|21354|80270786||BL_21354_21354_80270786_20250728_103040.pdf|
|21354|21354|80271004||BL_21354_21354_80271004_20250729_160205.pdf|
|21354|21354|80272359||BL_21354_21354_80272359_20250807_154822.pdf|
|21354|21354|80274631||BL_21354_21354_80274631_20250911_160517.pdf|
|21354|21354|80277970||BL_21354_21354_80277970_20251003_162604.pdf|
|21354|21354|80279685||BL_21354_21354_80279685_20251016_173831.pdf|
|21362|21362|80268297||BL_21362_21362_80268297_20250707_154305.pdf|
|21362|21362|80270297||BL_21362_21362_80270297_20250723_162136.pdf|
|21362|21362|80271590||BL_21362_21362_80271590_20250825_154837.pdf|
|21362|21362|80274646||BL_21362_21362_80274646_20250911_160727.pdf|
|21362|21362|80278266||BL_21362_21362_80278266_20251007_154850.pdf|
|21362|21362|80281218||BL_21362_21362_80281218_20251023_164849.pdf|
|21372|21372|80278059||BL_21372_21372_80278059_20251006_160950.pdf|
|21372|21372|80279458||BL_21372_21372_80279458_20251015_160220.pdf|
|21372|21372|80282820||BL_21372_21372_80282820_20251105_154800.pdf|
|21376|21376|80269305||BL_21376_21376_80269305_20250716_164645.pdf|
|21376|21376|80269581||BL_21376_21376_80269581_20250718_153219.pdf|
|21376|21376|80271664||BL_21376_21376_80271664_20250826_091619.pdf|
|21376|21376|80274294||BL_21376_21376_80274294_20250909_164006.pdf|
|21376|21376|80277608||BL_21376_21376_80277608_20251001_161622.pdf|
|21376|21376|80280873||BL_21376_21376_80280873_20251022_155520.pdf|
|21376|21376|80281816||BL_21376_21376_80281816_20251028_163949.pdf|
|21376|21376|80282643||BL_21376_21376_80282643_20251104_160422.pdf|
|21377|21377|80269408||BL_21377_21377_80269408_20250717_154801.pdf|
|21377|21377|80269847||BL_21377_21377_80269847_20250721_153240.pdf|
|21377|21377|80270430||BL_21377_21377_80270430_20250724_164749.pdf|
|21377|21377|80272028||BL_21377_21377_80272028_20250804_160353.pdf|
|21377|21377|80272601||BL_21377_21377_80272601_20250825_160815.pdf|
|21377|21377|80274103||BL_21377_21377_80274103_20250908_160244.pdf|
|21377|21377|80274248||BL_21377_21377_80274248_20250909_164656.pdf|
|21377|21377|80277945||BL_21377_21377_80277945_20251003_162144.pdf|
|21377|21377|80282080||BL_21377_21377_80282080_20251030_170524.pdf|
|21381|21381|80268908||BL_21381_21381_80268908_20250710_151809.pdf|
|21381|21381|80269806||BL_21381_21381_80269806_20250721_160503.pdf|
|21381|21381|80270830||BL_21381_21381_80270830_20250728_150305.pdf|
|21381|21381|80274848||BL_21381_21381_80274848_20250915_170213.pdf|
|21381|21381|80281829||BL_21381_21381_80281829_20251028_165540.pdf|
|21385|21385|80274616||BL_21385_21385_80274616_20250911_160322.pdf|
|21386|21386|80270058||BL_21386_21386_80270058_20250722_170733.pdf|
|21386|21386|80270167||BL_21386_21386_80270167_20250722_171427.pdf|
|21386|21386|80271599||BL_21386_21386_80271599_20250825_163840.pdf|
|21386|21386|80275190||BL_21386_21386_80275190_20250916_165021.pdf|
|21386|21386|80279643||BL_21386_21386_80279643_20251022_162301.pdf|
|21395|21395|80274893||BL_21395_21395_80274893_20250915_171221.pdf|
|21395|21395|80275467||BL_21395_21395_80275467_20250918_152742.pdf|
|21395|21395|80276574||BL_21395_21395_80276574_20250925_173407.pdf|
|21395|21395|80281979||BL_21395_21395_80281979_20251029_164359.pdf|
|21396|21396|80269451||BL_21396_21396_80269451_20250717_174645.pdf|
|21396|21396|80275097||BL_21396_21396_80275097_20250916_163421.pdf|
|21399|21399|80270312||BL_21399_21399_80270312_20250723_162243.pdf|
|21399|21399|80271271||BL_21399_21399_80271271_20250730_155123.pdf|
|21399|21399|80272354||BL_21399_21399_80272354_20250807_154833.pdf|
|21399|21399|80272973||BL_21399_21399_80272973_20250901_153350.pdf|
|21399|21399|80273420||BL_21399_21399_80273420_20250903_155906.pdf|
|21399|21399|80279070||BL_21399_21399_80279070_20251013_165402.pdf|
|21400|21400|80271902||BL_21400_21400_80271902_20250801_150116.pdf|
|21400|21400|80275450||BL_21400_21400_80275450_20250918_152458.pdf|
|21400|21400|80279657||BL_21400_21400_80279657_20251016_173711.pdf|
|21400|21400|80282275||BL_21400_21400_80282275_20251031_154952.pdf|
|21403|21403|80281528||BL_21403_21403_80281528_20251027_165032.pdf|
|21404|21404|80268286||BL_21404_21404_80268286_20250707_154037.pdf|
|21404|21404|80268287||BL_21404_21404_80268287_20250707_154031.pdf|
|21404|21404|80269434||BL_21404_21404_80269434_20250717_153237.pdf|
|21404|21404|80274798||BL_21404_21404_80274798_20250912_153212.pdf|
|21404|21404|80276590||BL_21404_21404_80276590_20250925_164148.pdf|
|21404|21404|80276752||BL_21404_21404_80276752_20250926_150412.pdf|
|21404|21404|80281985||BL_21404_21404_80281985_20251029_164334.pdf|
|21404|21404|80283073||BL_21404_21404_80283073_20251105_155225.pdf|
|21406|21406|80270714||BL_21406_21406_80270714_20250725_121249.pdf|
|21406|21406|80271996||BL_21406_21406_80271996_20250804_160253.pdf|
|21407|21407|80278413||BL_21407_21407_80278413_20251008_154659.pdf|
|21409|21409|80277721||BL_21409_21409_80277721_20251002_151914.pdf|
|21411|21411|80273191||BL_21411_21411_80273191_20250902_170309.pdf|
|21411|21411|80274010||BL_21411_21411_80274010_20250908_161717.pdf|
|21411|21411|80278048||BL_21411_21411_80278048_20251006_160643.pdf|
|21411|21411|80278327||BL_21411_21411_80278327_20251006_161456.pdf|
|21411|21411|80278621||BL_21411_21411_80278621_20251009_162144.pdf|
|21411|21411|80278704||BL_21411_21411_80278704_20251013_151640.pdf|
|21411|21411|80279170||BL_21411_21411_80279170_20251013_152312.pdf|
|21411|21411|80280573||BL_21411_21411_80280573_20251020_161901.pdf|
|21411|21411|80282531||BL_21411_21411_80282531_20251103_151831.pdf|
|21412|21412|80274026||BL_21412_21412_80274026_20250908_161811.pdf|
|21412|21412|80275639||BL_21412_21412_80275639_20250919_151700.pdf|
|21412|21412|80277503||BL_21412_21412_80277503_20250930_164026.pdf|
|21416|21416|80272118||BL_21416_21416_80272118_20250805_154649.pdf|
|21416|21416|80274343||BL_21416_21416_80274343_20250909_164057.pdf|
|21416|21416|80274861||BL_21416_21416_80274861_20250915_170542.pdf|
|21416|21416|80275312||BL_21416_21416_80275312_20250917_153521.pdf|
|21416|21416|80276700||BL_21416_21416_80276700_20250926_150249.pdf|
|21416|21416|80277201||BL_21416_21416_80277201_20250929_165623.pdf|
|21416|21416|80279464||BL_21416_21416_80279464_20251015_161800.pdf|
|21416|21416|80280568||BL_21416_21416_80280568_20251020_164014.pdf|
|21416|21416|80283347||BL_21416_21416_80283347_20251112_162008.pdf|
|21417|21417|80269673||BL_21417_21417_80269673_20250718_153736.pdf|
|21417|21417|80271911||BL_21417_21417_80271911_20250801_150250.pdf|
|21417|21417|80271938||BL_21417_21417_80271938_20250805_161602.pdf|
|21417|21417|80273319||BL_21417_21417_80273319_20250903_155745.pdf|
|21417|21417|80275644||BL_21417_21417_80275644_20250919_170003.pdf|
|21417|21417|80275862||BL_21417_21417_80275862_20250923_162013.pdf|
|21417|21417|80281467||BL_21417_21417_80281467_20251024_171113.pdf|
|21421|21421|80269268||BL_21421_21421_80269268_20250715_160849.pdf|
|21421|21421|80275472||BL_21421_21421_80275472_20250918_152722.pdf|
|21421|21421|80278395||BL_21421_21421_80278395_20251008_154626.pdf|
|21421|21421|80279957||BL_21421_21421_80279957_20251017_165133.pdf|
|21422|21422|80271285||BL_21422_21422_80271285_20250730_153606.pdf|
|21422|21422|80273007||BL_21422_21422_80273007_20250901_153904.pdf|
|21422|21422|80273743||BL_21422_21422_80273743_20250904_155820.pdf|
|21422|21422|80282613||BL_21422_21422_80282613_20251104_144617.pdf|
|21423|21423|80270661||BL_21423_21423_80270661_20250725_121006.pdf|
|21423|21423|80271222||BL_21423_21423_80271222_20250730_153436.pdf|
|21423|21423|80273107||BL_21423_21423_80273107_20250902_170232.pdf|
|21423|21423|80279360||BL_21423_21423_80279360_20251014_170127.pdf|
|21423|21423|80281546||BL_21423_21423_80281546_20251027_163426.pdf|
|21425|21425|80268583||BL_21425_21425_80268583_20250708_171341.pdf|
|21425|21425|80269205||BL_21425_21425_80269205_20250715_150320.pdf|
|21425|21425|80270014||BL_21425_21425_80270014_20250722_170706.pdf|
|21425|21425|80270392||BL_21425_21425_80270392_20250723_111542.pdf|
|21425|21425|80270527||BL_21425_21425_80270527_20250723_162637.pdf|
|21425|21425|80270623||BL_21425_21425_80270623_20250725_113145.pdf|
|21425|21425|80271016||BL_21425_21425_80271016_20250729_154648.pdf|
|21425|21425|80271408||BL_21425_21425_80271408_20250731_162037.pdf|
|21425|21425|80271409||BL_21425_21425_80271409_20250731_162031.pdf|
|21425|21425|80272105||BL_21425_21425_80272105_20250805_160112.pdf|
|21425|21425|80272735||BL_21425_21425_80272735_20250827_150142.pdf|
|21425|21425|80273723||BL_21425_21425_80273723_20250904_155556.pdf|
|21425|21425|80273974||BL_21425_21425_80273974_20250908_163147.pdf|
|21425|21425|80274267||BL_21425_21425_80274267_20250909_164544.pdf|
|21425|21425|80274603||BL_21425_21425_80274603_20250911_160447.pdf|
|21425|21425|80274968||BL_21425_21425_80274968_20250915_164846.pdf|
|21425|21425|80275343||BL_21425_21425_80275343_20250917_164704.pdf|
|21425|21425|80276434||BL_21425_21425_80276434_20250924_155344.pdf|
|21425|21425|80278772||BL_21425_21425_80278772_20251010_160524.pdf|
|21425|21425|80279064||BL_21425_21425_80279064_20251013_151923.pdf|
|21425|21425|80279158||BL_21425_21425_80279158_20251013_152344.pdf|
|21425|21425|80280033||BL_21425_21425_80280033_20251017_172008.pdf|
|21425|21425|80281050||BL_21425_21425_80281050_20251022_160028.pdf|
|21425|21425|80281444||BL_21425_21425_80281444_20251024_170846.pdf|
|21425|21425|80281887||BL_21425_21425_80281887_20251029_163309.pdf|
|21425|21425|80282331||BL_21425_21425_80282331_20251031_155325.pdf|
|21427|21427|80268294||BL_21427_21427_80268294_20250707_150212.pdf|
|21427|21427|80270951||BL_21427_21427_80270951_20250728_170208.pdf|
|21427|21427|80273187||BL_21427_21427_80273187_20250903_155132.pdf|
|21427|21427|80276446||BL_21427_21427_80276446_20250924_155321.pdf|
|21427|21427|80276724||BL_21427_21427_80276724_20250926_150324.pdf|
|21427|21427|80279286||BL_21427_21427_80279286_20251021_154714.pdf|
|21427|21427|80281081||BL_21427_21427_80281081_20251022_153118.pdf|
|21427|21427|80281303||BL_21427_21427_80281303_20251023_094554.pdf|
|21429|21429|80271432||BL_21429_21429_80271432_20250731_154656.pdf|
|21429|21429|80276569||BL_21429_21429_80276569_20250925_164330.pdf|
|21429|21429|80276657||BL_21429_21429_80276657_20250925_161921.pdf|
|21430|21430|80273416||BL_21430_21430_80273416_20250903_143246.pdf|
|21430|21430|80278298||BL_21430_21430_80278298_20251007_154918.pdf|
|21430|21430|80279966||BL_21430_21430_80279966_20251017_165509.pdf|
|21430|21430|80281581||BL_21430_21430_80281581_20251027_163719.pdf|
|21432|21432|80269766||BL_21432_21432_80269766_20250721_160401.pdf|
|21432|21432|80271907||BL_21432_21432_80271907_20250801_150258.pdf|
|21432|21432|80277759||BL_21432_21432_80277759_20251002_155533.pdf|
|21432|21432|80279101||BL_21432_21432_80279101_20251013_152120.pdf|
|21432|21432|80280348||BL_21432_21432_80280348_20251020_163503.pdf|
|21435|21435|80275489||BL_21435_21435_80275489_20250918_152932.pdf|
|21435|21435|80275623||BL_21435_21435_80275623_20250919_151646.pdf|
|21435|21435|80280706||BL_21435_21435_80280706_20251021_163258.pdf|
|21436|21436|80274210||BL_21436_21436_80274210_20250909_164451.pdf|
|21436|21436|80274414||BL_21436_21436_80274414_20250910_160810.pdf|
|21436|21436|80274713||BL_21436_21436_80274713_20250912_160253.pdf|
|21437|21437|80270062||BL_21437_21437_80270062_20250722_161612.pdf|
|21437|21437|80270310||BL_21437_21437_80270310_20250723_162246.pdf|
|21437|21437|80274620||BL_21437_21437_80274620_20250911_160634.pdf|
|21438|21438|80269319||BL_21438_21438_80269319_20250716_163135.pdf|
|21438|21438|80270849||BL_21438_21438_80270849_20250728_165153.pdf|
|21438|21438|80271397||BL_21438_21438_80271397_20250731_154735.pdf|
|21438|21438|80274911||BL_21438_21438_80274911_20250915_171543.pdf|
|21438|21438|80277037||BL_21438_21438_80277037_20250929_165249.pdf|
|21438|21438|80278754||BL_21438_21438_80278754_20251010_160220.pdf|
|21438|21438|80278906||BL_21438_21438_80278906_20251014_165042.pdf|
|21438|21438|80280313||BL_21438_21438_80280313_20251020_163423.pdf|
|21443|21443|80271030||BL_21443_21443_80271030_20250729_160732.pdf|
|21443|21443|80274251||BL_21443_21443_80274251_20250909_163642.pdf|
|21443|21443|80277240||BL_21443_21443_80277240_20250929_165745.pdf|
|21443|21443|80280605||BL_21443_21443_80280605_20251020_164057.pdf|
|21443|21443|80281112||BL_21443_21443_80281112_20251022_162502.pdf|
|21448|21448|80268218||BL_21448_21448_80268218_20250707_153226.pdf|
|21448|21448|80269192||BL_21448_21448_80269192_20250715_160634.pdf|
|21448|21448|80269756||BL_21448_21448_80269756_20250721_160447.pdf|
|21448|21448|80278060||BL_21448_21448_80278060_20251006_154727.pdf|
|21448|21448|80278237||BL_21448_21448_80278237_20251007_154806.pdf|
|21448|21448|80282499||BL_21448_21448_80282499_20251103_160815.pdf|
|21448|21448|80282819||BL_21448_21448_80282819_20251105_154801.pdf|
|21451|21451|80276763||BL_21451_21451_80276763_20250926_154022.pdf|
|21454|21454|80269204||BL_21454_21454_80269204_20250715_160446.pdf|
|21454|21454|80274641||BL_21454_21454_80274641_20250911_160815.pdf|
|21454|21454|80282042||BL_21454_21454_80282042_20251029_164507.pdf|
|21455|21455|80271040||BL_21455_21455_80271040_20250729_160632.pdf|
|21457|21457|80275164||BL_21457_21457_80275164_20250916_164330.pdf|
|21457|21457|80277029||BL_21457_21457_80277029_20250929_165155.pdf|
|21457|21457|80280246||BL_21457_21457_80280246_20251020_163302.pdf|
|21458|21458|80276715||BL_21458_21458_80276715_20250926_153542.pdf|
|21458|21458|80277100||BL_21458_21458_80277100_20250929_165431.pdf|
|21458|21458|80282876||BL_21458_21458_80282876_20251105_154910.pdf|
|21460|21460|80268681||BL_21460_21460_80268681_20250709_164858.pdf|
|21460|21460|80268891||BL_21460_21460_80268891_20250710_162735.pdf|
|21460|21460|80271855||BL_21460_21460_80271855_20250801_153321.pdf|
|21460|21460|80272019||BL_21460_21460_80272019_20250804_160416.pdf|
|21460|21460|80273310||BL_21460_21460_80273310_20250902_162318.pdf|
|21460|21460|80274854||BL_21460_21460_80274854_20250915_170712.pdf|
|21460|21460|80277802||BL_21460_21460_80277802_20251002_151958.pdf|
|21460|21460|80278365||BL_21460_21460_80278365_20251007_154934.pdf|
|21460|21460|80279273||BL_21460_21460_80279273_20251014_163812.pdf|
|21460|21460|80282291||BL_21460_21460_80282291_20251031_155233.pdf|
|21460|21460|80283146||BL_21460_21460_80283146_20251106_144847.pdf|
|21461|20047|80272724||BL_21461_20047_80272724_20250827_150239.pdf|
|21461|20047|80274273||BL_21461_20047_80274273_20250909_163901.pdf|
|21461|20047|80274762||BL_21461_20047_80274762_20250912_153158.pdf|
|21461|20047|80277754||BL_21461_20047_80277754_20251002_155141.pdf|
|21461|20047|80279332||BL_21461_20047_80279332_20251014_165812.pdf|
|21461|20047|80280609||BL_21461_20047_80280609_20251017_123052.pdf|
|21461|20047|80281719||BL_21461_20047_80281719_20251028_163531.pdf|
|21462|21462|80274278||BL_21462_21462_80274278_20250909_163823.pdf|
|21464|21464|80269440||BL_21464_21464_80269440_20250717_154941.pdf|
|21464|21464|80271035||BL_21464_21464_80271035_20250729_154613.pdf|
|21464|21464|80271153||BL_21464_21464_80271153_20250730_154619.pdf|
|21464|21464|80273625||BL_21464_21464_80273625_20250905_160341.pdf|
|21464|21464|80278081||BL_21464_21464_80278081_20251006_161205.pdf|
|21464|21464|80279062||BL_21464_21464_80279062_20251014_165409.pdf|
|21464|21464|80281253||BL_21464_21464_80281253_20251023_165005.pdf|
|21464|21464|80281994||BL_21464_21464_80281994_20251029_164301.pdf|
|21464|21464|80282795||BL_21464_21464_80282795_20251105_154728.pdf|
|21465|21465|80269628||BL_21465_21465_80269628_20250718_153504.pdf|
|21465|21465|80269791||BL_21465_21465_80269791_20250721_160551.pdf|
|21465|21465|80273636||BL_21465_21465_80273636_20250905_160725.pdf|
|21465|21465|80274298||BL_21465_21465_80274298_20250909_090136.pdf|
|21465|21465|80274957||BL_21465_21465_80274957_20250915_164753.pdf|
|21465|21465|80279329||BL_21465_21465_80279329_20251015_163301.pdf|
|21465|21465|80282826||BL_21465_21465_80282826_20251105_154750.pdf|
|21469|21469|80269765||BL_21469_21469_80269765_20250721_153108.pdf|
|21469|21469|80278734||BL_21469_21469_80278734_20251010_161657.pdf|
|21469|21469|80281046||BL_21469_21469_80281046_20251022_160040.pdf|
|21469|21469|80282057||BL_21469_21469_80282057_20251030_170247.pdf|
|21469|21469|80282853||BL_21469_21469_80282853_20251105_154837.pdf|
|21470|21470|80269067||BL_21470_21470_80269067_20250711_161133.pdf|
|21470|21470|80269688||BL_21470_21470_80269688_20250718_151727.pdf|
|21470|21470|80270306||BL_21470_21470_80270306_20250723_162254.pdf|
|21470|21470|80271574||BL_21470_21470_80271574_20250825_163822.pdf|
|21470|21470|80272965||BL_21470_21470_80272965_20250901_153442.pdf|
|21470|21470|80274007||BL_21470_21470_80274007_20250908_163201.pdf|
|21470|21470|80279008||BL_21470_21470_80279008_20251013_165007.pdf|
|21470|21470|80279255||BL_21470_21470_80279255_20251020_154637.pdf|
|21473|21473|80265837||BL_21473_21473_80265837_20250804_094528.pdf|
|21473|21473|80269798||BL_21473_21473_80269798_20250721_171700.pdf|
|21473|21473|80270503||BL_21473_21473_80270503_20250724_165814.pdf|
|21473|21473|80270651||BL_21473_21473_80270651_20250725_113101.pdf|
|21473|21473|80271197||BL_21473_21473_80271197_20250730_153335.pdf|
|21473|21473|80271944||BL_21473_21473_80271944_20250801_095826.pdf|
|21473|21473|80272806||BL_21473_21473_80272806_20250828_151810.pdf|
|21473|21473|80273466||BL_21473_21473_80273466_20250903_143420.pdf|
|21473|21473|80273880||BL_21473_21473_80273880_20250905_153155.pdf|
|21473|21473|80275149||BL_21473_21473_80275149_20250916_154626.pdf|
|21473|21473|80275235||BL_21473_21473_80275235_20250916_154717.pdf|
|21473|21473|80276052||BL_21473_21473_80276052_20250924_154805.pdf|
|21473|21473|80277448||BL_21473_21473_80277448_20250930_163224.pdf|
|21473|21473|80279015||BL_21473_21473_80279015_20251013_164936.pdf|
|21473|21473|80279493||BL_21473_21473_80279493_20251015_160255.pdf|
|21473|21473|80280111||BL_21473_21473_80280111_20251017_165757.pdf|
|21473|21473|80282316||BL_21473_21473_80282316_20251031_150145.pdf|
|21477|21477|80271180||BL_21477_21477_80271180_20250730_153228.pdf|
|21477|21477|80273210||BL_21477_21477_80273210_20250903_155023.pdf|
|21477|21477|80273861||BL_21477_21477_80273861_20250905_161202.pdf|
|21477|21477|80277288||BL_21477_21477_80277288_20250929_165846.pdf|
|21477|21477|80277635||BL_21477_21477_80277635_20251001_160236.pdf|
|21477|21477|80279299||BL_21477_21477_80279299_20251015_163135.pdf|
|21477|21477|80280452||BL_21477_21477_80280452_20251020_163734.pdf|
|21478|21478|80272058||BL_21478_21478_80272058_20250804_160430.pdf|
|21478|21478|80274868||BL_21478_21478_80274868_20250915_164645.pdf|
|21478|21478|80275052||BL_21478_21478_80275052_20250916_163209.pdf|
|21478|21478|80278363||BL_21478_21478_80278363_20251007_154937.pdf|
|21478|21478|80281463||BL_21478_21478_80281463_20251024_171147.pdf|
|21479|21479|80268852||BL_21479_21479_80268852_20250710_162357.pdf|
|21479|21479|80269522||BL_21479_21479_80269522_20250717_155754.pdf|
|21479|21479|80273467||BL_21479_21479_80273467_20250903_160328.pdf|
|21479|21479|80275974||BL_21479_21479_80275974_20250923_160402.pdf|
|21479|21479|80278428||BL_21479_21479_80278428_20251008_154754.pdf|
|21479|21479|80279780||BL_21479_21479_80279780_20251016_175137.pdf|
|21481|21481|80269775||BL_21481_21481_80269775_20250721_160252.pdf|
|21481|21481|80275134||BL_21481_21481_80275134_20250916_164022.pdf|
|21481|21481|80276946||BL_21481_21481_80276946_20250929_164936.pdf|
|21481|21481|80279886||BL_21481_21481_80279886_20251020_154926.pdf|
|21481|21481|80280227||BL_21481_21481_80280227_20251020_163222.pdf|
|21481|21481|80281106||BL_21481_21481_80281106_20251022_153347.pdf|
|21481|21481|80282312||BL_21481_21481_80282312_20251031_144622.pdf|
|21481|21481|80283591||BL_21481_21481_80283591_20251113_151807.pdf|
|21485|21485|80269670||BL_21485_21485_80269670_20250718_153806.pdf|
|21485|21485|80270384||BL_21485_21485_80270384_20250723_162527.pdf|
|21485|21485|80273747||BL_21485_21485_80273747_20250904_160139.pdf|
|21485|21485|80278801||BL_21485_21485_80278801_20251010_160740.pdf|
|21485|21485|80283155||BL_21485_21485_80283155_20251106_154819.pdf|
|21487|21487|80271672||BL_21487_21487_80271672_20250826_091549.pdf|
|21487|21487|80274737||BL_21487_21487_80274737_20250912_161643.pdf|
|21487|21487|80277752||BL_21487_21487_80277752_20251002_164605.pdf|
|21487|21487|80279153||BL_21487_21487_80279153_20251013_152358.pdf|
|21487|21487|80280296||BL_21487_21487_80280296_20251020_161718.pdf|
|21487|21487|80280849||BL_21487_21487_80280849_20251021_170236.pdf|
|21487|21487|80282144||BL_21487_21487_80282144_20251030_164804.pdf|
|21489|21489|80272023||BL_21489_21489_80272023_20250804_161933.pdf|
|21489|21489|80272372||BL_21489_21489_80272372_20250807_154917.pdf|
|21489|21489|80276899||BL_21489_21489_80276899_20250929_171043.pdf|
|21489|21489|80279956||BL_21489_21489_80279956_20251017_165141.pdf|
|21490|20051|80269166||BL_21490_20051_80269166_20250715_160340.pdf|
|21490|20051|80271005||BL_21490_20051_80271005_20250729_160158.pdf|
|21490|20051|80273613||BL_21490_20051_80273613_20250904_154630.pdf|
|21490|20051|80275287||BL_21490_20051_80275287_20250917_153206.pdf|
|21490|20051|80277631||BL_21490_20051_80277631_20251001_160232.pdf|
|21490|20051|80277778||BL_21490_20051_80277778_20251002_155415.pdf|
|21490|20051|80279559||BL_21490_20051_80279559_20251015_162219.pdf|
|21490|20051|80279814||BL_21490_20051_80279814_20251017_171745.pdf|
|21495|21495|80269654||BL_21495_21495_80269654_20250718_153612.pdf|
|21495|21495|80271187||BL_21495_21495_80271187_20250730_153401.pdf|
|21495|21495|80274283||BL_21495_21495_80274283_20250909_163729.pdf|
|21495|21495|80277207||BL_21495_21495_80277207_20250929_165723.pdf|
|21495|21495|80278610||BL_21495_21495_80278610_20251009_162218.pdf|
|21495|21495|80278702||BL_21495_21495_80278702_20251013_151647.pdf|
|21495|21495|80280575||BL_21495_21495_80280575_20251020_164023.pdf|
|21497|21497|80270980||BL_21497_21497_80270980_20250729_160139.pdf|
|21497|21497|80273328||BL_21497_21497_80273328_20250902_171016.pdf|
|21497|21497|80277493||BL_21497_21497_80277493_20250930_164140.pdf|
|21497|21497|80277831||BL_21497_21497_80277831_20251002_155735.pdf|
|21497|21497|80282695||BL_21497_21497_80282695_20251104_160529.pdf|
|21497|21497|80283486||BL_21497_21497_80283486_20251112_162613.pdf|
|21501|21501|80269500||BL_21501_21501_80269500_20250717_155618.pdf|
|21501|21501|80271352||BL_21501_21501_80271352_20250731_154632.pdf|
|21501|21501|80281745||BL_21501_21501_80281745_20251028_164930.pdf|
|21501|21501|80283348||BL_21501_21501_80283348_20251112_154621.pdf|
|21502|21502|80271991||BL_21502_21502_80271991_20250804_161801.pdf|
|21502|21502|80272608||BL_21502_21502_80272608_20250826_153257.pdf|
|21502|21502|80273982||BL_21502_21502_80273982_20250909_161905.pdf|
|21502|21502|80274608||BL_21502_21502_80274608_20250911_160401.pdf|
|21502|21502|80276553||BL_21502_21502_80276553_20250925_163948.pdf|
|21502|21502|80277272||BL_21502_21502_80277272_20250929_165805.pdf|
|21502|21502|80280435||BL_21502_21502_80280435_20251020_163644.pdf|
|21508|21508|80273879||BL_21508_21508_80273879_20250905_161417.pdf|
|21508|21508|80274088||BL_21508_21508_80274088_20250909_162831.pdf|
|21508|21508|80274421||BL_21508_21508_80274421_20250910_154654.pdf|
|21508|21508|80277289||BL_21508_21508_80277289_20250929_165844.pdf|
|21508|21508|80278473||BL_21508_21508_80278473_20251008_155012.pdf|
|21508|21508|80280453||BL_21508_21508_80280453_20251020_163736.pdf|
|21508|21508|80282183||BL_21508_21508_80282183_20251030_171451.pdf|
|21510|21510|80269182||BL_21510_21510_80269182_20250715_160236.pdf|
|21510|21510|80271267||BL_21510_21510_80271267_20250730_093033.pdf|
|21510|21510|80271377||BL_21510_21510_80271377_20250731_161843.pdf|
|21510|21510|80276582||BL_21510_21510_80276582_20250925_164238.pdf|
|21510|21510|80283531||BL_21510_21510_80283531_20251113_154646.pdf|
|21511|21511|80274422||BL_21511_21511_80274422_20250910_154651.pdf|
|21515|21515|80269161||BL_21515_21515_80269161_20250715_160412.pdf|
|21515|21515|80275132||BL_21515_21515_80275132_20250916_164043.pdf|
|21515|21515|80276948||BL_21515_21515_80276948_20250929_164933.pdf|
|21515|21515|80280229||BL_21515_21515_80280229_20251020_163219.pdf|
|21515|21515|80280883||BL_21515_21515_80280883_20251021_155451.pdf|
|21515|21515|80282490||BL_21515_21515_80282490_20251103_160931.pdf|
|21519|21519|80270305||BL_21519_21519_80270305_20250723_162256.pdf|
|21519|21519|80270536||BL_21519_21519_80270536_20250724_165930.pdf|
|21519|21519|80273762||BL_21519_21519_80273762_20250904_160338.pdf|
|21519|21519|80276897||BL_21519_21519_80276897_20250929_171102.pdf|
|21519|21519|80281457||BL_21519_21519_80281457_20251024_171211.pdf|
|21525|21525|80268822||BL_21525_21525_80268822_20250710_162200.pdf|
|21525|21525|80276281||BL_21525_21525_80276281_20250924_155155.pdf|
|21525|21525|80276493||BL_21525_21525_80276493_20250925_161624.pdf|
|21525|21525|80277083||BL_21525_21525_80277083_20250929_165349.pdf|
|21525|21525|80279133||BL_21525_21525_80279133_20251013_152136.pdf|
|21525|21525|80282885||BL_21525_21525_80282885_20251105_154856.pdf|
|21529|21529|80273251||BL_21529_21529_80273251_20250903_155323.pdf|
|21529|21529|80278049||BL_21529_21529_80278049_20251006_160623.pdf|
|21529|21529|80279456||BL_21529_21529_80279456_20251015_160224.pdf|
|21529|21529|80280870||BL_21529_21529_80280870_20251022_155005.pdf|
|21529|21529|80282824||BL_21529_21529_80282824_20251105_154753.pdf|
|21530|21530|80271462||BL_21530_21530_80271462_20250731_162549.pdf|
|21530|21530|80271673||BL_21530_21530_80271673_20250825_155444.pdf|
|21530|21530|80272886||BL_21530_21530_80272886_20250829_153156.pdf|
|21530|21530|80273514||BL_21530_21530_80273514_20250903_160715.pdf|
|21530|21530|80275597||BL_21530_21530_80275597_20250919_165510.pdf|
|21530|21530|80276095||BL_21530_21530_80276095_20250924_171811.pdf|
|21530|21530|80278956||BL_21530_21530_80278956_20251014_163510.pdf|
|21530|21530|80280143||BL_21530_21530_80280143_20251017_172159.pdf|
|21530|21530|80281089||BL_21530_21530_80281089_20251022_153241.pdf|
|21532|21532|80268673||BL_21532_21532_80268673_20250709_160243.pdf|
|21532|21532|80280695||BL_21532_21532_80280695_20251021_163310.pdf|
|21535|21535|80269406||BL_21535_21535_80269406_20250717_154815.pdf|
|21535|21535|80270308||BL_21535_21535_80270308_20250723_162248.pdf|
|21535|21535|80270677||BL_21535_21535_80270677_20250725_113238.pdf|
|21537|21537|80268402||BL_21537_21537_80268402_20250708_163203.pdf|
|21537|21537|80271685||BL_21537_21537_80271685_20250826_091552.pdf|
|21537|21537|80276891||BL_21537_21537_80276891_20250929_171147.pdf|
|21537|21537|80281779||BL_21537_21537_80281779_20251028_165016.pdf|
|21537|21537|80282919||BL_21537_21537_80282919_20251105_155017.pdf|
|21542|21542|80268225||BL_21542_21542_80268225_20250707_153434.pdf|
|21542|21542|80268799||BL_21542_21542_80268799_20250710_162015.pdf|
|21542|21542|80269608||BL_21542_21542_80269608_20250718_151641.pdf|
|21542|21542|80273871||BL_21542_21542_80273871_20250905_161036.pdf|
|21542|21542|80279034||BL_21542_21542_80279034_20251013_151937.pdf|
|21542|21542|80279703||BL_21542_21542_80279703_20251016_174040.pdf|
|21542|21542|80279915||BL_21542_21542_80279915_20251017_171821.pdf|
|21542|21542|80283621||BL_21542_21542_80283621_20251113_155248.pdf|
|21543|21543|80269471||BL_21543_21543_80269471_20250717_155446.pdf|
|21543|21543|80271204||BL_21543_21543_80271204_20250730_153322.pdf|
|21543|21543|80278192||BL_21543_21543_80278192_20251007_160242.pdf|
|21543|21543|80281494||BL_21543_21543_80281494_20251029_163204.pdf|
|21543|21543|80282787||BL_21543_21543_80282787_20251105_154650.pdf|
|21548|21548|80278783||BL_21548_21548_80278783_20251010_160457.pdf|
|21548|21548|80280644||BL_21548_21548_80280644_20251022_162138.pdf|
|21548|21548|80281102||BL_21548_21548_80281102_20251022_153219.pdf|
|21550|21550|80270991||BL_21550_21550_80270991_20250729_160256.pdf|
|21550|21550|80278113||BL_21550_21550_80278113_20251006_161320.pdf|
|21550|21550|80278884||BL_21550_21550_80278884_20251013_151746.pdf|
|21550|21550|80282272||BL_21550_21550_80282272_20251031_155004.pdf|
|21552|21552|80271270||BL_21552_21552_80271270_20250730_155129.pdf|
|21552|21552|80274875||BL_21552_21552_80274875_20250915_170926.pdf|
|21552|21552|80275214||BL_21552_21552_80275214_20250916_165205.pdf|
|21552|21552|80279550||BL_21552_21552_80279550_20251015_161921.pdf|
|21553|21553|80269175||BL_21553_21553_80269175_20250715_150219.pdf|
|21553|21553|80271025||BL_21553_21553_80271025_20250729_160421.pdf|
|21553|21553|80271784||BL_21553_21553_80271784_20250825_160239.pdf|
|21553|21553|80273631||BL_21553_21553_80273631_20250904_154906.pdf|
|21553|21553|80274704||BL_21553_21553_80274704_20250912_160150.pdf|
|21553|21553|80275062||BL_21553_21553_80275062_20250915_164904.pdf|
|21553|21553|80276129||BL_21553_21553_80276129_20250924_171828.pdf|
|21553|21553|80279742||BL_21553_21553_80279742_20251016_175019.pdf|
|21553|21553|80279913||BL_21553_21553_80279913_20251017_171828.pdf|
|21553|21553|80280040||BL_21553_21553_80280040_20251017_171957.pdf|
|21553|21553|80280874||BL_21553_21553_80280874_20251021_164648.pdf|
|21553|21553|80281578||BL_21553_21553_80281578_20251027_165345.pdf|
|21559|21559|80281407||BL_21559_21559_80281407_20251024_170501.pdf|
|21569|21569|80268912||BL_21569_21569_80268912_20250710_151803.pdf|
|21569|21569|80273344||BL_21569_21569_80273344_20250902_170940.pdf|
|21569|21569|80275645||BL_21569_21569_80275645_20250919_165946.pdf|
|21569|21569|80276049||BL_21569_21569_80276049_20250924_171707.pdf|
|21569|21569|80277605||BL_21569_21569_80277605_20251001_161612.pdf|
|21569|21569|80277606||BL_21569_21569_80277606_20251001_161614.pdf|
|21569|21569|80281614||BL_21569_21569_80281614_20251027_165548.pdf|
|21571|21571|80272116||BL_21571_21571_80272116_20250805_160154.pdf|
|21571|21571|80274132||BL_21571_21571_80274132_20250909_162657.pdf|
|21571|21571|80277280||BL_21571_21571_80277280_20250929_165859.pdf|
|21571|21571|80280443||BL_21571_21571_80280443_20251020_163632.pdf|
|21571|21571|80281913||BL_21571_21571_80281913_20251029_160204.pdf|
|21572|21572|80276857||BL_21572_21572_80276857_20250929_170634.pdf|
|21572|21572|80278232||BL_21572_21572_80278232_20251007_154623.pdf|
|21572|21572|80282494||BL_21572_21572_80282494_20251103_160903.pdf|
|21572|21572|80282830||BL_21572_21572_80282830_20251105_160306.pdf|
|21577|21577|80270784||BL_21577_21577_80270784_20250728_164851.pdf|
|21577|21577|80272249||BL_21577_21577_80272249_20250806_151602.pdf|
|21577|21577|80272337||BL_21577_21577_80272337_20250807_154739.pdf|
|21577|21577|80273940||BL_21577_21577_80273940_20250905_162155.pdf|
|21577|21577|80276031||BL_21577_21577_80276031_20250924_154648.pdf|
|21577|21577|80276608||BL_21577_21577_80276608_20250925_164452.pdf|
|21577|21577|80276773||BL_21577_21577_80276773_20250926_154005.pdf|
|21577|21577|80279952||BL_21577_21577_80279952_20251017_165203.pdf|
|21577|21577|80282270||BL_21577_21577_80282270_20251031_144650.pdf|
|21578|21578|80271613||BL_21578_21578_80271613_20250825_155000.pdf|
|21578|21578|80275720||BL_21578_21578_80275720_20250922_161829.pdf|
|21578|21578|80275876||BL_21578_21578_80275876_20250923_160221.pdf|
|21578|21578|80281449||BL_21578_21578_80281449_20251024_170809.pdf|
|21580|21580|80268867||BL_21580_21580_80268867_20250710_162605.pdf|
|21580|21580|80270994||BL_21580_21580_80270994_20250729_160248.pdf|
|21580|21580|80271623||BL_21580_21580_80271623_20250825_155145.pdf|
|21580|21580|80272312||BL_21580_21580_80272312_20250806_144415.pdf|
|21580|21580|80273289||BL_21580_21580_80273289_20250902_154721.pdf|
|21580|21580|80273430||BL_21580_21580_80273430_20250903_155843.pdf|
|21580|21580|80276572||BL_21580_21580_80276572_20250925_173401.pdf|
|21580|21580|80276573||BL_21580_21580_80276573_20250925_173404.pdf|
|21580|21580|80278286||BL_21580_21580_80278286_20251007_154836.pdf|
|21580|21580|80278798||BL_21580_21580_80278798_20251010_161717.pdf|
|21580|21580|80279570||BL_21580_21580_80279570_20251015_163720.pdf|
|21580|21580|80281968||BL_21580_21580_80281968_20251029_164106.pdf|
|21580|21580|80282524||BL_21580_21580_80282524_20251031_163118.pdf|
|21586|21586|80270965||BL_21586_21586_80270965_20250728_150431.pdf|
|21586|21586|80271360||BL_21586_21586_80271360_20250731_154640.pdf|
|21586|21586|80273159||BL_21586_21586_80273159_20250903_154850.pdf|
|21586|21586|80274751||BL_21586_21586_80274751_20250912_160819.pdf|
|21586|21586|80277018||BL_21586_21586_80277018_20250929_165213.pdf|
|21586|21586|80280333||BL_21586_21586_80280333_20251020_180700.pdf|
|21586|21586|80281288||BL_21586_21586_80281288_20251023_163854.pdf|
|21587|21587|80272898||BL_21587_21587_80272898_20250829_144642.pdf|
|21587|21587|80273178||BL_21587_21587_80273178_20250903_155205.pdf|
|21587|21587|80273484||BL_21587_21587_80273484_20250903_160137.pdf|
|21587|21587|80276391||BL_21587_21587_80276391_20250924_172318.pdf|
|21587|21587|80280508||BL_21587_21587_80280508_20251020_163851.pdf|
|21587|21587|80282182||BL_21587_21587_80282182_20251030_171456.pdf|
|21587|21587|80282240||BL_21587_21587_80282240_20251030_165145.pdf|
|21587|21587|80282517||BL_21587_21587_80282517_20251103_161102.pdf|
|21588|21588|80270484||BL_21588_21588_80270484_20250724_165536.pdf|
|21588|21588|80274566||BL_21588_21588_80274566_20250911_155610.pdf|
|21588|21588|80276498||BL_21588_21588_80276498_20250925_163317.pdf|
|21588|21588|80277063||BL_21588_21588_80277063_20250929_165312.pdf|
|21588|21588|80282449||BL_21588_21588_80282449_20251103_160425.pdf|
|21588|21588|80282829||BL_21588_21588_80282829_20251105_160307.pdf|
|21593|25330|80268922||BL_21593_25330_80268922_20250710_151913.pdf|
|21593|25330|80270987||BL_21593_25330_80270987_20250729_160328.pdf|
|21593|25330|80271896||BL_21593_25330_80271896_20250801_150118.pdf|
|21593|25330|80272384||BL_21593_25330_80272384_20250807_154859.pdf|
|21593|25330|80272401||BL_21593_25330_80272401_20250825_160646.pdf|
|21593|25330|80274452||BL_21593_25330_80274452_20250910_154940.pdf|
|21593|25330|80276041||BL_21593_25330_80276041_20250924_171717.pdf|
|21593|25330|80276451||BL_21593_25330_80276451_20250925_161716.pdf|
|21593|25330|80279051||BL_21593_25330_80279051_20251013_165530.pdf|
|21593|25330|80279383||BL_21593_25330_80279383_20251014_170359.pdf|
|21596|21596|80268807||BL_21596_21596_80268807_20250710_151737.pdf|
|21596|21596|80271693||BL_21596_21596_80271693_20250825_163931.pdf|
|21596|21596|80274532||BL_21596_21596_80274532_20250911_155120.pdf|
|21596|21596|80275394||BL_21596_21596_80275394_20250918_150206.pdf|
|21596|21596|80276989||BL_21596_21596_80276989_20250929_165036.pdf|
|21596|21596|80280256||BL_21596_21596_80280256_20251020_154833.pdf|
|21598|21598|80270835||BL_21598_21598_80270835_20250728_164930.pdf|
|21598|21598|80274217||BL_21598_21598_80274217_20250909_162950.pdf|
|21598|21598|80276040||BL_21598_21598_80276040_20250924_171719.pdf|
|21598|21598|80278319||BL_21598_21598_80278319_20251007_155003.pdf|
|21598|21598|80281241||BL_21598_21598_80281241_20251023_165113.pdf|
|21600|21600|80268643||BL_21600_21600_80268643_20250709_164708.pdf|
|21600|21600|80274126||BL_21600_21600_80274126_20250909_162701.pdf|
|21600|21600|80275446||BL_21600_21600_80275446_20250918_152530.pdf|
|21600|21600|80276943||BL_21600_21600_80276943_20250929_164941.pdf|
|21600|21600|80280263||BL_21600_21600_80280263_20251020_163238.pdf|
|21600|21600|80282323||BL_21600_21600_80282323_20251031_155412.pdf|
|21604|21604|80271437||BL_21604_21604_80271437_20250731_154909.pdf|
|21604|21604|80275105||BL_21604_21604_80275105_20250916_163842.pdf|
|21604|21604|80276506||BL_21604_21604_80276506_20250925_163748.pdf|
|21604|21604|80276959||BL_21604_21604_80276959_20250929_165034.pdf|
|21604|21604|80280243||BL_21604_21604_80280243_20251020_163257.pdf|
|21607|21607|80271495||BL_21607_21607_80271495_20250731_162907.pdf|
|21607|21607|80277410||BL_21607_21607_80277410_20250929_172026.pdf|
|21607|21607|80277411||BL_21607_21607_80277411_20250929_172027.pdf|
|21607|21607|80281643||BL_21607_21607_80281643_20251027_165653.pdf|
|21608|21608|80268657||BL_21608_21608_80268657_20250709_160256.pdf|
|21608|21608|80275178||BL_21608_21608_80275178_20250916_164701.pdf|
|21610|21610|80269495||BL_21610_21610_80269495_20250717_155647.pdf|
|21610|21610|80270457||BL_21610_21610_80270457_20250724_164912.pdf|
|21610|21610|80271648||BL_21610_21610_80271648_20250825_163951.pdf|
|21610|21610|80272006||BL_21610_21610_80272006_20250804_161712.pdf|
|21610|21610|80273381||BL_21610_21610_80273381_20250902_170924.pdf|
|21610|21610|80274858||BL_21610_21610_80274858_20250915_170628.pdf|
|21610|21610|80277050||BL_21610_21610_80277050_20250929_165228.pdf|
|21610|21610|80277758||BL_21610_21610_80277758_20251002_155535.pdf|
|21610|21610|80279707||BL_21610_21610_80279707_20251016_173942.pdf|
|21610|21610|80280327||BL_21610_21610_80280327_20251020_163359.pdf|
|21611|21611|80281069||BL_21611_21611_80281069_20251022_155933.pdf|
|21612|21612|80270055||BL_21612_21612_80270055_20250722_161625.pdf|
|21612|21612|80271082||BL_21612_21612_80271082_20250729_154726.pdf|
|21612|21612|80276920||BL_21612_21612_80276920_20250929_171225.pdf|
|21612|21612|80281240||BL_21612_21612_80281240_20251023_165119.pdf|
|21613|21613|80268411||BL_21613_21613_80268411_20250708_163159.pdf|
|21613|21613|80271192||BL_21613_21613_80271192_20250730_154742.pdf|
|21613|21613|80272893||BL_21613_21613_80272893_20250829_144709.pdf|
|21613|21613|80274565||BL_21613_21613_80274565_20250911_155633.pdf|
|21613|21613|80277298||BL_21613_21613_80277298_20250929_165937.pdf|
|21613|21613|80278744||BL_21613_21613_80278744_20251010_160309.pdf|
|21613|21613|80280557||BL_21613_21613_80280557_20251020_161903.pdf|
|21613|21613|80281249||BL_21613_21613_80281249_20251023_165038.pdf|
|21613|21613|80281367||BL_21613_21613_80281367_20251028_163228.pdf|
|21613|21613|80283254||BL_21613_21613_80283254_20251107_143128.pdf|
|21613|21613|80283668||BL_21613_21613_80283668_20251113_152009.pdf|
|21618|21618|80269315||BL_21618_21618_80269315_20250716_163201.pdf|
|21618|21618|80273905||BL_21618_21618_80273905_20250905_154636.pdf|
|21618|21618|80275578||BL_21618_21618_80275578_20250919_165148.pdf|
|21618|21618|80277149||BL_21618_21618_80277149_20250929_165532.pdf|
|21618|21618|80279689||BL_21618_21618_80279689_20251016_173759.pdf|
|21618|21618|80280398||BL_21618_21618_80280398_20251020_163614.pdf|
|21618|21618|80281096||BL_21618_21618_80281096_20251022_153227.pdf|
|21622|21622|80270238||BL_21622_21622_80270238_20250723_162026.pdf|
|21622|21622|80270938||BL_21622_21622_80270938_20250728_150324.pdf|
|21622|21622|80271219||BL_21622_21622_80271219_20250730_153442.pdf|
|21622|21622|80273524||BL_21622_21622_80273524_20250903_160623.pdf|
|21622|21622|80274962||BL_21622_21622_80274962_20250915_164745.pdf|
|21622|21622|80276719||BL_21622_21622_80276719_20250926_153514.pdf|
|21622|21622|80276810||BL_21622_21622_80276810_20250926_161658.pdf|
|21622|21622|80282457||BL_21622_21622_80282457_20251103_160335.pdf|
|21622|21622|80282828||BL_21622_21622_80282828_20251105_160309.pdf|
|21622|21622|80283281||BL_21622_21622_80283281_20251107_143242.pdf|
|21630|21630|80273710||BL_21630_21630_80273710_20250904_155326.pdf|
|21630|21630|80274965||BL_21630_21630_80274965_20250915_164852.pdf|
|21630|21630|80275740||BL_21630_21630_80275740_20250922_162045.pdf|
|21630|21630|80277186||BL_21630_21630_80277186_20250929_165649.pdf|
|21630|21630|80279089||BL_21630_21630_80279089_20251013_152013.pdf|
|21630|21630|80281723||BL_21630_21630_80281723_20251028_163525.pdf|
|21630|21630|80282496||BL_21630_21630_80282496_20251103_160840.pdf|
|21630|21630|80282769||BL_21630_21630_80282769_20251105_151634.pdf|
|21630|21630|80283502||BL_21630_21630_80283502_20251113_151714.pdf|
|21634|21634|80270281||BL_21634_21634_80270281_20250723_162206.pdf|
|21637|21637|80275899||BL_21637_21637_80275899_20250923_162211.pdf|
|21637|21637|80276549||BL_21637_21637_80276549_20250925_161723.pdf|
|21637|21637|80276847||BL_21637_21637_80276847_20250929_170206.pdf|
|21637|21637|80277172||BL_21637_21637_80277172_20250929_165604.pdf|
|21637|21637|80279083||BL_21637_21637_80279083_20251013_152030.pdf|
|21637|21637|80281691||BL_21637_21637_80281691_20251028_163457.pdf|
|21645|21645|80270078||BL_21645_21645_80270078_20250722_170944.pdf|
|21645|21645|80273439||BL_21645_21645_80273439_20250903_160127.pdf|
|21645|21645|80274650||BL_21645_21645_80274650_20250911_160702.pdf|
|21645|21645|80278095||BL_21645_21645_80278095_20251006_161106.pdf|
|21645|21645|80281975||BL_21645_21645_80281975_20251029_164022.pdf|
|21647|20073|80269829||BL_21647_20073_80269829_20250721_153127.pdf|
|21647|20073|80282284||BL_21647_20073_80282284_20251031_154834.pdf|
|21647|20073|80282285||BL_21647_20073_80282285_20251031_154830.pdf|
|21647|20073|80282552||BL_21647_20073_80282552_20251103_151816.pdf|
|21652|21652|80269158||BL_21652_21652_80269158_20250715_150130.pdf|
|21652|21652|80269419||BL_21652_21652_80269419_20250717_154655.pdf|
|21652|21652|80270999||BL_21652_21652_80270999_20250729_154651.pdf|
|21652|21652|80271478||BL_21652_21652_80271478_20250731_154938.pdf|
|21652|21652|80271554||BL_21652_21652_80271554_20250731_162954.pdf|
|21652|21652|80271895||BL_21652_21652_80271895_20250801_153410.pdf|
|21652|21652|80272018||BL_21652_21652_80272018_20250804_161617.pdf|
|21652|21652|80276765||BL_21652_21652_80276765_20250926_154015.pdf|
|21652|21652|80277961||BL_21652_21652_80277961_20251003_162412.pdf|
|21652|21652|80281541||BL_21652_21652_80281541_20251027_165202.pdf|
|21653|21653|80268284||BL_21653_21653_80268284_20250707_154039.pdf|
|21653|21653|80269981||BL_21653_21653_80269981_20250722_170225.pdf|
|21653|21653|80271463||BL_21653_21653_80271463_20250731_162537.pdf|
|21653|21653|80272616||BL_21653_21653_80272616_20250826_153235.pdf|
|21653|21653|80274913||BL_21653_21653_80274913_20250915_171509.pdf|
|21653|21653|80275116||BL_21653_21653_80275116_20250916_163717.pdf|
|21653|21653|80279285||BL_21653_21653_80279285_20251020_180205.pdf|
|21653|21653|80282753||BL_21653_21653_80282753_20251104_153153.pdf|
|21653|21653|80283097||BL_21653_21653_80283097_20251106_154614.pdf|
|21654|21654|80269989||BL_21654_21654_80269989_20250722_170317.pdf|
|21654|21654|80273911||BL_21654_21654_80273911_20250905_161552.pdf|
|21654|21654|80277634||BL_21654_21654_80277634_20251001_161715.pdf|
|21654|21654|80279486||BL_21654_21654_80279486_20251015_160305.pdf|
|21654|21654|80282812||BL_21654_21654_80282812_20251105_160328.pdf|
|21656|21656|80268231||BL_21656_21656_80268231_20250707_153324.pdf|
|21656|21656|80271365||BL_21656_21656_80271365_20250731_162020.pdf|
|21656|21656|80271538||BL_21656_21656_80271538_20250731_155025.pdf|
|21656|21656|80272031||BL_21656_21656_80272031_20250804_160346.pdf|
|21656|21656|80272128||BL_21656_21656_80272128_20250805_154629.pdf|
|21656|21656|80272810||BL_21656_21656_80272810_20250828_151739.pdf|
|21656|21656|80274873||BL_21656_21656_80274873_20250915_170943.pdf|
|21656|21656|80275226||BL_21656_21656_80275226_20250916_165057.pdf|
|21656|21656|80276309||BL_21656_21656_80276309_20250924_155020.pdf|
|21656|21656|80276774||BL_21656_21656_80276774_20250926_154003.pdf|
|21656|21656|80277572||BL_21656_21656_80277572_20250930_164317.pdf|
|21656|21656|80277942||BL_21656_21656_80277942_20251003_162151.pdf|
|21656|21656|80278533||BL_21656_21656_80278533_20251009_161829.pdf|
|21656|21656|80278665||BL_21656_21656_80278665_20251009_154717.pdf|
|21656|21656|80278822||BL_21656_21656_80278822_20251010_160948.pdf|
|21656|21656|80279252||BL_21656_21656_80279252_20251014_163129.pdf|
|21656|21656|80280790||BL_21656_21656_80280790_20251021_164704.pdf|
|21661|21661|80270605||BL_21661_21661_80270605_20250725_120600.pdf|
|21661|21661|80271834||BL_21661_21661_80271834_20250825_160445.pdf|
|21661|21661|80273234||BL_21661_21661_80273234_20250902_170711.pdf|
|21661|21661|80274068||BL_21661_21661_80274068_20250908_161925.pdf|
|21661|21661|80275101||BL_21661_21661_80275101_20250916_154652.pdf|
|21661|21661|80276071||BL_21661_21661_80276071_20250924_171744.pdf|
|21661|21661|80278755||BL_21661_21661_80278755_20251010_160210.pdf|
|21661|21661|80278909||BL_21661_21661_80278909_20251013_170600.pdf|
|21661|21661|80279443||BL_21661_21661_80279443_20251015_160123.pdf|
|21661|21661|80280167||BL_21661_21661_80280167_20251017_172232.pdf|
|21668|21668|80270492||BL_21668_21668_80270492_20250724_165418.pdf|
|21668|21668|80270493||BL_21668_21668_80270493_20250724_165415.pdf|
|21668|21668|80270494||BL_21668_21668_80270494_20250724_165408.pdf|
|21668|21668|80272636||BL_21668_21668_80272636_20250826_153447.pdf|
|21668|21668|80281436||BL_21668_21668_80281436_20251024_144714.pdf|
|21668|21668|80281587||BL_21668_21668_80281587_20251027_165330.pdf|
|21668|21668|80281588||BL_21668_21668_80281588_20251027_165325.pdf|
|21668|21668|80281795||BL_21668_21668_80281795_20251028_163547.pdf|
|21669|21669|80270027||BL_21669_21669_80270027_20250722_161640.pdf|
|21669|21669|80271757||BL_21669_21669_80271757_20250825_155820.pdf|
|21669|21669|80273915||BL_21669_21669_80273915_20250905_162038.pdf|
|21669|21669|80274425||BL_21669_21669_80274425_20250910_155047.pdf|
|21669|21669|80277256||BL_21669_21669_80277256_20250929_165829.pdf|
|21669|21669|80280420||BL_21669_21669_80280420_20251020_163605.pdf|
|21669|21669|80280719||BL_21669_21669_80280719_20251021_163633.pdf|
|21672|21672|80269805||BL_21672_21672_80269805_20250721_160511.pdf|
|21672|21672|80271264||BL_21672_21672_80271264_20250730_153623.pdf|
|21672|21672|80273342||BL_21672_21672_80273342_20250902_170947.pdf|
|21672|21672|80276596||BL_21672_21672_80276596_20250925_164604.pdf|
|21672|21672|80281966||BL_21672_21672_80281966_20251029_164113.pdf|
|21673|21673|80269446||BL_21673_21673_80269446_20250717_155248.pdf|
|21673|21673|80269643||BL_21673_21673_80269643_20250718_151605.pdf|
|21673|21673|80269793||BL_21673_21673_80269793_20250721_153154.pdf|
|21673|21673|80276513||BL_21673_21673_80276513_20250925_163650.pdf|
|21673|21673|80277069||BL_21673_21673_80277069_20250929_165303.pdf|
|21673|21673|80279291||BL_21673_21673_80279291_20251014_165650.pdf|
|21673|21673|80280109||BL_21673_21673_80280109_20251017_172139.pdf|
|21673|21673|80283136||BL_21673_21673_80283136_20251106_144701.pdf|
|21673|21673|80283573||BL_21673_21673_80283573_20251113_155148.pdf|
|21674|21674|80271793||BL_21674_21674_80271793_20250825_160159.pdf|
|21674|21674|80273724||BL_21674_21674_80273724_20250904_155553.pdf|
|21674|21674|80274118||BL_21674_21674_80274118_20250908_094542.pdf|
|21674|21674|80274297||BL_21674_21674_80274297_20250909_090135.pdf|
|21674|21674|80274427||BL_21674_21674_80274427_20250910_090138.pdf|
|21674|21674|80274958||BL_21674_21674_80274958_20250915_164752.pdf|
|21674|21674|80276096||BL_21674_21674_80276096_20250924_171809.pdf|
|21674|21674|80280117||BL_21674_21674_80280117_20251017_172128.pdf|
|21674|21674|80281048||BL_21674_21674_80281048_20251022_162405.pdf|
|21676|21676|80268653||BL_21676_21676_80268653_20250709_165025.pdf|
|21676|21676|80269025||BL_21676_21676_80269025_20250710_162953.pdf|
|21676|21676|80278606||BL_21676_21676_80278606_20251009_162243.pdf|
|21676|21676|80278778||BL_21676_21676_80278778_20251010_161618.pdf|
|21677|21677|80271028||BL_21677_21677_80271028_20250729_160402.pdf|
|21677|21677|80275414||BL_21677_21677_80275414_20250918_151844.pdf|
|21677|21677|80276981||BL_21677_21677_80276981_20250929_165058.pdf|
|21677|21677|80280376||BL_21677_21677_80280376_20251020_163544.pdf|
|21677|21677|80282116||BL_21677_21677_80282116_20251030_171124.pdf|
|21677|21677|80282335||BL_21677_21677_80282335_20251031_144732.pdf|
|21677|21677|80282528||BL_21677_21677_80282528_20251103_151854.pdf|
|21681|21681|80276754||BL_21681_21681_80276754_20250926_150420.pdf|
|21683|21683|80268828||BL_21683_21683_80268828_20250710_162127.pdf|
|21683|21683|80271695||BL_21683_21683_80271695_20250825_155619.pdf|
|21683|21683|80275753||BL_21683_21683_80275753_20250922_163227.pdf|
|21683|21683|80277252||BL_21683_21683_80277252_20250929_165728.pdf|
|21683|21683|80277902||BL_21683_21683_80277902_20251003_161733.pdf|
|21683|21683|80280415||BL_21683_21683_80280415_20251020_163558.pdf|
|21683|21683|80281402||BL_21683_21683_80281402_20251024_170543.pdf|
|21684|21684|80270020||BL_21684_21684_80270020_20250722_170632.pdf|
|21684|21684|80270928||BL_21684_21684_80270928_20250728_170301.pdf|
|21684|21684|80271201||BL_21684_21684_80271201_20250730_153327.pdf|
|21684|21684|80272034||BL_21684_21684_80272034_20250804_161921.pdf|
|21684|21684|80275148||BL_21684_21684_80275148_20250916_154633.pdf|
|21684|21684|80275330||BL_21684_21684_80275330_20250917_153713.pdf|
|21684|21684|80283393||BL_21684_21684_80283393_20251112_154830.pdf|
|21687|21687|80270243||BL_21687_21687_80270243_20250723_161956.pdf|
|21687|21687|80270541||BL_21687_21687_80270541_20250724_170220.pdf|
|21687|21687|80271827||BL_21687_21687_80271827_20250825_160524.pdf|
|21687|21687|80275144||BL_21687_21687_80275144_20250916_164530.pdf|
|21687|21687|80277033||BL_21687_21687_80277033_20250929_165148.pdf|
|21687|21687|80280308||BL_21687_21687_80280308_20251020_163417.pdf|
|21687|21687|80283360||BL_21687_21687_80283360_20251112_161857.pdf|
|21687|21687|80283780||BL_21687_21687_80283780_20251113_163115.pdf|
|21691|21691|80271745||BL_21691_21691_80271745_20250825_164104.pdf|
|21691|21691|80272048||BL_21691_21691_80272048_20250804_161915.pdf|
|21691|21691|80272743||BL_21691_21691_80272743_20250827_150342.pdf|
|21691|21691|80273160||BL_21691_21691_80273160_20250903_154841.pdf|
|21691|21691|80273458||BL_21691_21691_80273458_20250903_151745.pdf|
|21691|21691|80276398||BL_21691_21691_80276398_20250924_172415.pdf|
|21691|21691|80277760||BL_21691_21691_80277760_20251002_155524.pdf|
|21691|21691|80280504||BL_21691_21691_80280504_20251020_163847.pdf|
|21691|21691|80283020||BL_21691_21691_80283020_20251105_160423.pdf|
|21697|21697|80270463||BL_21697_21697_80270463_20250724_165319.pdf|
|21697|21697|80272341||BL_21697_21697_80272341_20250807_154731.pdf|
|21697|21697|80275863||BL_21697_21697_80275863_20250923_160136.pdf|
|21697|21697|80280708||BL_21697_21697_80280708_20251020_164027.pdf|
|21698|21698|80270621||BL_21698_21698_80270621_20250725_113154.pdf|
|21698|21698|80271173||BL_21698_21698_80271173_20250730_153238.pdf|
|21698|21698|80273682||BL_21698_21698_80273682_20250904_155120.pdf|
|21698|21698|80274718||BL_21698_21698_80274718_20250912_160620.pdf|
|21698|21698|80276378||BL_21698_21698_80276378_20250924_172339.pdf|
|21698|21698|80276835||BL_21698_21698_80276835_20250929_170418.pdf|
|21698|21698|80279736||BL_21698_21698_80279736_20251016_174541.pdf|
|21698|21698|80280466||BL_21698_21698_80280466_20251020_163717.pdf|
|21698|21698|80281100||BL_21698_21698_80281100_20251022_153222.pdf|
|21698|21698|80281493||BL_21698_21698_80281493_20251028_163301.pdf|
|21708|21708|80275914||BL_21708_21708_80275914_20250923_160151.pdf|
|21708|21708|80276292||BL_21708_21708_80276292_20250924_155103.pdf|
|21708|21708|80276541||BL_21708_21708_80276541_20250925_161808.pdf|
|21708|21708|80277178||BL_21708_21708_80277178_20250929_165554.pdf|
|21708|21708|80279085||BL_21708_21708_80279085_20251013_152024.pdf|
|21708|21708|80281732||BL_21708_21708_80281732_20251028_163512.pdf|
|21711|21711|80275949||BL_21711_21711_80275949_20250923_162538.pdf|
|21711|21711|80276289||BL_21711_21711_80276289_20250924_155115.pdf|
|21711|21711|80279693||BL_21711_21711_80279693_20251016_173715.pdf|
|21711|21711|80279832||BL_21711_21711_80279832_20251022_162216.pdf|
|21711|21711|80283277||BL_21711_21711_80283277_20251107_144620.pdf|
|21714|21714|80269352||BL_21714_21714_80269352_20250716_163313.pdf|
|21714|21714|80276610||BL_21714_21714_80276610_20250925_164439.pdf|
|21714|21714|80278317||BL_21714_21714_80278317_20251007_155006.pdf|
|21715|21715|80269304||BL_21715_21715_80269304_20250716_164659.pdf|
|21715|21715|80270868||BL_21715_21715_80270868_20250728_165432.pdf|
|21715|21715|80273266||BL_21715_21715_80273266_20250902_170903.pdf|
|21715|21715|80273866||BL_21715_21715_80273866_20250905_161057.pdf|
|21715|21715|80279704||BL_21715_21715_80279704_20251016_174031.pdf|
|21715|21715|80282540||BL_21715_21715_80282540_20251103_161005.pdf|
|21715|21715|80282842||BL_21715_21715_80282842_20251105_154745.pdf|
|21717|21717|80270959||BL_21717_21717_80270959_20250728_170130.pdf|
|21717|21717|80271473||BL_21717_21717_80271473_20250731_154946.pdf|
|21720|21720|80269586||BL_21720_21720_80269586_20250718_153221.pdf|
|21720|21720|80273321||BL_21720_21720_80273321_20250902_170804.pdf|
|21720|21720|80274001||BL_21720_21720_80274001_20250909_162032.pdf|
|21720|21720|80278913||BL_21720_21720_80278913_20251014_165006.pdf|
|21720|21720|80279561||BL_21720_21720_80279561_20251015_162210.pdf|
|21722|21722|80268481||BL_21722_21722_80268481_20250708_170950.pdf|
|21722|21722|80270254||BL_21722_21722_80270254_20250723_161908.pdf|
|21722|21722|80274526||BL_21722_21722_80274526_20250911_155222.pdf|
|21722|21722|80275969||BL_21722_21722_80275969_20250923_160406.pdf|
|21722|21722|80276892||BL_21722_21722_80276892_20250929_171132.pdf|
|21722|21722|80279162||BL_21722_21722_80279162_20251013_152336.pdf|
|21722|21722|80280523||BL_21722_21722_80280523_20251020_163841.pdf|
|21722|21722|80281044||BL_21722_21722_80281044_20251022_160103.pdf|
|21722|21722|80282433||BL_21722_21722_80282433_20251103_161608.pdf|
|21722|21722|80282434||BL_21722_21722_80282434_20251103_161609.pdf|
|21722|21722|80283260||BL_21722_21722_80283260_20251107_150225.pdf|
|21723|21723|80271873||BL_21723_21723_80271873_20250801_153209.pdf|
|21723|21723|80275781||BL_21723_21723_80275781_20250922_162124.pdf|
|21723|21723|80278460||BL_21723_21723_80278460_20251008_154847.pdf|
|21723|21723|80282719||BL_21723_21723_80282719_20251104_164630.pdf|
|21726|21726|80271141||BL_21726_21726_80271141_20250730_153145.pdf|
|21726|21726|80273185||BL_21726_21726_80273185_20250903_155146.pdf|
|21726|21726|80275961||BL_21726_21726_80275961_20250923_160239.pdf|
|21726|21726|80279018||BL_21726_21726_80279018_20251013_151950.pdf|
|21726|21726|80279468||BL_21726_21726_80279468_20251015_161728.pdf|
|21727|21727|80273876||BL_21727_21727_80273876_20250905_154606.pdf|
|21728|21728|80274607||BL_21728_21728_80274607_20250911_160415.pdf|
|21728|21728|80277302||BL_21728_21728_80277302_20250929_165930.pdf|
|21728|21728|80280527||BL_21728_21728_80280527_20251020_163835.pdf|
|21728|21728|80282163||BL_21728_21728_80282163_20251030_171520.pdf|
|21728|21728|80282242||BL_21728_21728_80282242_20251030_165149.pdf|
|21729|21729|80274015||BL_21729_21729_80274015_20250908_161756.pdf|
|21729|21729|80277275||BL_21729_21729_80277275_20250929_165907.pdf|
|21729|21729|80280438||BL_21729_21729_80280438_20251020_163639.pdf|
|21729|21729|80281791||BL_21729_21729_80281791_20251028_163610.pdf|
|21729|21729|80283664||BL_21729_21729_80283664_20251113_155514.pdf|
|21733|21733|80268915||BL_21733_21733_80268915_20250710_162942.pdf|
|21733|21733|80269060||BL_21733_21733_80269060_20250711_160916.pdf|
|21733|21733|80275626||BL_21733_21733_80275626_20250919_165658.pdf|
|21733|21733|80277576||BL_21733_21733_80277576_20250930_164311.pdf|
|21733|21733|80278419||BL_21733_21733_80278419_20251008_154835.pdf|
|21733|21733|80279660||BL_21733_21733_80279660_20251017_091548.pdf|
|21733|21733|80281028||BL_21733_21733_80281028_20251022_153156.pdf|
|21733|21733|80282286||BL_21733_21733_80282286_20251031_144649.pdf|
|21735|21735|80269796||BL_21735_21735_80269796_20250721_153150.pdf|
|21735|21735|80274089||BL_21735_21735_80274089_20250909_162824.pdf|
|21735|21735|80274402||BL_21735_21735_80274402_20250910_154719.pdf|
|21735|21735|80276338||BL_21735_21735_80276338_20250924_155224.pdf|
|21735|21735|80276339||BL_21735_21735_80276339_20250924_155221.pdf|
|21735|21735|80277290||BL_21735_21735_80277290_20250929_165843.pdf|
|21735|21735|80277703||BL_21735_21735_80277703_20251002_154703.pdf|
|21735|21735|80279036||BL_21735_21735_80279036_20251013_151934.pdf|
|21735|21735|80279470||BL_21735_21735_80279470_20251015_160206.pdf|
|21735|21735|80279768||BL_21735_21735_80279768_20251016_174752.pdf|
|21735|21735|80279909||BL_21735_21735_80279909_20251017_171815.pdf|
|21735|21735|80280454||BL_21735_21735_80280454_20251020_163737.pdf|
|21735|21735|80281749||BL_21735_21735_80281749_20251028_164900.pdf|
|21736|21736|80273228||BL_21736_21736_80273228_20250902_170722.pdf|
|21736|21736|80275915||BL_21736_21736_80275915_20250923_162416.pdf|
|21736|21736|80276291||BL_21736_21736_80276291_20250924_155108.pdf|
|21736|21736|80276543||BL_21736_21736_80276543_20250925_161801.pdf|
|21736|21736|80277177||BL_21736_21736_80277177_20250929_165556.pdf|
|21736|21736|80277341||BL_21736_21736_80277341_20250929_171511.pdf|
|21736|21736|80279126||BL_21736_21736_80279126_20251013_152158.pdf|
|21736|21736|80281747||BL_21736_21736_80281747_20251028_164914.pdf|
|21736|21736|80282940||BL_21736_21736_80282940_20251105_154955.pdf|
|21744|21744|80268720||BL_21744_21744_80268720_20250709_165101.pdf|
|21744|21744|80268727||BL_21744_21744_80268727_20250709_165045.pdf|
|21744|21744|80269160||BL_21744_21744_80269160_20250715_150134.pdf|
|21744|21744|80270417||BL_21744_21744_80270417_20250723_162634.pdf|
|21744|21744|80270989||BL_21744_21744_80270989_20250729_160313.pdf|
|21744|21744|80271548||BL_21744_21744_80271548_20250731_154956.pdf|
|21744|21744|80271986||BL_21744_21744_80271986_20250804_160321.pdf|
|21744|21744|80272429||BL_21744_21744_80272429_20250808_154619.pdf|
|21744|21744|80272789||BL_21744_21744_80272789_20250828_144619.pdf|
|21744|21744|80273418||BL_21744_21744_80273418_20250903_151621.pdf|
|21744|21744|80275632||BL_21744_21744_80275632_20250919_170051.pdf|
|21744|21744|80277964||BL_21744_21744_80277964_20251003_162400.pdf|
|21744|21744|80278258||BL_21744_21744_80278258_20251007_154734.pdf|
|21744|21744|80282070||BL_21744_21744_80282070_20251030_170645.pdf|
|21744|21744|80283530||BL_21744_21744_80283530_20251113_154654.pdf|
|21745|21745|80276849||BL_21745_21745_80276849_20250929_170753.pdf|
|21745|21745|80277482||BL_21745_21745_80277482_20250930_163821.pdf|
|21745|21745|80281063||BL_21745_21745_80281063_20251022_160004.pdf|
|21745|21745|80281170||BL_21745_21745_80281170_20251022_160414.pdf|
|21745|21745|80281171||BL_21745_21745_80281171_20251022_160411.pdf|
|21745|21745|80281172||BL_21745_21745_80281172_20251022_160406.pdf|
|21745|21745|80281619||BL_21745_21745_80281619_20251027_165633.pdf|
|21746|21746|80269486||BL_21746_21746_80269486_20250717_155324.pdf|
|21746|21746|80270231||BL_21746_21746_80270231_20250723_161758.pdf|
|21746|21746|80271671||BL_21746_21746_80271671_20250825_155156.pdf|
|21746|21746|80272994||BL_21746_21746_80272994_20250901_151642.pdf|
|21746|21746|80273525||BL_21746_21746_80273525_20250903_151644.pdf|
|21746|21746|80276417||BL_21746_21746_80276417_20250924_172349.pdf|
|21746|21746|80280476||BL_21746_21746_80280476_20251020_163809.pdf|
|21746|21746|80281884||BL_21746_21746_80281884_20251029_163328.pdf|
|21751|21751|80268292||BL_21751_21751_80268292_20250707_153958.pdf|
|21751|21751|80270937||BL_21751_21751_80270937_20250728_170623.pdf|
|21751|21751|80271062||BL_21751_21751_80271062_20250729_154741.pdf|
|21751|21751|80271488||BL_21751_21751_80271488_20250731_084534.pdf|
|21751|21751|80273699||BL_21751_21751_80273699_20250904_155440.pdf|
|21751|21751|80273897||BL_21751_21751_80273897_20250905_161738.pdf|
|21751|21751|80274299||BL_21751_21751_80274299_20250909_104535.pdf|
|21751|21751|80276132||BL_21751_21751_80276132_20250924_171927.pdf|
|21751|21751|80276567||BL_21751_21751_80276567_20250925_164339.pdf|
|21751|21751|80276725||BL_21751_21751_80276725_20250926_150322.pdf|
|21751|21751|80278456||BL_21751_21751_80278456_20251008_154856.pdf|
|21751|21751|80279520||BL_21751_21751_80279520_20251015_160240.pdf|
|21751|21751|80279837||BL_21751_21751_80279837_20251017_163111.pdf|
|21751|21751|80280123||BL_21751_21751_80280123_20251017_172225.pdf|
|21751|21751|80281577||BL_21751_21751_80281577_20251027_165356.pdf|
|21751|21751|80283121||BL_21751_21751_80283121_20251106_144725.pdf|
|21755|21755|80270223||BL_21755_21755_80270223_20250723_161849.pdf|
|21755|21755|80271741||BL_21755_21755_80271741_20250825_155922.pdf|
|21755|21755|80273252||BL_21755_21755_80273252_20250902_170625.pdf|
|21755|21755|80274392||BL_21755_21755_80274392_20250910_154826.pdf|
|21755|21755|80277716||BL_21755_21755_80277716_20251002_154948.pdf|
|21755|21755|80280872||BL_21755_21755_80280872_20251022_155001.pdf|
|21755|21755|80281734||BL_21755_21755_80281734_20251028_163509.pdf|
|21756|21756|80271189||BL_21756_21756_80271189_20250730_154809.pdf|
|21756|21756|80271509||BL_21756_21756_80271509_20250731_155038.pdf|
|21756|21756|80272907||BL_21756_21756_80272907_20250829_144821.pdf|
|21756|21756|80275098||BL_21756_21756_80275098_20250916_163416.pdf|
|21756|21756|80276204||BL_21756_21756_80276204_20250924_172107.pdf|
|21756|21756|80279297||BL_21756_21756_80279297_20251014_163603.pdf|
|21756|21756|80280012||BL_21756_21756_80280012_20251017_171932.pdf|
|21758|21758|80271443||BL_21758_21758_80271443_20250731_162246.pdf|
|21758|21758|80275900||BL_21758_21758_80275900_20250923_162208.pdf|
|21758|21758|80276547||BL_21758_21758_80276547_20250925_163958.pdf|
|21758|21758|80277171||BL_21758_21758_80277171_20250929_165605.pdf|
|21758|21758|80279082||BL_21758_21758_80279082_20251013_152033.pdf|
|21758|21758|80280660||BL_21758_21758_80280660_20251017_160221.pdf|
|21758|21758|80280764||BL_21758_21758_80280764_20251020_180805.pdf|
|21758|21758|80281692||BL_21758_21758_80281692_20251028_163458.pdf|
|21758|21758|80283119||BL_21758_21758_80283119_20251106_154641.pdf|
|21759|21759|80268874||BL_21759_21759_80268874_20250710_162517.pdf|
|21759|21759|80270302||BL_21759_21759_80270302_20250723_162312.pdf|
|21759|21759|80271364||BL_21759_21759_80271364_20250731_161803.pdf|
|21759|21759|80271575||BL_21759_21759_80271575_20250825_154700.pdf|
|21759|21759|80272368||BL_21759_21759_80272368_20250807_154924.pdf|
|21759|21759|80272728||BL_21759_21759_80272728_20250827_150216.pdf|
|21759|21759|80272980||BL_21759_21759_80272980_20250901_151658.pdf|
|21759|21759|80273759||BL_21759_21759_80273759_20250904_160009.pdf|
|21759|21759|80277966||BL_21759_21759_80277966_20251003_163302.pdf|
|21759|21759|80278540||BL_21759_21759_80278540_20251009_160232.pdf|
|21759|21759|80281838||BL_21759_21759_80281838_20251028_165505.pdf|
|21759|21759|80282108||BL_21759_21759_80282108_20251030_170654.pdf|
|21759|21759|80282293||BL_21759_21759_80282293_20251031_144642.pdf|
|21759|21759|80283525||BL_21759_21759_80283525_20251113_154716.pdf|
|21761|21761|80269781||BL_21761_21761_80269781_20250721_171632.pdf|
|21761|21761|80271830||BL_21761_21761_80271830_20250825_160507.pdf|
|21761|21761|80272866||BL_21761_21761_80272866_20250829_153312.pdf|
|21761|21761|80275118||BL_21761_21761_80275118_20250916_163659.pdf|
|21761|21761|80277673||BL_21761_21761_80277673_20251002_154827.pdf|
|21761|21761|80278760||BL_21761_21761_80278760_20251010_160622.pdf|
|21761|21761|80279054||BL_21761_21761_80279054_20251013_165510.pdf|
|21761|21761|80280205||BL_21761_21761_80280205_20251017_172343.pdf|
|21761|21761|80282161||BL_21761_21761_80282161_20251030_165113.pdf|
|21761|21761|80283631||BL_21761_21761_80283631_20251113_155645.pdf|
|21762|21762|80268424||BL_21762_21762_80268424_20250708_163141.pdf|
|21762|21762|80269753||BL_21762_21762_80269753_20250721_160231.pdf|
|21762|21762|80270225||BL_21762_21762_80270225_20250723_161833.pdf|
|21762|21762|80274149||BL_21762_21762_80274149_20250909_163042.pdf|
|21762|21762|80278550||BL_21762_21762_80278550_20251009_161734.pdf|
|21762|21762|80281598||BL_21762_21762_80281598_20251027_163659.pdf|
|21762|21762|80282192||BL_21762_21762_80282192_20251030_165041.pdf|
|21762|21762|80282265||BL_21762_21762_80282265_20251031_154743.pdf|
|21762|21762|80282793||BL_21762_21762_80282793_20251105_154731.pdf|
|21776|21776|80268591||BL_21776_21776_80268591_20250708_160446.pdf|
|21776|21776|80268656||BL_21776_21776_80268656_20250709_160258.pdf|
|21776|21776|80270036||BL_21776_21776_80270036_20250722_170901.pdf|
|21776|21776|80270922||BL_21776_21776_80270922_20250728_150345.pdf|
|21776|21776|80272497||BL_21776_21776_80272497_20250825_160609.pdf|
|21776|21776|80273200||BL_21776_21776_80273200_20250902_170602.pdf|
|21776|21776|80273473||BL_21776_21776_80273473_20250903_160241.pdf|
|21776|21776|80274433||BL_21776_21776_80274433_20250910_160712.pdf|
|21776|21776|80275318||BL_21776_21776_80275318_20250917_153503.pdf|
|21776|21776|80276262||BL_21776_21776_80276262_20250924_172155.pdf|
|21776|21776|80276474||BL_21776_21776_80276474_20250925_163538.pdf|
|21776|21776|80279251||BL_21776_21776_80279251_20251014_163131.pdf|
|21776|21776|80280153||BL_21776_21776_80280153_20251017_172251.pdf|
|21776|21776|80281901||BL_21776_21776_80281901_20251029_163640.pdf|
|21776|21776|80282332||BL_21776_21776_80282332_20251031_155309.pdf|
|21776|21776|80283376||BL_21776_21776_80283376_20251112_162218.pdf|
|21779|21779|80268655||BL_21779_21779_80268655_20250709_160300.pdf|
|21779|21779|80271527||BL_21779_21779_80271527_20250731_155030.pdf|
|21779|21779|80271759||BL_21779_21779_80271759_20250825_155809.pdf|
|21784|21784|80269900||BL_21784_21784_80269900_20250721_153213.pdf|
|21784|21784|80270440||BL_21784_21784_80270440_20250724_165054.pdf|
|21784|21784|80271898||BL_21784_21784_80271898_20250801_153358.pdf|
|21784|21784|80272035||BL_21784_21784_80272035_20250804_160341.pdf|
|21784|21784|80272383||BL_21784_21784_80272383_20250807_154901.pdf|
|21784|21784|80274617||BL_21784_21784_80274617_20250911_160317.pdf|
|21784|21784|80281235||BL_21784_21784_80281235_20251023_164735.pdf|
|21785|21785|80270008||BL_21785_21785_80270008_20250722_170346.pdf|
|21785|21785|80270237||BL_21785_21785_80270237_20250723_162030.pdf|
|21785|21785|80272906||BL_21785_21785_80272906_20250829_144815.pdf|
|21785|21785|80276519||BL_21785_21785_80276519_20250925_164131.pdf|
|21785|21785|80277065||BL_21785_21785_80277065_20250929_165309.pdf|
|21785|21785|80282315||BL_21785_21785_80282315_20251031_155037.pdf|
|21785|21785|80282900||BL_21785_21785_80282900_20251105_154939.pdf|
|21789|21789|80268652||BL_21789_21789_80268652_20250709_165031.pdf|
|21789|21789|80269454||BL_21789_21789_80269454_20250717_155159.pdf|
|21789|21789|80269795||BL_21789_21789_80269795_20250721_160549.pdf|
|21789|21789|80270002||BL_21789_21789_80270002_20250722_170409.pdf|
|21789|21789|80271440||BL_21789_21789_80271440_20250731_162249.pdf|
|21789|21789|80272627||BL_21789_21789_80272627_20250826_154659.pdf|
|21789|21789|80273036||BL_21789_21789_80273036_20250901_154102.pdf|
|21789|21789|80273158||BL_21789_21789_80273158_20250902_161745.pdf|
|21789|21789|80273456||BL_21789_21789_80273456_20250903_160013.pdf|
|21789|21789|80273686||BL_21789_21789_80273686_20250904_155032.pdf|
|21789|21789|80275336||BL_21789_21789_80275336_20250917_153658.pdf|
|21789|21789|80276080||BL_21789_21789_80276080_20250924_154753.pdf|
|21789|21789|80278438||BL_21789_21789_80278438_20251008_153129.pdf|
|21789|21789|80278977||BL_21789_21789_80278977_20251013_165051.pdf|
|21789|21789|80280164||BL_21789_21789_80280164_20251017_172236.pdf|
|21789|21789|80280871||BL_21789_21789_80280871_20251021_163832.pdf|
|21789|21789|80282146||BL_21789_21789_80282146_20251030_171330.pdf|
|21789|21789|80283655||BL_21789_21789_80283655_20251113_155558.pdf|
|21792|21792|80268463||BL_21792_21792_80268463_20250708_170733.pdf|
|21792|21792|80279330||BL_21792_21792_80279330_20251015_163323.pdf|
|21792|21792|80282840||BL_21792_21792_80282840_20251105_160214.pdf|
|21798|21798|80271754||BL_21798_21798_80271754_20250825_155836.pdf|
|21798|21798|80278890||BL_21798_21798_80278890_20251014_164805.pdf|
|21798|21798|80279740||BL_21798_21798_80279740_20251016_175036.pdf|
|21798|21798|80279919||BL_21798_21798_80279919_20251017_171801.pdf|
|21798|21798|80281107||BL_21798_21798_80281107_20251022_153345.pdf|
|21800|21800|80268312||BL_21800_21800_80268312_20250707_154134.pdf|
|21800|21800|80270645||BL_21800_21800_80270645_20250725_120712.pdf|
|21800|21800|80271224||BL_21800_21800_80271224_20250730_154708.pdf|
|21800|21800|80272119||BL_21800_21800_80272119_20250805_154644.pdf|
|21800|21800|80272644||BL_21800_21800_80272644_20250826_153405.pdf|
|21800|21800|80274853||BL_21800_21800_80274853_20250915_170741.pdf|
|21800|21800|80276194||BL_21800_21800_80276194_20250924_172015.pdf|
|21800|21800|80281585||BL_21800_21800_80281585_20251027_170212.pdf|
|21800|21800|80281798||BL_21800_21800_80281798_20251028_163544.pdf|
|21803|21803|80269821||BL_21803_21803_80269821_20250721_160800.pdf|
|21803|21803|80271636||BL_21803_21803_80271636_20250825_155118.pdf|
|21803|21803|80272802||BL_21803_21803_80272802_20250828_151611.pdf|
|21803|21803|80274017||BL_21803_21803_80274017_20250908_161805.pdf|
|21803|21803|80274647||BL_21803_21803_80274647_20250911_160714.pdf|
|21803|21803|80281011||BL_21803_21803_80281011_20251022_155539.pdf|
|21803|21803|80282110||BL_21803_21803_80282110_20251030_164859.pdf|
|21804|21804|80270427||BL_21804_21804_80270427_20250724_164810.pdf|
|21804|21804|80271921||BL_21804_21804_80271921_20250801_153633.pdf|
|21804|21804|80277934||BL_21804_21804_80277934_20251003_162231.pdf|
|21804|21804|80278423||BL_21804_21804_80278423_20251008_154813.pdf|
|21804|21804|80281456||BL_21804_21804_80281456_20251024_171221.pdf|
|21809|21809|80270250||BL_21809_21809_80270250_20250723_161936.pdf|
|21809|21809|80271809||BL_21809_21809_80271809_20250825_160341.pdf|
|21809|21809|80273890||BL_21809_21809_80273890_20250905_161302.pdf|
|21809|21809|80277246||BL_21809_21809_80277246_20250929_165735.pdf|
|21809|21809|80280408||BL_21809_21809_80280408_20251020_163555.pdf|
|21809|21809|80281380||BL_21809_21809_80281380_20251024_163406.pdf|
|21809|21809|80281800||BL_21809_21809_80281800_20251029_160222.pdf|
|21810|21810|80269169||BL_21810_21810_80269169_20250715_160326.pdf|
|21810|21810|80269636||BL_21810_21810_80269636_20250718_153717.pdf|
|21810|21810|80271725||BL_21810_21810_80271725_20250825_164133.pdf|
|21810|21810|80271872||BL_21810_21810_80271872_20250801_153215.pdf|
|21810|21810|80276691||BL_21810_21810_80276691_20250926_153325.pdf|
|21810|21810|80277109||BL_21810_21810_80277109_20250929_165416.pdf|
|21810|21810|80280861||BL_21810_21810_80280861_20251022_155026.pdf|
|21810|21810|80281053||BL_21810_21810_80281053_20251022_153202.pdf|
|21810|21810|80282872||BL_21810_21810_80282872_20251105_154811.pdf|
|21812|21812|80268439||BL_21812_21812_80268439_20250708_163123.pdf|
|21812|21812|80273188||BL_21812_21812_80273188_20250903_155124.pdf|
|21812|21812|80273914||BL_21812_21812_80273914_20250905_162050.pdf|
|21812|21812|80274703||BL_21812_21812_80274703_20250912_153111.pdf|
|21812|21812|80277255||BL_21812_21812_80277255_20250929_165831.pdf|
|21812|21812|80280419||BL_21812_21812_80280419_20251020_163603.pdf|
|21812|21812|80281621||BL_21812_21812_80281621_20251027_163824.pdf|
|21813|21813|80276697||BL_21813_21813_80276697_20250926_153235.pdf|
|21813|21813|80277114||BL_21813_21813_80277114_20250929_165408.pdf|
|21813|21813|80278085||BL_21813_21813_80278085_20251006_161143.pdf|
|21813|21813|80281881||BL_21813_21813_80281881_20251029_163340.pdf|
|21813|21813|80282869||BL_21813_21813_80282869_20251105_154815.pdf|
|21814|21814|80270028||BL_21814_21814_80270028_20250722_170551.pdf|
|21814|21814|80270411||BL_21814_21814_80270411_20250724_164711.pdf|
|21814|21814|80278206||BL_21814_21814_80278206_20251007_160459.pdf|
|21814|21814|80280720||BL_21814_21814_80280720_20251021_163623.pdf|
|21814|21814|80281105||BL_21814_21814_80281105_20251022_153349.pdf|
|21814|21814|80282441||BL_21814_21814_80282441_20251103_160226.pdf|
|21814|21814|80282780||BL_21814_21814_80282780_20251105_154659.pdf|
|21814|21814|80283040||BL_21814_21814_80283040_20251105_160632.pdf|
|21814|21814|80283646||BL_21814_21814_80283646_20251113_151852.pdf|
|21816|21816|80273937||BL_21816_21816_80273937_20250905_162219.pdf|
|21816|21816|80278415||BL_21816_21816_80278415_20251008_154706.pdf|
|21817|21817|80268777||BL_21817_21817_80268777_20250710_161722.pdf|
|21817|21817|80274517||BL_21817_21817_80274517_20250911_154718.pdf|
|21817|21817|80275306||BL_21817_21817_80275306_20250917_153559.pdf|
|21817|21817|80278068||BL_21817_21817_80278068_20251006_160853.pdf|
|21817|21817|80279197||BL_21817_21817_80279197_20251013_152523.pdf|
|21817|21817|80280271||BL_21817_21817_80280271_20251020_163335.pdf|
|21817|21817|80283024||BL_21817_21817_80283024_20251105_160344.pdf|
|21824|21824|80269417||BL_21824_21824_80269417_20250717_153144.pdf|
|21824|21824|80270709||BL_21824_21824_80270709_20250725_121321.pdf|
|21824|21824|80271287||BL_21824_21824_80271287_20250730_153600.pdf|
|21824|21824|80272276||BL_21824_21824_80272276_20250806_151701.pdf|
|21824|21824|80272959||BL_21824_21824_80272959_20250901_151718.pdf|
|21824|21824|80273281||BL_21824_21824_80273281_20250902_170852.pdf|
|21824|21824|80274050||BL_21824_21824_80274050_20250909_162053.pdf|
|21824|21824|80277782||BL_21824_21824_80277782_20251002_151806.pdf|
|21824|21824|80278455||BL_21824_21824_80278455_20251008_154858.pdf|
|21824|21824|80278535||BL_21824_21824_80278535_20251009_154619.pdf|
|21824|21824|80282109||BL_21824_21824_80282109_20251030_164904.pdf|
|21830|21830|80273044||BL_21830_21830_80273044_20250901_154014.pdf|
|21830|21830|80273518||BL_21830_21830_80273518_20250903_151655.pdf|
|21830|21830|80275140||BL_21830_21830_80275140_20250916_163913.pdf|
|21830|21830|80281208||BL_21830_21830_80281208_20251023_164712.pdf|
|21830|21830|80281327||BL_21830_21830_80281327_20251023_165404.pdf|
|21830|21830|80281950||BL_21830_21830_80281950_20251029_164233.pdf|
|21830|21830|80282836||BL_21830_21830_80282836_20251105_160238.pdf|
|21832|21832|80273196||BL_21832_21832_80273196_20250903_155044.pdf|
|21832|21832|80274396||BL_21832_21832_80274396_20250910_160458.pdf|
|21832|21832|80277235||BL_21832_21832_80277235_20250929_165750.pdf|
|21832|21832|80277609||BL_21832_21832_80277609_20251001_160205.pdf|
|21832|21832|80279333||BL_21832_21832_80279333_20251014_163922.pdf|
|21832|21832|80280600||BL_21832_21832_80280600_20251020_164104.pdf|
|21832|21832|80280995||BL_21832_21832_80280995_20251024_163121.pdf|
|21832|21832|80283016||BL_21832_21832_80283016_20251105_151644.pdf|
|21834|21834|80271218||BL_21834_21834_80271218_20250730_154723.pdf|
|21834|21834|80271774||BL_21834_21834_80271774_20250825_160010.pdf|
|21834|21834|80273650||BL_21834_21834_80273650_20250904_154725.pdf|
|21834|21834|80276087||BL_21834_21834_80276087_20250924_171823.pdf|
|21834|21834|80278556||BL_21834_21834_80278556_20251009_160522.pdf|
|21834|21834|80278691||BL_21834_21834_80278691_20251013_164717.pdf|
|21834|21834|80279011||BL_21834_21834_80279011_20251013_164950.pdf|
|21834|21834|80280130||BL_21834_21834_80280130_20251017_172214.pdf|
|21834|21834|80280886||BL_21834_21834_80280886_20251021_163818.pdf|
|21834|21834|80281051||BL_21834_21834_80281051_20251022_153158.pdf|
|21834|21834|80282119||BL_21834_21834_80282119_20251030_171050.pdf|
|21835|21835|80268936||BL_21835_21835_80268936_20250710_151920.pdf|
|21835|21835|80270278||BL_21835_21835_80270278_20250723_162216.pdf|
|21835|21835|80277494||BL_21835_21835_80277494_20250930_164132.pdf|
|21835|21835|80277784||BL_21835_21835_80277784_20251002_155712.pdf|
|21835|21835|80277785||BL_21835_21835_80277785_20251002_155710.pdf|
|21835|21835|80278107||BL_21835_21835_80278107_20251006_161404.pdf|
|21835|21835|80282700||BL_21835_21835_80282700_20251104_160908.pdf|
|21842|21842|80268644||BL_21842_21842_80268644_20250709_164703.pdf|
|21842|21842|80270224||BL_21842_21842_80270224_20250723_161846.pdf|
|21842|21842|80270558||BL_21842_21842_80270558_20250724_170128.pdf|
|21842|21842|80270893||BL_21842_21842_80270893_20250728_150421.pdf|
|21842|21842|80272955||BL_21842_21842_80272955_20250901_153518.pdf|
|21842|21842|80275112||BL_21842_21842_80275112_20250916_154648.pdf|
|21842|21842|80277926||BL_21842_21842_80277926_20251003_163235.pdf|
|21842|21842|80279187||BL_21842_21842_80279187_20251013_152417.pdf|
|21842|21842|80279478||BL_21842_21842_80279478_20251015_160153.pdf|
|21842|21842|80280240||BL_21842_21842_80280240_20251020_163253.pdf|
|21842|21842|80283028||BL_21842_21842_80283028_20251105_160741.pdf|
|21843|21843|80270324||BL_21843_21843_80270324_20250723_162416.pdf|
|21843|21843|80271242||BL_21843_21843_80271242_20250730_154657.pdf|
|21843|21843|80274083||BL_21843_21843_80274083_20250909_162840.pdf|
|21843|21843|80278855||BL_21843_21843_80278855_20251010_100612.pdf|
|21843|21843|80279830||BL_21843_21843_80279830_20251022_162233.pdf|
|21843|21843|80279831||BL_21843_21843_80279831_20251022_162218.pdf|
|21851|21851|80274455||BL_21851_21851_80274455_20250910_160941.pdf|
|21851|21851|80280716||BL_21851_21851_80280716_20251021_163644.pdf|
|21854|21854|80269630||BL_21854_21854_80269630_20250718_153445.pdf|
|21854|21854|80270221||BL_21854_21854_80270221_20250723_161855.pdf|
|21854|21854|80271199||BL_21854_21854_80271199_20250730_153331.pdf|
|21854|21854|80271442||BL_21854_21854_80271442_20250731_154849.pdf|
|21854|21854|80274707||BL_21854_21854_80274707_20250912_160203.pdf|
|21854|21854|80277007||BL_21854_21854_80277007_20250929_165122.pdf|
|21854|21854|80278574||BL_21854_21854_80278574_20251009_162111.pdf|
|21854|21854|80280300||BL_21854_21854_80280300_20251020_163316.pdf|
|21854|21854|80281301||BL_21854_21854_80281301_20251023_165136.pdf|
|21854|21854|80281363||BL_21854_21854_80281363_20251027_163255.pdf|
|21855|21855|80268631||BL_21855_21855_80268631_20250709_163219.pdf|
|21855|21855|80270024||BL_21855_21855_80270024_20250722_170603.pdf|
|21855|21855|80273708||BL_21855_21855_80273708_20250904_155337.pdf|
|21855|21855|80273987||BL_21855_21855_80273987_20250909_161832.pdf|
|21855|21855|80277273||BL_21855_21855_80277273_20250929_165803.pdf|
|21855|21855|80278789||BL_21855_21855_80278789_20251010_160852.pdf|
|21855|21855|80279032||BL_21855_21855_80279032_20251014_165505.pdf|
|21855|21855|80279448||BL_21855_21855_80279448_20251015_160129.pdf|
|21855|21855|80280436||BL_21855_21855_80280436_20251020_163642.pdf|
|21855|21855|80283114||BL_21855_21855_80283114_20251106_154630.pdf|
|21856|21856|80268806||BL_21856_21856_80268806_20250710_161921.pdf|
|21856|21856|80273257||BL_21856_21856_80273257_20250903_155257.pdf|
|21856|21856|80275396||BL_21856_21856_80275396_20250918_151813.pdf|
|21856|21856|80276988||BL_21856_21856_80276988_20250929_165039.pdf|
|21856|21856|80280254||BL_21856_21856_80280254_20251020_163248.pdf|
|21856|21856|80282513||BL_21856_21856_80282513_20251103_161127.pdf|
|21856|21856|80282676||BL_21856_21856_80282676_20251104_153244.pdf|
|21860|21860|80269444||BL_21860_21860_80269444_20250717_154851.pdf|
|21860|21860|80270461||BL_21860_21860_80270461_20250724_165325.pdf|
|21860|21860|80276693||BL_21860_21860_80276693_20250926_153304.pdf|
|21860|21860|80277111||BL_21860_21860_80277111_20250929_165413.pdf|
|21860|21860|80280864||BL_21860_21860_80280864_20251021_164655.pdf|
|21860|21860|80280998||BL_21860_21860_80280998_20251023_163238.pdf|
|21860|21860|80282871||BL_21860_21860_80282871_20251105_154812.pdf|
|21862|21862|80268303||BL_21862_21862_80268303_20250707_154240.pdf|
|21862|21862|80270865||BL_21862_21862_80270865_20250728_165456.pdf|
|21862|21862|80272646||BL_21862_21862_80272646_20250826_153356.pdf|
|21862|21862|80273500||BL_21862_21862_80273500_20250903_143500.pdf|
|21862|21862|80273615||BL_21862_21862_80273615_20250903_162433.pdf|
|21862|21862|80276054||BL_21862_21862_80276054_20250924_171702.pdf|
|21862|21862|80279367||BL_21862_21862_80279367_20251014_170032.pdf|
|21862|21862|80279467||BL_21862_21862_80279467_20251015_161739.pdf|
|21862|21862|80279811||BL_21862_21862_80279811_20251017_171653.pdf|
|21862|21862|80279838||BL_21862_21862_80279838_20251017_164629.pdf|
|21862|21862|80280916||BL_21862_21862_80280916_20251021_164706.pdf|
|21868|21868|80268513||BL_21868_21868_80268513_20250708_171115.pdf|
|21868|21868|80271614||BL_21868_21868_80271614_20250825_154955.pdf|
|21868|21868|80273922||BL_21868_21868_80273922_20250905_161928.pdf|
|21868|21868|80277818||BL_21868_21868_80277818_20251002_151948.pdf|
|21868|21868|80281890||BL_21868_21868_80281890_20251029_163255.pdf|
|21868|21868|80282072||BL_21868_21868_80282072_20251030_170620.pdf|
|21872|21872|80269386||BL_21872_21872_80269386_20250717_153117.pdf|
|21872|21872|80273910||BL_21872_21872_80273910_20250905_161629.pdf|
|21872|21872|80275954||BL_21872_21872_80275954_20250923_160254.pdf|
|21872|21872|80277770||BL_21872_21872_80277770_20251002_155434.pdf|
|21872|21872|80279179||BL_21872_21872_80279179_20251013_152427.pdf|
|21872|21872|80279527||BL_21872_21872_80279527_20251015_160226.pdf|
|21872|21872|80280422||BL_21872_21872_80280422_20251020_163648.pdf|
|21872|21872|80282156||BL_21872_21872_80282156_20251030_164735.pdf|
|21872|21872|80282360||BL_21872_21872_80282360_20251031_144706.pdf|
|21875|21875|80271051||BL_21875_21875_80271051_20250729_160552.pdf|
|21875|21875|80272808||BL_21875_21875_80272808_20250828_151752.pdf|
|21875|21875|80273165||BL_21875_21875_80273165_20250902_161724.pdf|
|21875|21875|80273461||BL_21875_21875_80273461_20250903_155957.pdf|
|21875|21875|80274400||BL_21875_21875_80274400_20250910_160424.pdf|
|21875|21875|80276075||BL_21875_21875_80276075_20250924_171740.pdf|
|21875|21875|80278959||BL_21875_21875_80278959_20251013_170324.pdf|
|21875|21875|80280166||BL_21875_21875_80280166_20251017_172233.pdf|
|21875|21875|80283143||BL_21875_21875_80283143_20251106_144853.pdf|
|21879|21879|80271417||BL_21879_21879_80271417_20250731_154721.pdf|
|21879|21879|80273907||BL_21879_21879_80273907_20250905_161644.pdf|
|21879|21879|80275932||BL_21879_21879_80275932_20250923_162327.pdf|
|21879|21879|80276551||BL_21879_21879_80276551_20250925_162014.pdf|
|21879|21879|80277160||BL_21879_21879_80277160_20250929_165514.pdf|
|21879|21879|80279145||BL_21879_21879_80279145_20251013_152241.pdf|
|21879|21879|80281704||BL_21879_21879_80281704_20251028_163321.pdf|
|21879|21879|80282125||BL_21879_21879_80282125_20251030_171006.pdf|
|21879|21879|80282339||BL_21879_21879_80282339_20251031_144726.pdf|
|21880|21880|80274648||BL_21880_21880_80274648_20250911_160712.pdf|
|21880|21880|80279557||BL_21880_21880_80279557_20251015_161901.pdf|
|21880|21880|80279676||BL_21880_21880_80279676_20251016_173552.pdf|
|21880|21880|80282721||BL_21880_21880_80282721_20251104_160730.pdf|
|21880|21880|80283400||BL_21880_21880_80283400_20251112_162434.pdf|
|21881|21881|80273935||BL_21881_21881_80273935_20250905_162227.pdf|
|21881|21881|80274847||BL_21881_21881_80274847_20250915_170218.pdf|
|21881|21881|80282452||BL_21881_21881_80282452_20251103_160406.pdf|
|21883|21883|80269041||BL_21883_21883_80269041_20250711_160649.pdf|
|21883|21883|80271439||BL_21883_21883_80271439_20250731_154856.pdf|
|21883|21883|80276706||BL_21883_21883_80276706_20250926_150352.pdf|
|21883|21883|80283029||BL_21883_21883_80283029_20251105_160730.pdf|
|21884|21884|80271275||BL_21884_21884_80271275_20250730_155058.pdf|
|21884|21884|80272334||BL_21884_21884_80272334_20250807_154744.pdf|
|21884|21884|80274838||BL_21884_21884_80274838_20250915_170346.pdf|
|21884|21884|80280647||BL_21884_21884_80280647_20251021_163210.pdf|
|21884|21884|80283158||BL_21884_21884_80283158_20251106_154754.pdf|
|21885|21885|80270240||BL_21885_21885_80270240_20250723_162008.pdf|
|21885|21885|80275712||BL_21885_21885_80275712_20250922_161729.pdf|
|21885|21885|80277129||BL_21885_21885_80277129_20250929_165454.pdf|
|21885|21885|80279100||BL_21885_21885_80279100_20251013_152122.pdf|
|21885|21885|80280347||BL_21885_21885_80280347_20251020_163501.pdf|
|21885|21885|80283368||BL_21885_21885_80283368_20251112_154638.pdf|
|21888|21888|80270635||BL_21888_21888_80270635_20250725_120812.pdf|
|21888|21888|80275912||BL_21888_21888_80275912_20250923_162055.pdf|
|21888|21888|80276738||BL_21888_21888_80276738_20250926_150305.pdf|
|21888|21888|80282045||BL_21888_21888_80282045_20251030_111548.pdf|
|21889|21889|80268492||BL_21889_21889_80268492_20250708_170923.pdf|
|21889|21889|80268637||BL_21889_21889_80268637_20250709_163238.pdf|
|21889|21889|80272014||BL_21889_21889_80272014_20250804_161658.pdf|
|21889|21889|80272659||BL_21889_21889_80272659_20250826_153458.pdf|
|21889|21889|80273527||BL_21889_21889_80273527_20250903_160620.pdf|
|21889|21889|80274912||BL_21889_21889_80274912_20250915_171525.pdf|
|21889|21889|80276126||BL_21889_21889_80276126_20250924_171832.pdf|
|21889|21889|80278583||BL_21889_21889_80278583_20251009_162024.pdf|
|21889|21889|80278696||BL_21889_21889_80278696_20251013_164706.pdf|
|21889|21889|80279026||BL_21889_21889_80279026_20251013_165237.pdf|
|21889|21889|80280005||BL_21889_21889_80280005_20251017_171943.pdf|
|21890|21890|80270915||BL_21890_21890_80270915_20250728_165924.pdf|
|21890|21890|80271158||BL_21890_21890_80271158_20250730_153309.pdf|
|21890|21890|80271706||BL_21890_21890_80271706_20250825_163919.pdf|
|21890|21890|80272718||BL_21890_21890_80272718_20250827_150123.pdf|
|21890|21890|80274046||BL_21890_21890_80274046_20250909_162144.pdf|
|21890|21890|80277212||BL_21890_21890_80277212_20250929_165715.pdf|
|21890|21890|80280581||BL_21890_21890_80280581_20251020_163956.pdf|
|21890|21890|80281259||BL_21890_21890_80281259_20251024_163451.pdf|
|21891|21891|80268494||BL_21891_21891_80268494_20250708_163346.pdf|
|21891|21891|80273267||BL_21891_21891_80273267_20250903_155558.pdf|
|21891|21891|80275233||BL_21891_21891_80275233_20250916_154721.pdf|
|21891|21891|80275398||BL_21891_21891_80275398_20250918_152124.pdf|
|21891|21891|80281438||BL_21891_21891_80281438_20251024_170900.pdf|
|21893|21893|80268409||BL_21893_21893_80268409_20250708_170709.pdf|
|21893|21893|80270891||BL_21893_21893_80270891_20250728_150424.pdf|
|21893|21893|80271148||BL_21893_21893_80271148_20250730_153126.pdf|
|21893|21893|80274553||BL_21893_21893_80274553_20250911_155831.pdf|
|21893|21893|80277297||BL_21893_21893_80277297_20250929_165939.pdf|
|21893|21893|80277929||BL_21893_21893_80277929_20251003_162325.pdf|
|21893|21893|80280563||BL_21893_21893_80280563_20251020_164006.pdf|
|21893|21893|80281389||BL_21893_21893_80281389_20251024_170718.pdf|
|21894|21894|80277822||BL_21894_21894_80277822_20251002_155800.pdf|
|21895|21895|80270247||BL_21895_21895_80270247_20250723_161947.pdf|
|21895|21895|80270901||BL_21895_21895_80270901_20250728_170057.pdf|
|21895|21895|80271441||BL_21895_21895_80271441_20250731_154852.pdf|
|21895|21895|80272639||BL_21895_21895_80272639_20250826_153431.pdf|
|21895|21895|80273199||BL_21895_21895_80273199_20250902_162112.pdf|
|21895|21895|80274131||BL_21895_21895_80274131_20250908_162045.pdf|
|21895|21895|80274257||BL_21895_21895_80274257_20250909_163549.pdf|
|21895|21895|80276055||BL_21895_21895_80276055_20250924_171700.pdf|
|21895|21895|80278743||BL_21895_21895_80278743_20251010_160317.pdf|
|21895|21895|80279033||BL_21895_21895_80279033_20251013_165204.pdf|
|21895|21895|80280206||BL_21895_21895_80280206_20251017_172341.pdf|
|21895|21895|80282686||BL_21895_21895_80282686_20251104_153235.pdf|
|21899|21899|80269815||BL_21899_21899_80269815_20250721_160809.pdf|
|21899|21899|80277933||BL_21899_21899_80277933_20251003_162245.pdf|
|21899|21899|80278914||BL_21899_21899_80278914_20251014_165002.pdf|
|21905|21905|80268533||BL_21905_21905_80268533_20250708_163320.pdf|
|21905|21905|80269870||BL_21905_21905_80269870_20250721_153221.pdf|
|21905|21905|80271859||BL_21905_21905_80271859_20250801_153308.pdf|
|21905|21905|80275196||BL_21905_21905_80275196_20250916_164927.pdf|
|21905|21905|80279944||BL_21905_21905_80279944_20251017_165306.pdf|
|21909|21909|80268868||BL_21909_21909_80268868_20250710_162558.pdf|
|21909|21909|80269054||BL_21909_21909_80269054_20250711_160934.pdf|
|21909|21909|80269704||BL_21909_21909_80269704_20250718_153943.pdf|
|21909|21909|80270291||BL_21909_21909_80270291_20250723_162148.pdf|
|21909|21909|80270832||BL_21909_21909_80270832_20250728_150300.pdf|
|21909|21909|80270996||BL_21909_21909_80270996_20250729_160228.pdf|
|21909|21909|80271564||BL_21909_21909_80271564_20250825_154747.pdf|
|21909|21909|80271987||BL_21909_21909_80271987_20250804_160319.pdf|
|21909|21909|80275628||BL_21909_21909_80275628_20250919_170107.pdf|
|21909|21909|80276668||BL_21909_21909_80276668_20250925_163133.pdf|
|21909|21909|80277826||BL_21909_21909_80277826_20251002_155751.pdf|
|21909|21909|80280815||BL_21909_21909_80280815_20251021_164702.pdf|
|21909|21909|80281026||BL_21909_21909_80281026_20251022_153149.pdf|
|21909|21909|80281451||BL_21909_21909_80281451_20251024_163600.pdf|
|21910|21910|80270227||BL_21910_21910_80270227_20250723_161827.pdf|
|21910|21910|80279365||BL_21910_21910_80279365_20251014_170048.pdf|
|21910|21910|80280869||BL_21910_21910_80280869_20251022_155009.pdf|
|21910|21910|80282800||BL_21910_21910_80282800_20251105_154722.pdf|
|21911|21911|80274030||BL_21911_21911_80274030_20250909_161916.pdf|
|21914|21914|80276712||BL_21914_21914_80276712_20250926_143137.pdf|
|21914|21914|80277097||BL_21914_21914_80277097_20250929_165326.pdf|
|21914|21914|80278584||BL_21914_21914_80278584_20251009_154655.pdf|
|21914|21914|80278701||BL_21914_21914_80278701_20251013_151649.pdf|
|21914|21914|80279068||BL_21914_21914_80279068_20251013_151918.pdf|
|21914|21914|80279476||BL_21914_21914_80279476_20251015_160157.pdf|
|21914|21914|80282878||BL_21914_21914_80282878_20251105_154907.pdf|
|21919|21919|80268617||BL_21919_21919_80268617_20250708_131723.pdf|
|21919|21919|80268642||BL_21919_21919_80268642_20250709_164713.pdf|
|21919|21919|80269996||BL_21919_21919_80269996_20250722_170446.pdf|
|21919|21919|80270859||BL_21919_21919_80270859_20250728_165533.pdf|
|21919|21919|80273201||BL_21919_21919_80273201_20250903_155030.pdf|
|21919|21919|80274480||BL_21919_21919_80274480_20250910_155049.pdf|
|21919|21919|80274716||BL_21919_21919_80274716_20250912_154634.pdf|
|21919|21919|80275060||BL_21919_21919_80275060_20250915_164907.pdf|
|21919|21919|80275509||BL_21919_21919_80275509_20250918_090212.pdf|
|21919|21919|80277011||BL_21919_21919_80277011_20250929_165116.pdf|
|21919|21919|80277731||BL_21919_21919_80277731_20251002_155357.pdf|
|21919|21919|80280407||BL_21919_21919_80280407_20251020_163606.pdf|
|21919|21919|80282561||BL_21919_21919_80282561_20251103_161232.pdf|
|21919|21919|80282770||BL_21919_21919_80282770_20251105_151641.pdf|
|21919|21919|80283268||BL_21919_21919_80283268_20251107_143236.pdf|
|21919|21919|80283500||BL_21919_21919_80283500_20251113_154626.pdf|
|21920|21920|80275403||BL_21920_21920_80275403_20250918_152042.pdf|
|21920|21920|80277473||BL_21920_21920_80277473_20250930_163928.pdf|
|21920|21920|80279192||BL_21920_21920_80279192_20251013_152406.pdf|
|21920|21920|80280354||BL_21920_21920_80280354_20251020_161638.pdf|
|21920|21920|80282486||BL_21920_21920_80282486_20251103_160945.pdf|
|21926|21926|80278417||BL_21926_21926_80278417_20251008_160115.pdf|
|21926|21926|80283150||BL_21926_21926_80283150_20251106_154852.pdf|
|21928|21928|80269498||BL_21928_21928_80269498_20250717_155633.pdf|
|21928|21928|80273709||BL_21928_21928_80273709_20250904_155330.pdf|
|21928|21928|80274567||BL_21928_21928_80274567_20250911_160057.pdf|
|21928|21928|80276742||BL_21928_21928_80276742_20250926_150404.pdf|
|21928|21928|80277220||BL_21928_21928_80277220_20250929_165703.pdf|
|21928|21928|80280530||BL_21928_21928_80280530_20251020_163832.pdf|
|21928|21928|80281308||BL_21928_21928_80281308_20251023_165459.pdf|
|21928|21928|80281360||BL_21928_21928_80281360_20251024_163410.pdf|
|21928|21928|80281369||BL_21928_21928_80281369_20251024_163408.pdf|
|21929|21929|80268500||BL_21929_21929_80268500_20250708_163338.pdf|
|21929|21929|80274545||BL_21929_21929_80274545_20250911_155406.pdf|
|21929|21929|80277026||BL_21929_21929_80277026_20250929_165200.pdf|
|21929|21929|80280552||BL_21929_21929_80280552_20251020_163918.pdf|
|21929|21929|80281403||BL_21929_21929_80281403_20251024_170533.pdf|
|21929|21929|80281797||BL_21929_21929_80281797_20251029_160224.pdf|
|21934|21934|80268823||BL_21934_21934_80268823_20250710_151706.pdf|
|21934|21934|80273626||BL_21934_21934_80273626_20250905_160335.pdf|
|21934|21934|80276377||BL_21934_21934_80276377_20250924_172341.pdf|
|21934|21934|80277734||BL_21934_21934_80277734_20251002_151853.pdf|
|21934|21934|80278719||BL_21934_21934_80278719_20251015_163119.pdf|
|21934|21934|80278792||BL_21934_21934_80278792_20251010_160834.pdf|
|21934|21934|80280488||BL_21934_21934_80280488_20251020_163823.pdf|
|21934|21934|80281388||BL_21934_21934_80281388_20251024_144631.pdf|
|21936|21936|80268997||BL_21936_21936_80268997_20250711_160226.pdf|
|21936|21936|80269649||BL_21936_21936_80269649_20250718_153632.pdf|
|21936|21936|80271656||BL_21936_21936_80271656_20250826_091627.pdf|
|21936|21936|80272158||BL_21936_21936_80272158_20250804_155217.pdf|
|21936|21936|80272760||BL_21936_21936_80272760_20250827_150303.pdf|
|21936|21936|80276273||BL_21936_21936_80276273_20250924_154847.pdf|
|21936|21936|80276484||BL_21936_21936_80276484_20250925_163441.pdf|
|21936|21936|80276735||BL_21936_21936_80276735_20250926_150309.pdf|
|21936|21936|80277090||BL_21936_21936_80277090_20250929_165337.pdf|
|21936|21936|80278784||BL_21936_21936_80278784_20251010_160455.pdf|
|21936|21936|80279137||BL_21936_21936_80279137_20251013_152303.pdf|
|21936|21936|80281383||BL_21936_21936_80281383_20251024_163351.pdf|
|21936|21936|80281709||BL_21936_21936_80281709_20251028_163329.pdf|
|21936|21936|80283589||BL_21936_21936_80283589_20251113_155023.pdf|
|21942|21942|80271034||BL_21942_21942_80271034_20250729_160708.pdf|
|21942|21942|80271770||BL_21942_21942_80271770_20250825_160030.pdf|
|21942|21942|80272862||BL_21942_21942_80272862_20250829_144616.pdf|
|21942|21942|80274541||BL_21942_21942_80274541_20250911_155453.pdf|
|21942|21942|80276209||BL_21942_21942_80276209_20250924_172059.pdf|
|21942|21942|80280035||BL_21942_21942_80280035_20251017_172005.pdf|
|21942|21942|80280784||BL_21942_21942_80280784_20251021_163606.pdf|
|21942|21942|80283279||BL_21942_21942_80283279_20251107_143240.pdf|
|21943|21943|80272944||BL_21943_21943_80272944_20250901_153148.pdf|
|21943|21943|80273322||BL_21943_21943_80273322_20250902_162305.pdf|
|21943|21943|80273432||BL_21943_21943_80273432_20250903_155835.pdf|
|21943|21943|80278928||BL_21943_21943_80278928_20251013_170549.pdf|
|21943|21943|80279549||BL_21943_21943_80279549_20251015_161923.pdf|
|21943|21943|80281981||BL_21943_21943_80281981_20251029_160237.pdf|
|21946|20093|80275389||BL_21946_20093_80275389_20250918_141633.pdf|
|21946|20093|80281064||BL_21946_20093_80281064_20251022_155958.pdf|
|21946|20093|80283357||BL_21946_20093_80283357_20251112_161920.pdf|
|21946|20093|80283658||BL_21946_20093_80283658_20251113_152022.pdf|
|21950|21950|80271177||BL_21950_21950_80271177_20250730_153236.pdf|
|21950|21950|80271805||BL_21950_21950_80271805_20250825_160403.pdf|
|21950|21950|80276274||BL_21950_21950_80276274_20250924_172315.pdf|
|21952|21952|80268290||BL_21952_21952_80268290_20250707_154010.pdf|
|21952|21952|80271372||BL_21952_21952_80271372_20250731_161913.pdf|
|21952|21952|80274058||BL_21952_21952_80274058_20250908_163408.pdf|
|21952|21952|80276066||BL_21952_21952_80276066_20250924_171750.pdf|
|21952|21952|80276516||BL_21952_21952_80276516_20250925_163610.pdf|
|21952|21952|80278616||BL_21952_21952_80278616_20251009_154713.pdf|
|21952|21952|80280208||BL_21952_21952_80280208_20251017_172338.pdf|
|21952|21952|80280713||BL_21952_21952_80280713_20251020_161959.pdf|
|21952|21952|80280779||BL_21952_21952_80280779_20251021_155440.pdf|
|21954|21954|80268484||BL_21954_21954_80268484_20250708_163214.pdf|
|21954|21954|80273265||BL_21954_21954_80273265_20250902_170908.pdf|
|21954|21954|80274960||BL_21954_21954_80274960_20250915_164749.pdf|
|21954|21954|80277639||BL_21954_21954_80277639_20251001_144633.pdf|
|21954|21954|80278072||BL_21954_21954_80278072_20251006_154640.pdf|
|21954|21954|80279210||BL_21954_21954_80279210_20251013_152454.pdf|
|21954|21954|80280249||BL_21954_21954_80280249_20251020_163306.pdf|
|21958|21958|80269752||BL_21958_21958_80269752_20250721_160220.pdf|
|21958|21958|80272900||BL_21958_21958_80272900_20250829_144628.pdf|
|21958|21958|80274564||BL_21958_21958_80274564_20250911_155658.pdf|
|21958|21958|80275980||BL_21958_21958_80275980_20250923_160354.pdf|
|21958|21958|80277296||BL_21958_21958_80277296_20250929_165940.pdf|
|21958|21958|80277463||BL_21958_21958_80277463_20250930_163520.pdf|
|21958|21958|80279336||BL_21958_21958_80279336_20251014_163918.pdf|
|21958|21958|80280558||BL_21958_21958_80280558_20251020_163910.pdf|
|21958|21958|80280897||BL_21958_21958_80280897_20251022_155342.pdf|
|21958|21958|80281145||BL_21958_21958_80281145_20251022_153257.pdf|
|21958|21958|80283145||BL_21958_21958_80283145_20251106_144851.pdf|
|21963|21963|80269200||BL_21963_21963_80269200_20250715_160514.pdf|
|21963|21963|80269995||BL_21963_21963_80269995_20250722_170450.pdf|
|21963|21963|80271769||BL_21963_21963_80271769_20250825_160035.pdf|
|21963|21963|80272861||BL_21963_21963_80272861_20250829_144614.pdf|
|21963|21963|80274128||BL_21963_21963_80274128_20250908_162134.pdf|
|21963|21963|80274609||BL_21963_21963_80274609_20250911_160353.pdf|
|21963|21963|80276147||BL_21963_21963_80276147_20250924_171910.pdf|
|21963|21963|80278431||BL_21963_21963_80278431_20251008_154740.pdf|
|21963|21963|80279311||BL_21963_21963_80279311_20251014_164004.pdf|
|21963|21963|80280197||BL_21963_21963_80280197_20251017_172355.pdf|
|21963|21963|80281134||BL_21963_21963_80281134_20251022_153318.pdf|
|21963|21963|80283572||BL_21963_21963_80283572_20251113_155156.pdf|
|21973|21973|80268589||BL_21973_21973_80268589_20250710_085803.pdf|
|21973|21973|80268901||BL_21973_21973_80268901_20250710_162708.pdf|
|21973|21973|80268956||BL_21973_21973_80268956_20250710_091959.pdf|
|21973|21973|80270046||BL_21973_21973_80270046_20250722_170823.pdf|
|21973|21973|80270717||BL_21973_21973_80270717_20250725_121237.pdf|
|21973|21973|80272402||BL_21973_21973_80272402_20250825_160641.pdf|
|21973|21973|80274229||BL_21973_21973_80274229_20250909_164520.pdf|
|21973|21973|80274809||BL_21973_21973_80274809_20250912_161238.pdf|
|21973|21973|80275041||BL_21973_21973_80275041_20250915_164911.pdf|
|21973|21973|80277882||BL_21973_21973_80277882_20251002_151930.pdf|
|21973|21973|80282087||BL_21973_21973_80282087_20251030_164948.pdf|
|21974|21974|80270639||BL_21974_21974_80270639_20250725_113118.pdf|
|21974|21974|80270960||BL_21974_21974_80270960_20250728_150443.pdf|
|21974|21974|80271169||BL_21974_21974_80271169_20250730_153246.pdf|
|21974|21974|80274749||BL_21974_21974_80274749_20250912_160827.pdf|
|21974|21974|80281571||BL_21974_21974_80281571_20251027_165258.pdf|
|21974|21974|80281924||BL_21974_21974_80281924_20251029_163926.pdf|
|21976|21976|80268791||BL_21976_21976_80268791_20250710_161830.pdf|
|21976|21976|80271418||BL_21976_21976_80271418_20250731_162423.pdf|
|21976|21976|80271925||BL_21976_21976_80271925_20250801_153621.pdf|
|21976|21976|80272301||BL_21976_21976_80272301_20250807_154646.pdf|
|21976|21976|80272783||BL_21976_21976_80272783_20250828_144603.pdf|
|21976|21976|80273136||BL_21976_21976_80273136_20250902_170402.pdf|
|21976|21976|80274066||BL_21976_21976_80274066_20250909_162450.pdf|
|21976|21976|80276496||BL_21976_21976_80276496_20250925_163335.pdf|
|21976|21976|80277269||BL_21976_21976_80277269_20250929_171416.pdf|
|21976|21976|80277915||BL_21976_21976_80277915_20251003_162045.pdf|
|21976|21976|80278721||BL_21976_21976_80278721_20251016_173157.pdf|
|21976|21976|80278739||BL_21976_21976_80278739_20251016_173203.pdf|
|21976|21976|80278841||BL_21976_21976_80278841_20251016_173540.pdf|
|21976|21976|80280589||BL_21976_21976_80280589_20251020_163944.pdf|
|21976|21976|80281294||BL_21976_21976_80281294_20251023_165151.pdf|
|21976|21976|80283249||BL_21976_21976_80283249_20251107_143137.pdf|
|21978|21978|80273921||BL_21978_21978_80273921_20250905_161941.pdf|
|21980|21980|80269475||BL_21980_21980_80269475_20250717_155425.pdf|
|21980|21980|80271718||BL_21980_21980_80271718_20250825_155750.pdf|
|21980|21980|80272625||BL_21980_21980_80272625_20250826_153211.pdf|
|21980|21980|80273875||BL_21980_21980_80273875_20250905_161453.pdf|
|21980|21980|80274311||BL_21980_21980_80274311_20250909_090139.pdf|
|21980|21980|80274424||BL_21980_21980_80274424_20250910_090137.pdf|
|21980|21980|80274615||BL_21980_21980_80274615_20250911_160328.pdf|
|21980|21980|80274985||BL_21980_21980_80274985_20250915_164825.pdf|
|21980|21980|80276084||BL_21980_21980_80276084_20250924_171827.pdf|
|21980|21980|80278997||BL_21980_21980_80278997_20251014_163225.pdf|
|21980|21980|80280203||BL_21980_21980_80280203_20251017_172346.pdf|
|21980|21980|80281080||BL_21980_21980_80281080_20251022_153120.pdf|
|21980|21980|80282658||BL_21980_21980_80282658_20251104_160228.pdf|
|21983|21983|80277780||BL_21983_21983_80277780_20251002_151810.pdf|
|21983|21983|80283535||BL_21983_21983_80283535_20251113_151652.pdf|
|21984|21984|80274892||BL_21984_21984_80274892_20250915_171227.pdf|
|21984|21984|80278083||BL_21984_21984_80278083_20251006_161200.pdf|
|21986|21986|80268216||BL_21986_21986_80268216_20250707_150131.pdf|
|21986|21986|80275128||BL_21986_21986_80275128_20250916_164144.pdf|
|21986|21986|80276264||BL_21986_21986_80276264_20250924_172153.pdf|
|21986|21986|80278427||BL_21986_21986_80278427_20251008_154804.pdf|
|21986|21986|80279195||BL_21986_21986_80279195_20251013_152528.pdf|
|21986|21986|80279614||BL_21986_21986_80279614_20251015_160308.pdf|
|21986|21986|80279848||BL_21986_21986_80279848_20251017_163608.pdf|
|21986|21986|80280020||BL_21986_21986_80280020_20251017_171920.pdf|
|21986|21986|80282533||BL_21986_21986_80282533_20251103_151826.pdf|
|21989|21989|80268831||BL_21989_21989_80268831_20250710_162107.pdf|
|21989|21989|80272892||BL_21989_21989_80272892_20250829_144714.pdf|
|21989|21989|80275419||BL_21989_21989_80275419_20250918_152350.pdf|
|21989|21989|80276979||BL_21989_21989_80276979_20250929_165101.pdf|
|21989|21989|80279713||BL_21989_21989_80279713_20251016_174410.pdf|
|21989|21989|80280374||BL_21989_21989_80280374_20251020_163537.pdf|
|21997|21997|80270889||BL_21997_21997_80270889_20250728_165651.pdf|
|21997|21997|80271804||BL_21997_21997_80271804_20250825_160409.pdf|
|21997|21997|80273662||BL_21997_21997_80273662_20250904_155235.pdf|
|21997|21997|80275108||BL_21997_21997_80275108_20250916_163814.pdf|
|21997|21997|80275307||BL_21997_21997_80275307_20250917_153554.pdf|
|21997|21997|80276836||BL_21997_21997_80276836_20250929_170407.pdf|
|21997|21997|80276938||BL_21997_21997_80276938_20250929_171216.pdf|
|21997|21997|80279844||BL_21997_21997_80279844_20251017_164724.pdf|
|21997|21997|80280270||BL_21997_21997_80280270_20251020_163333.pdf|
|21998|21998|80274404||BL_21998_21998_80274404_20250910_154711.pdf|
|21998|21998|80277456||BL_21998_21998_80277456_20250930_163626.pdf|
|21998|21998|80280643||BL_21998_21998_80280643_20251017_160216.pdf|
|21998|21998|80280728||BL_21998_21998_80280728_20251020_161950.pdf|
|21998|21998|80280763||BL_21998_21998_80280763_20251020_180750.pdf|
|21998|21998|80282852||BL_21998_21998_80282852_20251105_154839.pdf|
|22001|22001|80268259||BL_22001_22001_80268259_20250707_153908.pdf|
|22001|22001|80275779||BL_22001_22001_80275779_20250922_162137.pdf|
|22001|22001|80277130||BL_22001_22001_80277130_20250929_165452.pdf|
|22001|22001|80279103||BL_22001_22001_80279103_20251013_152114.pdf|
|22001|22001|80280349||BL_22001_22001_80280349_20251020_163504.pdf|
|22004|22004|80270626||BL_22004_22004_80270626_20250725_120407.pdf|
|22004|22004|80271761||BL_22004_22004_80271761_20250825_160117.pdf|
|22004|22004|80272819||BL_22004_22004_80272819_20250828_144708.pdf|
|22004|22004|80273909||BL_22004_22004_80273909_20250905_153221.pdf|
|22004|22004|80274111||BL_22004_22004_80274111_20250908_163229.pdf|
|22004|22004|80274309||BL_22004_22004_80274309_20250909_090138.pdf|
|22004|22004|80274987||BL_22004_22004_80274987_20250915_164822.pdf|
|22004|22004|80276154||BL_22004_22004_80276154_20250924_171858.pdf|
|22004|22004|80279040||BL_22004_22004_80279040_20251013_151928.pdf|
|22004|22004|80280137||BL_22004_22004_80280137_20251017_172207.pdf|
|22004|22004|80280629||BL_22004_22004_80280629_20251020_180222.pdf|
|22008|25331|80270044||BL_22008_25331_80270044_20250722_170836.pdf|
|22008|25331|80270345||BL_22008_25331_80270345_20250723_162459.pdf|
|22008|25331|80270674||BL_22008_25331_80270674_20250725_120906.pdf|
|22008|25331|80275039||BL_22008_25331_80275039_20250916_163234.pdf|
|22008|25331|80276575||BL_22008_25331_80276575_20250925_164310.pdf|
|22008|25331|80278372||BL_22008_25331_80278372_20251007_155013.pdf|
|22008|25331|80280837||BL_22008_25331_80280837_20251022_155159.pdf|
|22008|25331|80282744||BL_22008_25331_80282744_20251104_160918.pdf|
|22009|22009|80275747||BL_22009_22009_80275747_20250922_123106.pdf|
|22009|22009|80276278||BL_22009_22009_80276278_20250924_172311.pdf|
|22009|22009|80277190||BL_22009_22009_80277190_20250929_165643.pdf|
|22009|22009|80279095||BL_22009_22009_80279095_20251013_151956.pdf|
|22009|22009|80280342||BL_22009_22009_80280342_20251020_163454.pdf|
|22027|20101|80268470||BL_22027_20101_80268470_20250708_163226.pdf|
|22027|20101|80269999||BL_22027_20101_80269999_20250722_170430.pdf|
|22027|20101|80276731||BL_22027_20101_80276731_20250926_153445.pdf|
|22027|20101|80276781||BL_22027_20101_80276781_20250925_163354.pdf|
|22027|20101|80277074||BL_22027_20101_80277074_20250929_165254.pdf|
|22027|20101|80281893||BL_22027_20101_80281893_20251029_163243.pdf|
|22027|20101|80282894||BL_22027_20101_80282894_20251105_154949.pdf|
|22032|22032|80269463||BL_22032_22032_80269463_20250717_155103.pdf|
|22032|22032|80270450||BL_22032_22032_80270450_20250724_164942.pdf|
|22032|22032|80275610||BL_22032_22032_80275610_20250919_165826.pdf|
|22032|22032|80277478||BL_22032_22032_80277478_20250930_163852.pdf|
|22032|22032|80277704||BL_22032_22032_80277704_20251002_151927.pdf|
|22032|22032|80282909||BL_22032_22032_80282909_20251105_154926.pdf|
|22037|22037|80268230||BL_22037_22037_80268230_20250707_153334.pdf|
|22037|22037|80268898||BL_22037_22037_80268898_20250710_151818.pdf|
|22037|22037|80270178||BL_22037_22037_80270178_20250722_161738.pdf|
|22037|22037|80272809||BL_22037_22037_80272809_20250828_151747.pdf|
|22037|22037|80272911||BL_22037_22037_80272911_20250829_153130.pdf|
|22037|22037|80275888||BL_22037_22037_80275888_20250923_161915.pdf|
|22037|22037|80277566||BL_22037_22037_80277566_20250930_164206.pdf|
|22037|22037|80278715||BL_22037_22037_80278715_20251010_163118.pdf|
|22037|22037|80281557||BL_22037_22037_80281557_20251027_165103.pdf|
|22037|22037|80283402||BL_22037_22037_80283402_20251112_162429.pdf|
|22040|22040|80276713||BL_22040_22040_80276713_20250926_150339.pdf|
|22040|22040|80277098||BL_22040_22040_80277098_20250929_165324.pdf|
|22040|22040|80282877||BL_22040_22040_80282877_20251105_154909.pdf|
|22053|22053|80276852||BL_22053_22053_80276852_20250929_170722.pdf|
|22053|22053|80278736||BL_22053_22053_80278736_20251010_161646.pdf|
|22053|22053|80279041||BL_22053_22053_80279041_20251014_165447.pdf|
|22053|22053|80281786||BL_22053_22053_80281786_20251028_165356.pdf|
|22053|22053|80282903||BL_22053_22053_80282903_20251105_154935.pdf|
|22057|22057|80268910||BL_22057_22057_80268910_20250710_162946.pdf|
|22057|22057|80270783||BL_22057_22057_80270783_20250728_164857.pdf|
|22057|22057|80273334||BL_22057_22057_80273334_20250903_155722.pdf|
|22057|22057|80273769||BL_22057_22057_80273769_20250904_160300.pdf|
|22057|22057|80282707||BL_22057_22057_80282707_20251104_153209.pdf|
|22058|22058|80270668||BL_22058_22058_80270668_20250725_120926.pdf|
|22058|22058|80271223||BL_22058_22058_80271223_20250730_153435.pdf|
|22058|22058|80274937||BL_22058_22058_80274937_20250915_171304.pdf|
|22058|22058|80280890||BL_22058_22058_80280890_20251022_155441.pdf|
|22058|22058|80281061||BL_22058_22058_80281061_20251022_153138.pdf|
|22058|22058|80282043||BL_22058_22058_80282043_20251030_164636.pdf|
|22060|22060|80270602||BL_22060_22060_80270602_20250725_120330.pdf|
|22060|22060|80271822||BL_22060_22060_80271822_20250825_160551.pdf|
|22060|22060|80273235||BL_22060_22060_80273235_20250902_170707.pdf|
|22060|22060|80275749||BL_22060_22060_80275749_20250922_123135.pdf|
|22060|22060|80277189||BL_22060_22060_80277189_20250929_165644.pdf|
|22060|22060|80278230||BL_22060_22060_80278230_20251007_154626.pdf|
|22060|22060|80279094||BL_22060_22060_80279094_20251013_151959.pdf|
|22060|22060|80280341||BL_22060_22060_80280341_20251020_163452.pdf|
|22060|22060|80281278||BL_22060_22060_80281278_20251023_163947.pdf|
|22060|22060|80281441||BL_22060_22060_80281441_20251024_144701.pdf|
|22068|22068|80269832||BL_22068_22068_80269832_20250721_153123.pdf|
|22068|22068|80271644||BL_22068_22068_80271644_20250825_163954.pdf|
|22068|22068|80274019||BL_22068_22068_80274019_20250909_161938.pdf|
|22068|22068|80279555||BL_22068_22068_80279555_20251015_161905.pdf|
|22068|22068|80282088||BL_22068_22068_80282088_20251030_170427.pdf|
|22070|22070|80276826||BL_22070_22070_80276826_20250929_170201.pdf|
|22070|22070|80282902||BL_22070_22070_80282902_20251105_154936.pdf|
|22070|22070|80283604||BL_22070_22070_80283604_20251113_155352.pdf|
|22073|22073|80268264||BL_22073_22073_80268264_20250707_153826.pdf|
|22073|22073|80270508||BL_22073_22073_80270508_20250724_165729.pdf|
|22073|22073|80274725||BL_22073_22073_80274725_20250912_160549.pdf|
|22073|22073|80277002||BL_22073_22073_80277002_20250929_165131.pdf|
|22073|22073|80278570||BL_22073_22073_80278570_20251009_162114.pdf|
|22073|22073|80280292||BL_22073_22073_80280292_20251020_161721.pdf|
|22073|22073|80280881||BL_22073_22073_80280881_20251022_155459.pdf|
|22074|20110|80268201||BL_22074_20110_80268201_20250707_153122.pdf|
|22074|20110|80268939||BL_22074_20110_80268939_20250710_151926.pdf|
|22074|20110|80272235||BL_22074_20110_80272235_20250806_151626.pdf|
|22074|20110|80272881||BL_22074_20110_80272881_20250829_144742.pdf|
|22074|20110|80276579||BL_22074_20110_80276579_20250925_164245.pdf|
|22074|20110|80277641||BL_22074_20110_80277641_20251001_144650.pdf|
|22074|20110|80278256||BL_22074_20110_80278256_20251007_154737.pdf|
|22074|20110|80281340||BL_22074_20110_80281340_20251023_164020.pdf|
|22075|22075|80268838||BL_22075_22075_80268838_20250710_151651.pdf|
|22075|22075|80269448||BL_22075_22075_80269448_20250717_155232.pdf|
|22075|22075|80271669||BL_22075_22075_80271669_20250825_155201.pdf|
|22075|22075|80272883||BL_22075_22075_80272883_20250829_144734.pdf|
|22075|22075|80273902||BL_22075_22075_80273902_20250905_154630.pdf|
|22075|22075|80274559||BL_22075_22075_80274559_20250911_155734.pdf|
|22075|22075|80274950||BL_22075_22075_80274950_20250915_164804.pdf|
|22075|22075|80276102||BL_22075_22075_80276102_20250924_154742.pdf|
|22075|22075|80276215||BL_22075_22075_80276215_20250924_154943.pdf|
|22075|22075|80279022||BL_22075_22075_80279022_20251013_165247.pdf|
|22075|22075|80280140||BL_22075_22075_80280140_20251017_172204.pdf|
|22075|22075|80281767||BL_22075_22075_80281767_20251028_165110.pdf|
|22075|22075|80283282||BL_22075_22075_80283282_20251107_143247.pdf|
|22076|22076|80268685||BL_22076_22076_80268685_20250709_164856.pdf|
|22076|22076|80269045||BL_22076_22076_80269045_20250711_161028.pdf|
|22076|22076|80272253||BL_22076_22076_80272253_20250806_151651.pdf|
|22076|22076|80275616||BL_22076_22076_80275616_20250919_165752.pdf|
|22076|22076|80277485||BL_22076_22076_80277485_20250930_163808.pdf|
|22076|22076|80282281||BL_22076_22076_80282281_20251031_154851.pdf|
|22076|22076|80282546||BL_22076_22076_80282546_20251103_161334.pdf|
|22082|22082|80275123||BL_22082_22082_80275123_20250916_163619.pdf|
|22082|22082|80276206||BL_22082_22082_80276206_20250924_172104.pdf|
|22082|22082|80280014||BL_22082_22082_80280014_20251017_171929.pdf|
|22082|22082|80281497||BL_22082_22082_80281497_20251027_163314.pdf|
|22083|22083|80268993||BL_22083_22083_80268993_20250711_153113.pdf|
|22083|22083|80275429||BL_22083_22083_80275429_20250918_152225.pdf|
|22083|22083|80281616||BL_22083_22083_80281616_20251027_163816.pdf|
|22084|22084|80268423||BL_22084_22084_80268423_20250708_170538.pdf|
|22084|22084|80268603||BL_22084_22084_80268603_20250708_160448.pdf|
|22084|22084|80270489||BL_22084_22084_80270489_20250724_165503.pdf|
|22084|22084|80271891||BL_22084_22084_80271891_20250801_153503.pdf|
|22084|22084|80272619||BL_22084_22084_80272619_20250826_153226.pdf|
|22084|22084|80272909||BL_22084_22084_80272909_20250829_144832.pdf|
|22084|22084|80274054||BL_22084_22084_80274054_20250908_163417.pdf|
|22084|22084|80274319||BL_22084_22084_80274319_20250909_163920.pdf|
|22084|22084|80276067||BL_22084_22084_80276067_20250924_154801.pdf|
|22084|22084|80277462||BL_22084_22084_80277462_20250930_163532.pdf|
|22084|22084|80279031||BL_22084_22084_80279031_20251013_165216.pdf|
|22084|22084|80280207||BL_22084_22084_80280207_20251017_172339.pdf|
|22084|22084|80282352||BL_22084_22084_80282352_20251031_144711.pdf|
|22084|22084|80282641||BL_22084_22084_80282641_20251104_160441.pdf|
|22088|22088|80269133||BL_22088_22088_80269133_20250711_161151.pdf|
|22088|22088|80269677||BL_22088_22088_80269677_20250718_151737.pdf|
|22088|22088|80270322||BL_22088_22088_80270322_20250723_162423.pdf|
|22088|22088|80270827||BL_22088_22088_80270827_20250728_173452.pdf|
|22088|22088|80271539||BL_22088_22088_80271539_20250731_162950.pdf|
|22088|22088|80271622||BL_22088_22088_80271622_20250825_155150.pdf|
|22088|22088|80271941||BL_22088_22088_80271941_20250801_150224.pdf|
|22088|22088|80273422||BL_22088_22088_80273422_20250903_155902.pdf|
|22088|22088|80273593||BL_22088_22088_80273593_20250903_160827.pdf|
|22088|22088|80273931||BL_22088_22088_80273931_20250905_162233.pdf|
|22088|22088|80275469||BL_22088_22088_80275469_20250918_150258.pdf|
|22088|22088|80277799||BL_22088_22088_80277799_20251002_152009.pdf|
|22088|22088|80278307||BL_22088_22088_80278307_20251007_154909.pdf|
|22088|22088|80279948||BL_22088_22088_80279948_20251017_163643.pdf|
|22088|22088|80279975||BL_22088_22088_80279975_20251017_163703.pdf|
|22088|22088|80281580||BL_22088_22088_80281580_20251027_163722.pdf|
|22088|22088|80282489||BL_22088_22088_80282489_20251103_151629.pdf|
|22089|22089|80273316||BL_22089_22089_80273316_20250903_155756.pdf|
|22089|22089|80275734||BL_22089_22089_80275734_20250922_162120.pdf|
|22089|22089|80276300||BL_22089_22089_80276300_20250924_172245.pdf|
|22089|22089|80277565||BL_22089_22089_80277565_20250930_164204.pdf|
|22089|22089|80281878||BL_22089_22089_80281878_20251029_163402.pdf|
|22089|22089|80282535||BL_22089_22089_80282535_20251103_161026.pdf|
|22089|22089|80283071||BL_22089_22089_80283071_20251105_155218.pdf|
|22091|22091|80274865||BL_22091_22091_80274865_20250915_164640.pdf|
|22091|22091|80277055||BL_22091_22091_80277055_20250929_165220.pdf|
|22091|22091|80280332||BL_22091_22091_80280332_20251020_180707.pdf|
|22095|22095|80268854||BL_22095_22095_80268854_20250710_162347.pdf|
|22095|22095|80271787||BL_22095_22095_80271787_20250825_160223.pdf|
|22095|22095|80272740||BL_22095_22095_80272740_20250827_150348.pdf|
|22095|22095|80273520||BL_22095_22095_80273520_20250903_151650.pdf|
|22095|22095|80274075||BL_22095_22095_80274075_20250908_162335.pdf|
|22095|22095|80274984||BL_22095_22095_80274984_20250915_164827.pdf|
|22095|22095|80276090||BL_22095_22095_80276090_20250924_171818.pdf|
|22095|22095|80279871||BL_22095_22095_80279871_20251017_163426.pdf|
|22095|22095|80280204||BL_22095_22095_80280204_20251017_172344.pdf|
|22095|22095|80281777||BL_22095_22095_80281777_20251028_165025.pdf|
|22098|22098|80270652||BL_22098_22098_80270652_20250725_113059.pdf|
|22099|22099|80269350||BL_22099_22099_80269350_20250716_151751.pdf|
|22099|22099|80270318||BL_22099_22099_80270318_20250723_162218.pdf|
|22099|22099|80272796||BL_22099_22099_80272796_20250828_151620.pdf|
|22099|22099|80273302||BL_22099_22099_80273302_20250902_170836.pdf|
|22099|22099|80273753||BL_22099_22099_80273753_20250904_160048.pdf|
|22099|22099|80276322||BL_22099_22099_80276322_20250924_155301.pdf|
|22099|22099|80278313||BL_22099_22099_80278313_20251007_154859.pdf|
|22099|22099|80278396||BL_22099_22099_80278396_20251008_154631.pdf|
|22099|22099|80278538||BL_22099_22099_80278538_20251009_154627.pdf|
|22099|22099|80278842||BL_22099_22099_80278842_20251010_160906.pdf|
|22101|22101|80270816||BL_22101_22101_80270816_20250728_150313.pdf|
|22101|22101|80274099||BL_22101_22101_80274099_20250908_160254.pdf|
|22102|22102|80269517||BL_22102_22102_80269517_20250717_155821.pdf|
|22102|22102|80270643||BL_22102_22102_80270643_20250725_113110.pdf|
|22102|22102|80274065||BL_22102_22102_80274065_20250908_160313.pdf|
|22102|22102|80275582||BL_22102_22102_80275582_20250919_165651.pdf|
|22102|22102|80277146||BL_22102_22102_80277146_20250929_165537.pdf|
|22102|22102|80278091||BL_22102_22102_80278091_20251006_161127.pdf|
|22102|22102|80280395||BL_22102_22102_80280395_20251020_163609.pdf|
|22102|22102|80281517||BL_22102_22102_80281517_20251027_164817.pdf|
|22113|22113|80268883||BL_22113_22113_80268883_20250710_162813.pdf|
|22113|22113|80269405||BL_22113_22113_80269405_20250717_154818.pdf|
|22113|22113|80269817||BL_22113_22113_80269817_20250721_160805.pdf|
|22113|22113|80270782||BL_22113_22113_80270782_20250728_150123.pdf|
|22113|22113|80271268||BL_22113_22113_80271268_20250730_155141.pdf|
|22113|22113|80273046||BL_22113_22113_80273046_20250901_154000.pdf|
|22113|22113|80274332||BL_22113_22113_80274332_20250909_164936.pdf|
|22113|22113|80276330||BL_22113_22113_80276330_20250924_155234.pdf|
|22113|22113|80277801||BL_22113_22113_80277801_20251002_155624.pdf|
|22113|22113|80278303||BL_22113_22113_80278303_20251007_154926.pdf|
|22113|22113|80279256||BL_22113_22113_80279256_20251020_154647.pdf|
|22113|22113|80279669||BL_22113_22113_80279669_20251016_173614.pdf|
|22113|22113|80282093||BL_22113_22113_80282093_20251030_170854.pdf|
|22123|22123|80269378||BL_22123_22123_80269378_20250716_163524.pdf|
|22123|22123|80277944||BL_22123_22123_80277944_20251003_162147.pdf|
|22130|22130|80268270||BL_22130_22130_80268270_20250707_153740.pdf|
|22130|22130|80269358||BL_22130_22130_80269358_20250716_151746.pdf|
|22130|22130|80271901||BL_22130_22130_80271901_20250801_153337.pdf|
|22130|22130|80271963||BL_22130_22130_80271963_20250801_150317.pdf|
|22130|22130|80272403||BL_22130_22130_80272403_20250825_160636.pdf|
|22130|22130|80275315||BL_22130_22130_80275315_20250917_140233.pdf|
|22130|22130|80275381||BL_22130_22130_80275381_20250918_150158.pdf|
|22130|22130|80277579||BL_22130_22130_80277579_20250930_164304.pdf|
|22130|22130|80278371||BL_22130_22130_80278371_20251007_155012.pdf|
|22130|22130|80279380||BL_22130_22130_80279380_20251014_165948.pdf|
|22136|22136|80269016||BL_22136_22136_80269016_20250711_160445.pdf|
|22136|22136|80270406||BL_22136_22136_80270406_20250724_164653.pdf|
|22136|22136|80270518||BL_22136_22136_80270518_20250724_170112.pdf|
|22136|22136|80271362||BL_22136_22136_80271362_20250731_161748.pdf|
|22136|22136|80273637||BL_22136_22136_80273637_20250905_160714.pdf|
|22136|22136|80274135||BL_22136_22136_80274135_20250908_163523.pdf|
|22136|22136|80275361||BL_22136_22136_80275361_20250917_101922.pdf|
|22136|22136|80275441||BL_22136_22136_80275441_20250918_141717.pdf|
|22136|22136|80276260||BL_22136_22136_80276260_20250924_172159.pdf|
|22136|22136|80277436||BL_22136_22136_80277436_20250929_143554.pdf|
|22136|22136|80279341||BL_22136_22136_80279341_20251014_163901.pdf|
|22136|22136|80280017||BL_22136_22136_80280017_20251017_171924.pdf|
|22137|22137|80268850||BL_22137_22137_80268850_20250710_151642.pdf|
|22137|22137|80271978||BL_22137_22137_80271978_20250804_161817.pdf|
|22137|22137|80273034||BL_22137_22137_80273034_20250901_154105.pdf|
|22137|22137|80275154||BL_22137_22137_80275154_20250916_164429.pdf|
|22139|22139|80271031||BL_22139_22139_80271031_20250729_160724.pdf|
|22139|22139|80272044||BL_22139_22139_80272044_20250804_160449.pdf|
|22139|22139|80273496||BL_22139_22139_80273496_20250903_151713.pdf|
|22139|22139|80274039||BL_22139_22139_80274039_20250908_163441.pdf|
|22139|22139|80276860||BL_22139_22139_80276860_20250929_170551.pdf|
|22139|22139|80278090||BL_22139_22139_80278090_20251006_161130.pdf|
|22139|22139|80279455||BL_22139_22139_80279455_20251015_160141.pdf|
|22139|22139|80279877||BL_22139_22139_80279877_20251017_163250.pdf|
|22139|22139|80279976||BL_22139_22139_80279976_20251017_163704.pdf|
|22139|22139|80280170||BL_22139_22139_80280170_20251017_172332.pdf|
|22140|22140|80268505||BL_22140_22140_80268505_20250708_170855.pdf|
|22140|22140|80268926||BL_22140_22140_80268926_20250710_151915.pdf|
|22140|22140|80271579||BL_22140_22140_80271579_20250825_154922.pdf|
|22140|22140|80276753||BL_22140_22140_80276753_20250926_153759.pdf|
|22140|22140|80278255||BL_22140_22140_80278255_20251007_154739.pdf|
|22140|22140|80282097||BL_22140_22140_80282097_20251030_170813.pdf|
|22141|22141|80268466||BL_22141_22141_80268466_20250708_170719.pdf|
|22141|22141|80270856||BL_22141_22141_80270856_20250728_165603.pdf|
|22141|22141|80271381||BL_22141_22141_80271381_20250731_161833.pdf|
|22141|22141|80272741||BL_22141_22141_80272741_20250827_150346.pdf|
|22141|22141|80275733||BL_22141_22141_80275733_20250922_154718.pdf|
|22141|22141|80276268||BL_22141_22141_80276268_20250924_154937.pdf|
|22141|22141|80277187||BL_22141_22141_80277187_20250929_165648.pdf|
|22141|22141|80279091||BL_22141_22141_80279091_20251013_152007.pdf|
|22141|22141|80281722||BL_22141_22141_80281722_20251028_163527.pdf|
|22148|22148|80275618||BL_22148_22148_80275618_20250919_165733.pdf|
|22148|22148|80282462||BL_22148_22148_80282462_20251103_160257.pdf|
|22151|22151|80270026||BL_22151_22151_80270026_20250722_170557.pdf|
|22151|22151|80272597||BL_22151_22151_80272597_20250826_154737.pdf|
|22151|22151|80276271||BL_22151_22151_80276271_20250924_154912.pdf|
|22151|22151|80276482||BL_22151_22151_80276482_20250925_163500.pdf|
|22151|22151|80277092||BL_22151_22151_80277092_20250929_165334.pdf|
|22151|22151|80279139||BL_22151_22151_80279139_20251013_152258.pdf|
|22151|22151|80280634||BL_22151_22151_80280634_20251017_160207.pdf|
|22151|22151|80280759||BL_22151_22151_80280759_20251021_155045.pdf|
|22151|22151|80281902||BL_22151_22151_80281902_20251029_163633.pdf|
|22152|22152|80273600||BL_22152_22152_80273600_20250903_160806.pdf|
|22152|22152|80277911||BL_22152_22152_80277911_20251003_162105.pdf|
|22152|22152|80281936||BL_22152_22152_80281936_20251029_163857.pdf|
|22153|22153|80268543||BL_22153_22153_80268543_20250708_171228.pdf|
|22153|22153|80270166||BL_22153_22153_80270166_20250722_161714.pdf|
|22153|22153|80270534||BL_22153_22153_80270534_20250724_165932.pdf|
|22153|22153|80271394||BL_22153_22153_80271394_20250731_163103.pdf|
|22153|22153|80271395||BL_22153_22153_80271395_20250731_163131.pdf|
|22153|22153|80271582||BL_22153_22153_80271582_20250825_154916.pdf|
|22153|22153|80272131||BL_22153_22153_80272131_20250805_154624.pdf|
|22153|22153|80272949||BL_22153_22153_80272949_20250901_153230.pdf|
|22153|22153|80273941||BL_22153_22153_80273941_20250905_162146.pdf|
|22153|22153|80273950||BL_22153_22153_80273950_20250905_162115.pdf|
|22153|22153|80274096||BL_22153_22153_80274096_20250908_160256.pdf|
|22153|22153|80275830||BL_22153_22153_80275830_20250922_162542.pdf|
|22153|22153|80278293||BL_22153_22153_80278293_20251007_154824.pdf|
|22153|22153|80279567||BL_22153_22153_80279567_20251015_184805.pdf|
|22153|22153|80281040||BL_22153_22153_80281040_20251022_160131.pdf|
|22153|22153|80281244||BL_22153_22153_80281244_20251023_165051.pdf|
|22153|22153|80281613||BL_22153_22153_80281613_20251027_163813.pdf|
|22154|22154|80272733||BL_22154_22154_80272733_20250827_150151.pdf|
|22154|22154|80273183||BL_22154_22154_80273183_20250902_162126.pdf|
|22154|22154|80273485||BL_22154_22154_80273485_20250903_160129.pdf|
|22154|22154|80276089||BL_22154_22154_80276089_20250924_171819.pdf|
|22154|22154|80278065||BL_22154_22154_80278065_20251006_160911.pdf|
|22154|22154|80278954||BL_22154_22154_80278954_20251013_170405.pdf|
|22154|22154|80280079||BL_22154_22154_80280079_20251017_172113.pdf|
|22155|22155|80268236||BL_22155_22155_80268236_20250707_153735.pdf|
|22155|22155|80275743||BL_22155_22155_80275743_20250922_162008.pdf|
|22155|22155|80276009||BL_22155_22155_80276009_20250923_160335.pdf|
|22156|22156|80270696||BL_22156_22156_80270696_20250725_121039.pdf|
|22156|22156|80271546||BL_22156_22156_80271546_20250731_155000.pdf|
|22156|22156|80272206||BL_22156_22156_80272206_20250805_154705.pdf|
|22156|22156|80272338||BL_22156_22156_80272338_20250807_154737.pdf|
|22156|22156|80272970||BL_22156_22156_80272970_20250901_153401.pdf|
|22156|22156|80274036||BL_22156_22156_80274036_20250908_160316.pdf|
|22156|22156|80274199||BL_22156_22156_80274199_20250908_163640.pdf|
|22156|22156|80275535||BL_22156_22156_80275535_20250918_122635.pdf|
|22156|22156|80277588||BL_22156_22156_80277588_20250930_164240.pdf|
|22156|22156|80277953||BL_22156_22156_80277953_20251003_162442.pdf|
|22156|22156|80278294||BL_22156_22156_80278294_20251007_154822.pdf|
|22156|22156|80278931||BL_22156_22156_80278931_20251013_164841.pdf|
|22156|22156|80279560||BL_22156_22156_80279560_20251015_160323.pdf|
|22156|22156|80281343||BL_22156_22156_80281343_20251023_164024.pdf|
|22157|22157|80273244||BL_22157_22157_80273244_20250902_162042.pdf|
|22157|22157|80273245||BL_22157_22157_80273245_20250902_162037.pdf|
|22157|22157|80274127||BL_22157_22157_80274127_20250908_163608.pdf|
|22157|22157|80274981||BL_22157_22157_80274981_20250915_164831.pdf|
|22157|22157|80276060||BL_22157_22157_80276060_20250924_154803.pdf|
|22157|22157|80278963||BL_22157_22157_80278963_20251014_163435.pdf|
|22157|22157|80280198||BL_22157_22157_80280198_20251017_172353.pdf|
|22157|22157|80282638||BL_22157_22157_80282638_20251104_160503.pdf|
|22159|22159|80268678||BL_22159_22159_80268678_20250709_160237.pdf|
|22159|22159|80269225||BL_22159_22159_80269225_20250715_160700.pdf|
|22159|22159|80273431||BL_22159_22159_80273431_20250903_155840.pdf|
|22159|22159|80276314||BL_22159_22159_80276314_20250923_160409.pdf|
|22159|22159|80277543||BL_22159_22159_80277543_20250930_164219.pdf|
|22159|22159|80279546||BL_22159_22159_80279546_20251015_161957.pdf|
|22161|22161|80268647||BL_22161_22161_80268647_20250709_160220.pdf|
|22161|22161|80273122||BL_22161_22161_80273122_20250903_154954.pdf|
|22161|22161|80275913||BL_22161_22161_80275913_20250923_162040.pdf|
|22161|22161|80276539||BL_22161_22161_80276539_20250925_161821.pdf|
|22161|22161|80277179||BL_22161_22161_80277179_20250929_165552.pdf|
|22161|22161|80279086||BL_22161_22161_80279086_20251013_152021.pdf|
|22161|22161|80281246||BL_22161_22161_80281246_20251024_163504.pdf|
|22161|22161|80281731||BL_22161_22161_80281731_20251028_163513.pdf|
|22161|22161|80282530||BL_22161_22161_80282530_20251103_161031.pdf|
|22163|22163|80273026||BL_22163_22163_80273026_20250901_153759.pdf|
|22163|22163|80275417||BL_22163_22163_80275417_20250918_152415.pdf|
|22163|22163|80276980||BL_22163_22163_80276980_20250929_165059.pdf|
|22163|22163|80279715||BL_22163_22163_80279715_20251016_174341.pdf|
|22163|22163|80280375||BL_22163_22163_80280375_20251020_163543.pdf|
|22164|22164|80273053||BL_22164_22164_80273053_20250901_154222.pdf|
|22164|22164|80276477||BL_22164_22164_80276477_20250925_163534.pdf|
|22164|22164|80279777||BL_22164_22164_80279777_20251016_175203.pdf|
|22164|22164|80282551||BL_22164_22164_80282551_20251103_161309.pdf|
|22164|22164|80282690||BL_22164_22164_80282690_20251104_153227.pdf|
|22165|22165|80269612||BL_22165_22165_80269612_20250718_153309.pdf|
|22165|22165|80272874||BL_22165_22165_80272874_20250829_153242.pdf|
|22165|22165|80274991||BL_22165_22165_80274991_20250915_171755.pdf|
|22165|22165|80276191||BL_22165_22165_80276191_20250924_172030.pdf|
|22165|22165|80279773||BL_22165_22165_80279773_20251016_175229.pdf|
|22165|22165|80280056||BL_22165_22165_80280056_20251017_172041.pdf|
|22165|22165|80280893||BL_22165_22165_80280893_20251021_163810.pdf|
|22165|22165|80281615||BL_22165_22165_80281615_20251027_165551.pdf|
|22167|22167|80271045||BL_22167_22167_80271045_20250729_160603.pdf|
|22170|22170|80270946||BL_22170_22170_80270946_20250728_170235.pdf|
|22170|22170|80273227||BL_22170_22170_80273227_20250902_162106.pdf|
|22170|22170|80274507||BL_22170_22170_80274507_20250911_155007.pdf|
|22170|22170|80274767||BL_22170_22170_80274767_20250912_161218.pdf|
|22170|22170|80274919||BL_22170_22170_80274919_20250915_164713.pdf|
|22170|22170|80276220||BL_22170_22170_80276220_20250924_172036.pdf|
|22170|22170|80278231||BL_22170_22170_80278231_20251007_160719.pdf|
|22170|22170|80278620||BL_22170_22170_80278620_20251009_160928.pdf|
|22170|22170|80278697||BL_22170_22170_80278697_20251013_164705.pdf|
|22170|22170|80278968||BL_22170_22170_80278968_20251013_164752.pdf|
|22170|22170|80280193||BL_22170_22170_80280193_20251017_172401.pdf|
|22170|22170|80281071||BL_22170_22170_80281071_20251022_160346.pdf|
|22174|22174|80268525||BL_22174_22174_80268525_20250708_171035.pdf|
|22174|22174|80268692||BL_22174_22174_80268692_20250709_165121.pdf|
|22174|22174|80269183||BL_22174_22174_80269183_20250715_160229.pdf|
|22174|22174|80273933||BL_22174_22174_80273933_20250905_154657.pdf|
|22174|22174|80274331||BL_22174_22174_80274331_20250909_164219.pdf|
|22174|22174|80274658||BL_22174_22174_80274658_20250911_161038.pdf|
|22174|22174|80277806||BL_22174_22174_80277806_20251002_155603.pdf|
|22174|22174|80279548||BL_22174_22174_80279548_20251015_161937.pdf|
|22177|22177|80269196||BL_22177_22177_80269196_20250715_160538.pdf|
|22177|22177|80275922||BL_22177_22177_80275922_20250923_162351.pdf|
|22177|22177|80277714||BL_22177_22177_80277714_20251002_155019.pdf|
|22177|22177|80279483||BL_22177_22177_80279483_20251015_160145.pdf|
|22177|22177|80281311||BL_22177_22177_80281311_20251023_165444.pdf|
|22177|22177|80281354||BL_22177_22177_80281354_20251027_164635.pdf|
|22178|22178|80268224||BL_22178_22178_80268224_20250707_153443.pdf|
|22178|22178|80273119||BL_22178_22178_80273119_20250902_163204.pdf|
|22178|22178|80273479||BL_22178_22178_80273479_20250903_151721.pdf|
|22178|22178|80276383||BL_22178_22178_80276383_20250924_172331.pdf|
|22178|22178|80280462||BL_22178_22178_80280462_20251020_163723.pdf|
|22178|22178|80280866||BL_22178_22178_80280866_20251021_155241.pdf|
|22179|22179|80269623||BL_22179_22179_80269623_20250718_151626.pdf|
|22179|22179|80271060||BL_22179_22179_80271060_20250729_160820.pdf|
|22179|22179|80271813||BL_22179_22179_80271813_20250825_160319.pdf|
|22179|22179|80272231||BL_22179_22179_80272231_20250806_151634.pdf|
|22179|22179|80273231||BL_22179_22179_80273231_20250902_162051.pdf|
|22179|22179|80273657||BL_22179_22179_80273657_20250904_154653.pdf|
|22179|22179|80274113||BL_22179_22179_80274113_20250908_094539.pdf|
|22179|22179|80274307||BL_22179_22179_80274307_20250909_163949.pdf|
|22179|22179|80274989||BL_22179_22179_80274989_20250915_164819.pdf|
|22179|22179|80276074||BL_22179_22179_80276074_20250924_154759.pdf|
|22179|22179|80278741||BL_22179_22179_80278741_20251010_160338.pdf|
|22179|22179|80279009||BL_22179_22179_80279009_20251014_163142.pdf|
|22179|22179|80280133||BL_22179_22179_80280133_20251017_172211.pdf|
|22179|22179|80281815||BL_22179_22179_80281815_20251028_163956.pdf|
|22183|22183|80269354||BL_22183_22183_80269354_20250716_163620.pdf|
|22183|22183|80272239||BL_22183_22183_80272239_20250806_151619.pdf|
|22183|22183|80272285||BL_22183_22183_80272285_20250825_160657.pdf|
|22183|22183|80272738||BL_22183_22183_80272738_20250827_150127.pdf|
|22183|22183|80273989||BL_22183_22183_80273989_20250908_161631.pdf|
|22183|22183|80274364||BL_22183_22183_80274364_20250909_165107.pdf|
|22183|22183|80275893||BL_22183_22183_80275893_20250923_160204.pdf|
|22183|22183|80281471||BL_22183_22183_80281471_20251024_171046.pdf|
|22187|22187|80268413||BL_22187_22187_80268413_20250708_170649.pdf|
|22187|22187|80268781||BL_22187_22187_80268781_20250710_161752.pdf|
|22187|22187|80274270||BL_22187_22187_80274270_20250909_163911.pdf|
|22187|22187|80276116||BL_22187_22187_80276116_20250924_171848.pdf|
|22187|22187|80277629||BL_22187_22187_80277629_20251001_161749.pdf|
|22187|22187|80277709||BL_22187_22187_80277709_20251002_155133.pdf|
|22187|22187|80277919||BL_22187_22187_80277919_20251003_161958.pdf|
|22187|22187|80278889||BL_22187_22187_80278889_20251013_170705.pdf|
|22187|22187|80280059||BL_22187_22187_80280059_20251017_172036.pdf|
|22194|22194|80275929||BL_22194_22194_80275929_20250923_162338.pdf|
|22194|22194|80276522||BL_22194_22194_80276522_20250925_164111.pdf|
|22194|22194|80277161||BL_22194_22194_80277161_20250929_165512.pdf|
|22194|22194|80277737||BL_22194_22194_80277737_20251002_155324.pdf|
|22194|22194|80278553||BL_22194_22194_80278553_20251009_161717.pdf|
|22194|22194|80278994||BL_22194_22194_80278994_20251013_151826.pdf|
|22194|22194|80279146||BL_22194_22194_80279146_20251013_152239.pdf|
|22194|22194|80281703||BL_22194_22194_80281703_20251028_164955.pdf|
|22196|22196|80268397||BL_22196_22196_80268397_20250708_160210.pdf|
|22196|22196|80268745||BL_22196_22196_80268745_20250709_165136.pdf|
|22196|22196|80270881||BL_22196_22196_80270881_20250728_165758.pdf|
|22196|22196|80271163||BL_22196_22196_80271163_20250730_153255.pdf|
|22196|22196|80271646||BL_22196_22196_80271646_20250731_155109.pdf|
|22196|22196|80273124||BL_22196_22196_80273124_20250902_170248.pdf|
|22196|22196|80273499||BL_22196_22196_80273499_20250903_160426.pdf|
|22196|22196|80274211||BL_22196_22196_80274211_20250909_164456.pdf|
|22196|22196|80274401||BL_22196_22196_80274401_20250910_154722.pdf|
|22196|22196|80275553||BL_22196_22196_80275553_20250919_165004.pdf|
|22196|22196|80275731||BL_22196_22196_80275731_20250922_154719.pdf|
|22196|22196|80278958||BL_22196_22196_80278958_20251013_170338.pdf|
|22196|22196|80281561||BL_22196_22196_80281561_20251027_165044.pdf|
|22196|22196|80282650||BL_22196_22196_80282650_20251104_160346.pdf|
|22196|22196|80283626||BL_22196_22196_80283626_20251113_151940.pdf|
|22198|22198|80282158||BL_22198_22198_80282158_20251030_165119.pdf|
|22199|22199|80268676||BL_22199_22199_80268676_20250709_160239.pdf|
|22199|22199|80269397||BL_22199_22199_80269397_20250717_154631.pdf|
|22199|22199|80271982||BL_22199_22199_80271982_20250804_160222.pdf|
|22199|22199|80272869||BL_22199_22199_80272869_20250829_153258.pdf|
|22199|22199|80273027||BL_22199_22199_80273027_20250901_153751.pdf|
|22199|22199|80274656||BL_22199_22199_80274656_20250911_161101.pdf|
|22199|22199|80274682||BL_22199_22199_80274682_20250911_161124.pdf|
|22199|22199|80274904||BL_22199_22199_80274904_20250912_145728.pdf|
|22199|22199|80279678||BL_22199_22199_80279678_20251016_173933.pdf|
|22204|22204|80268495||BL_22204_22204_80268495_20250708_163344.pdf|
|22204|22204|80271227||BL_22204_22204_80271227_20250730_153429.pdf|
|22204|22204|80273504||BL_22204_22204_80273504_20250903_160341.pdf|
|22204|22204|80275334||BL_22204_22204_80275334_20250917_153701.pdf|
|22204|22204|80276058||BL_22204_22204_80276058_20250924_171656.pdf|
|22204|22204|80276692||BL_22204_22204_80276692_20250926_153307.pdf|
|22204|22204|80277767||BL_22204_22204_80277767_20251002_151820.pdf|
|22204|22204|80277931||BL_22204_22204_80277931_20251003_162313.pdf|
|22204|22204|80278748||BL_22204_22204_80278748_20251010_160253.pdf|
|22204|22204|80279014||BL_22204_22204_80279014_20251013_164947.pdf|
|22204|22204|80280112||BL_22204_22204_80280112_20251017_172135.pdf|
|22204|22204|80282665||BL_22204_22204_80282665_20251104_153139.pdf|
|22205|20120|80270542||BL_22205_20120_80270542_20250724_170219.pdf|
|22205|20120|80270834||BL_22205_20120_80270834_20250728_150253.pdf|
|22205|20120|80271002||BL_22205_20120_80271002_20250729_160209.pdf|
|22205|20120|80272043||BL_22205_20120_80272043_20250804_160451.pdf|
|22205|20120|80274795||BL_22205_20120_80274795_20250912_161309.pdf|
|22205|20120|80275465||BL_22205_20120_80275465_20250918_152753.pdf|
|22205|20120|80281022||BL_22205_20120_80281022_20251022_165022.pdf|
|22205|20120|80281326||BL_22205_20120_80281326_20251024_163437.pdf|
|22206|22206|80271999||BL_22206_22206_80271999_20250804_160251.pdf|
|22206|22206|80272236||BL_22206_22206_80272236_20250806_151624.pdf|
|22206|22206|80274005||BL_22206_22206_80274005_20250909_162027.pdf|
|22206|22206|80274292||BL_22206_22206_80274292_20250909_164021.pdf|
|22206|22206|80282470||BL_22206_22206_80282470_20251103_160658.pdf|
|22207|20121|80270836||BL_22207_20121_80270836_20250728_165403.pdf|
|22207|20121|80271251||BL_22207_20121_80271251_20250730_153511.pdf|
|22207|20121|80273287||BL_22207_20121_80273287_20250903_155527.pdf|
|22207|20121|80279670||BL_22207_20121_80279670_20251016_173611.pdf|
|22209|22209|80269040||BL_22209_22209_80269040_20250711_160658.pdf|
|22209|22209|80271652||BL_22209_22209_80271652_20250825_155306.pdf|
|22209|22209|80276889||BL_22209_22209_80276889_20250929_171202.pdf|
|22209|22209|80278382||BL_22209_22209_80278382_20251007_113352.pdf|
|22209|22209|80280919||BL_22209_22209_80280919_20251022_155715.pdf|
|22209|22209|80282911||BL_22209_22209_80282911_20251105_154923.pdf|
|22211|22211|80269311||BL_22211_22211_80269311_20250716_163220.pdf|
|22211|22211|80270963||BL_22211_22211_80270963_20250728_170117.pdf|
|22211|22211|80271713||BL_22211_22211_80271713_20250825_155459.pdf|
|22211|22211|80276473||BL_22211_22211_80276473_20250925_163304.pdf|
|22211|22211|80277075||BL_22211_22211_80277075_20250929_165253.pdf|
|22211|22211|80282892||BL_22211_22211_80282892_20251105_154845.pdf|
|22211|22211|80283601||BL_22211_22211_80283601_20251113_155405.pdf|
|22225|22225|80270255||BL_22225_22225_80270255_20250723_162132.pdf|
|22225|22225|80271740||BL_22225_22225_80271740_20250825_155927.pdf|
|22225|22225|80275296||BL_22225_22225_80275296_20250917_153311.pdf|
|22225|22225|80277610||BL_22225_22225_80277610_20251001_161634.pdf|
|22225|22225|80279319||BL_22225_22225_80279319_20251014_165918.pdf|
|22225|22225|80281910||BL_22225_22225_80281910_20251029_160210.pdf|
|22232|22232|80268668||BL_22232_22232_80268668_20250709_165000.pdf|
|22232|22232|80269863||BL_22232_22232_80269863_20250721_153227.pdf|
|22232|22232|80271255||BL_22232_22232_80271255_20250730_153505.pdf|
|22232|22232|80271355||BL_22232_22232_80271355_20250731_161722.pdf|
|22232|22232|80271577||BL_22232_22232_80271577_20250825_154653.pdf|
|22232|22232|80272126||BL_22232_22232_80272126_20250805_154632.pdf|
|22232|22232|80274286||BL_22232_22232_80274286_20250909_164537.pdf|
|22232|22232|80276585||BL_22232_22232_80276585_20250925_164218.pdf|
|22232|22232|80278305||BL_22232_22232_80278305_20251007_154929.pdf|
|22232|22232|80279406||BL_22232_22232_80279406_20251021_154736.pdf|
|22243|22243|80270914||BL_22243_22243_80270914_20250728_165935.pdf|
|22243|22243|80271791||BL_22243_22243_80271791_20250825_160204.pdf|
|22243|22243|80273202||BL_22243_22243_80273202_20250902_170557.pdf|
|22243|22243|80274225||BL_22243_22243_80274225_20250909_153107.pdf|
|22243|22243|80274578||BL_22243_22243_80274578_20250911_155922.pdf|
|22243|22243|80276118||BL_22243_22243_80276118_20250924_171845.pdf|
|22243|22243|80277460||BL_22243_22243_80277460_20250930_163546.pdf|
|22243|22243|80280177||BL_22243_22243_80280177_20251017_172321.pdf|
|22243|22243|80280888||BL_22243_22243_80280888_20251021_155524.pdf|
|22243|22243|80283123||BL_22243_22243_80283123_20251106_144720.pdf|
|22243|22243|80283245||BL_22243_22243_80283245_20251106_155007.pdf|
|22245|22245|80269320||BL_22245_22245_80269320_20250716_163126.pdf|
|22245|22245|80274849||BL_22245_22245_80274849_20250915_170206.pdf|
|22245|22245|80277042||BL_22245_22245_80277042_20250929_165241.pdf|
|22245|22245|80280318||BL_22245_22245_80280318_20251020_163429.pdf|
|22245|22245|80281920||BL_22245_22245_80281920_20251029_163955.pdf|
|22251|22251|80269176||BL_22251_22251_80269176_20250715_150226.pdf|
|22251|22251|80269473||BL_22251_22251_80269473_20250717_153211.pdf|
|22251|22251|80269638||BL_22251_22251_80269638_20250718_151618.pdf|
|22251|22251|80270628||BL_22251_22251_80270628_20250725_113128.pdf|
|22251|22251|80270948||BL_22251_22251_80270948_20250728_150458.pdf|
|22251|22251|80271027||BL_22251_22251_80271027_20250729_160406.pdf|
|22251|22251|80271413||BL_22251_22251_80271413_20250731_162500.pdf|
|22251|22251|80273134||BL_22251_22251_80273134_20250902_170411.pdf|
|22251|22251|80274143||BL_22251_22251_80274143_20250908_161950.pdf|
|22251|22251|80274610||BL_22251_22251_80274610_20250911_160351.pdf|
|22251|22251|80274712||BL_22251_22251_80274712_20250912_160250.pdf|
|22251|22251|80275172||BL_22251_22251_80275172_20250916_154753.pdf|
|22251|22251|80275416||BL_22251_22251_80275416_20250918_150221.pdf|
|22251|22251|80275549||BL_22251_22251_80275549_20250919_165038.pdf|
|22251|22251|80276149||BL_22251_22251_80276149_20250924_171906.pdf|
|22251|22251|80278046||BL_22251_22251_80278046_20251006_160703.pdf|
|22251|22251|80278575||BL_22251_22251_80278575_20251009_162107.pdf|
|22251|22251|80279717||BL_22251_22251_80279717_20251017_114554.pdf|
|22251|22251|80279851||BL_22251_22251_80279851_20251017_171737.pdf|
|22251|22251|80280216||BL_22251_22251_80280216_20251017_172414.pdf|
|22251|22251|80280701||BL_22251_22251_80280701_20251017_160226.pdf|
|22251|22251|80280914||BL_22251_22251_80280914_20251021_164620.pdf|
|22251|22251|80283124||BL_22251_22251_80283124_20251106_154717.pdf|
|22251|22251|80283671||BL_22251_22251_80283671_20251113_152005.pdf|
|22258|22258|80274851||BL_22258_22258_80274851_20250915_170804.pdf|
|22258|22258|80277044||BL_22258_22258_80277044_20250929_165238.pdf|
|22258|22258|80280320||BL_22258_22258_80280320_20251020_161707.pdf|
|22258|22258|80281396||BL_22258_22258_80281396_20251024_170631.pdf|
|22259|22259|80272233||BL_22259_22259_80272233_20250806_151631.pdf|
|22259|22259|80273051||BL_22259_22259_80273051_20250901_154227.pdf|
|22259|22259|80273291||BL_22259_22259_80273291_20250903_155520.pdf|
|22259|22259|80278797||BL_22259_22259_80278797_20251010_160806.pdf|
|22261|22261|80271624||BL_22261_22261_80271624_20250825_163908.pdf|
|22261|22261|80276602||BL_22261_22261_80276602_20250925_164511.pdf|
|22261|22261|80282703||BL_22261_22261_80282703_20251104_160851.pdf|
|22263|22263|80271677||BL_22263_22263_80271677_20250825_155422.pdf|
|22263|22263|80276821||BL_22263_22263_80276821_20250929_164724.pdf|
|22263|22263|80277599||BL_22263_22263_80277599_20250930_132630.pdf|
|22263|22263|80278454||BL_22263_22263_80278454_20251008_154904.pdf|
|22263|22263|80280066||BL_22263_22263_80280066_20251017_172027.pdf|
|22263|22263|80281381||BL_22263_22263_80281381_20251024_170304.pdf|
|22264|22264|80271486||BL_22264_22264_80271486_20250731_162923.pdf|
|22264|22264|80275400||BL_22264_22264_80275400_20250918_150212.pdf|
|22264|22264|80279024||BL_22264_22264_80279024_20251014_165518.pdf|
|22264|22264|80280252||BL_22264_22264_80280252_20251020_161730.pdf|
|22264|22264|80282663||BL_22264_22264_80282663_20251104_164619.pdf|
|22269|22269|80269332||BL_22269_22269_80269332_20250716_163422.pdf|
|22269|22269|80273498||BL_22269_22269_80273498_20250903_160438.pdf|
|22269|22269|80273700||BL_22269_22269_80273700_20250904_155434.pdf|
|22269|22269|80273881||BL_22269_22269_80273881_20250905_154609.pdf|
|22269|22269|80274970||BL_22269_22269_80274970_20250915_164844.pdf|
|22269|22269|80275918||BL_22269_22269_80275918_20250923_160148.pdf|
|22269|22269|80276108||BL_22269_22269_80276108_20250924_171759.pdf|
|22269|22269|80280118||BL_22269_22269_80280118_20251017_172126.pdf|
|22269|22269|80280718||BL_22269_22269_80280718_20251020_180653.pdf|
|22269|22269|80280778||BL_22269_22269_80280778_20251021_163611.pdf|
|22270|22270|80268252||BL_22270_22270_80268252_20250707_153556.pdf|
|22270|22270|80268927||BL_22270_22270_80268927_20250710_162921.pdf|
|22270|22270|80269061||BL_22270_22270_80269061_20250711_160912.pdf|
|22270|22270|80269849||BL_22270_22270_80269849_20250721_160931.pdf|
|22270|22270|80270982||BL_22270_22270_80270982_20250729_154702.pdf|
|22270|22270|80274628||BL_22270_22270_80274628_20250911_160536.pdf|
|22270|22270|80274797||BL_22270_22270_80274797_20250912_155026.pdf|
|22270|22270|80275045||BL_22270_22270_80275045_20250916_163221.pdf|
|22270|22270|80276593||BL_22270_22270_80276593_20250925_164134.pdf|
|22270|22270|80278361||BL_22270_22270_80278361_20251007_154941.pdf|
|22270|22270|80280799||BL_22270_22270_80280799_20251021_163532.pdf|
|22270|22270|80283078||BL_22270_22270_80283078_20251105_155230.pdf|
|22272|22272|80269627||BL_22272_22272_80269627_20250718_153520.pdf|
|22272|22272|80271727||BL_22272_22272_80271727_20250825_164126.pdf|
|22272|22272|80272756||BL_22272_22272_80272756_20250827_150311.pdf|
|22272|22272|80273867||BL_22272_22272_80273867_20250905_161053.pdf|
|22272|22272|80278737||BL_22272_22272_80278737_20251010_163137.pdf|
|22272|22272|80279882||BL_22272_22272_80279882_20251017_164753.pdf|
|22272|22272|80281108||BL_22272_22272_80281108_20251022_153342.pdf|
|22272|22272|80282848||BL_22272_22272_80282848_20251105_154842.pdf|
|22275|22275|80271795||BL_22275_22275_80271795_20250825_160146.pdf|
|22275|22275|80275593||BL_22275_22275_80275593_20250919_160129.pdf|
|22275|22275|80276239||BL_22275_22275_80276239_20250924_172119.pdf|
|22275|22275|80279694||BL_22275_22275_80279694_20251016_174209.pdf|
|22275|22275|80279891||BL_22275_22275_80279891_20251017_165027.pdf|
|22275|22275|80280085||BL_22275_22275_80280085_20251017_172103.pdf|
|22277|22277|80268273||BL_22277_22277_80268273_20250707_154117.pdf|
|22277|22277|80269156||BL_22277_22277_80269156_20250715_144652.pdf|
|22277|22277|80270441||BL_22277_22277_80270441_20250724_165046.pdf|
|22277|22277|80270707||BL_22277_22277_80270707_20250725_121327.pdf|
|22277|22277|80271628||BL_22277_22277_80271628_20250825_155137.pdf|
|22277|22277|80273749||BL_22277_22277_80273749_20250904_160131.pdf|
|22277|22277|80274804||BL_22277_22277_80274804_20250912_150201.pdf|
|22277|22277|80278424||BL_22277_22277_80278424_20251008_154810.pdf|
|22277|22277|80279661||BL_22277_22277_80279661_20251016_173647.pdf|
|22277|22277|80279818||BL_22277_22277_80279818_20251017_171741.pdf|
|22281|22281|80276509||BL_22281_22281_80276509_20250925_163714.pdf|
|22281|22281|80281006||BL_22281_22281_80281006_20251022_155619.pdf|
|22281|22281|80281947||BL_22281_22281_80281947_20251029_160258.pdf|
|22281|22281|80282834||BL_22281_22281_80282834_20251105_160253.pdf|
|22282|22282|80268518||BL_22282_22282_80268518_20250708_171102.pdf|
|22282|22282|80274216||BL_22282_22282_80274216_20250909_163004.pdf|
|22282|22282|80274635||BL_22282_22282_80274635_20250911_160457.pdf|
|22282|22282|80280800||BL_22282_22282_80280800_20251022_154716.pdf|
|22292|22292|80271183||BL_22292_22292_80271183_20250730_153411.pdf|
|22292|22292|80275609||BL_22292_22292_80275609_20250919_165839.pdf|
|22292|22292|80276961||BL_22292_22292_80276961_20250929_165029.pdf|
|22292|22292|80279744||BL_22292_22292_80279744_20251016_174955.pdf|
|22292|22292|80279892||BL_22292_22292_80279892_20251017_171724.pdf|
|22292|22292|80280360||BL_22292_22292_80280360_20251020_163440.pdf|
|22293|22293|80269044||BL_22293_22293_80269044_20250711_161033.pdf|
|22293|22293|80269591||BL_22293_22293_80269591_20250718_153404.pdf|
|22293|22293|80270429||BL_22293_22293_80270429_20250724_164753.pdf|
|22293|22293|80275302||BL_22293_22293_80275302_20250917_153224.pdf|
|22293|22293|80275303||BL_22293_22293_80275303_20250917_153219.pdf|
|22293|22293|80275304||BL_22293_22293_80275304_20250917_153216.pdf|
|22293|22293|80281013||BL_22293_22293_80281013_20251022_155527.pdf|
|22294|22294|80269179||BL_22294_22294_80269179_20250715_150230.pdf|
|22294|22294|80274264||BL_22294_22294_80274264_20250909_163445.pdf|
|22294|22294|80277455||BL_22294_22294_80277455_20250930_163640.pdf|
|22294|22294|80279488||BL_22294_22294_80279488_20251015_163635.pdf|
|22294|22294|80282804||BL_22294_22294_80282804_20251105_160146.pdf|
|22295|22295|80274843||BL_22295_22295_80274843_20250915_170244.pdf|
|22295|22295|80277047||BL_22295_22295_80277047_20250929_165233.pdf|
|22295|22295|80280324||BL_22295_22295_80280324_20251020_163403.pdf|
|22295|22295|80282539||BL_22295_22295_80282539_20251103_161015.pdf|
|22295|22295|80282679||BL_22295_22295_80282679_20251104_153240.pdf|
|22304|22304|80269316||BL_22304_22304_80269316_20250716_163156.pdf|
|22304|22304|80269645||BL_22304_22304_80269645_20250718_153648.pdf|
|22304|22304|80270538||BL_22304_22304_80270538_20250724_165925.pdf|
|22304|22304|80270847||BL_22304_22304_80270847_20250728_165208.pdf|
|22304|22304|80271207||BL_22304_22304_80271207_20250730_153317.pdf|
|22304|22304|80272791||BL_22304_22304_80272791_20250828_151637.pdf|
|22304|22304|80272997||BL_22304_22304_80272997_20250901_153533.pdf|
|22304|22304|80273152||BL_22304_22304_80273152_20250902_170336.pdf|
|22304|22304|80273452||BL_22304_22304_80273452_20250903_160034.pdf|
|22304|22304|80274254||BL_22304_22304_80274254_20250909_163609.pdf|
|22304|22304|80274413||BL_22304_22304_80274413_20250910_154703.pdf|
|22304|22304|80274539||BL_22304_22304_80274539_20250911_155532.pdf|
|22304|22304|80274947||BL_22304_22304_80274947_20250915_164809.pdf|
|22304|22304|80275407||BL_22304_22304_80275407_20250918_150219.pdf|
|22304|22304|80276105||BL_22304_22304_80276105_20250924_171802.pdf|
|22304|22304|80276708||BL_22304_22304_80276708_20250926_153145.pdf|
|22304|22304|80278733||BL_22304_22304_80278733_20251010_160358.pdf|
|22304|22304|80279017||BL_22304_22304_80279017_20251013_165315.pdf|
|22304|22304|80280163||BL_22304_22304_80280163_20251017_172238.pdf|
|22304|22304|80281094||BL_22304_22304_80281094_20251022_153231.pdf|
|22304|22304|80281521||BL_22304_22304_80281521_20251027_163552.pdf|
|22304|22304|80282198||BL_22304_22304_80282198_20251030_165030.pdf|
|22306|22306|80268538||BL_22306_22306_80268538_20250708_160353.pdf|
|22306|22306|80269866||BL_22306_22306_80269866_20250721_153224.pdf|
|22306|22306|80270069||BL_22306_22306_80270069_20250721_163119.pdf|
|22306|22306|80270796||BL_22306_22306_80270796_20250728_150130.pdf|
|22306|22306|80271259||BL_22306_22306_80271259_20250730_153632.pdf|
|22306|22306|80271580||BL_22306_22306_80271580_20250825_163829.pdf|
|22306|22306|80272729||BL_22306_22306_80272729_20250827_150208.pdf|
|22306|22306|80275291||BL_22306_22306_80275291_20250917_140222.pdf|
|22306|22306|80277559||BL_22306_22306_80277559_20250930_164153.pdf|
|22306|22306|80278374||BL_22306_22306_80278374_20251007_155017.pdf|
|22306|22306|80279393||BL_22306_22306_80279393_20251014_164109.pdf|
|22306|22306|80279638||BL_22306_22306_80279638_20251015_130112.pdf|
|22306|22306|80279674||BL_22306_22306_80279674_20251016_101543.pdf|
|22306|22306|80279968||BL_22306_22306_80279968_20251017_171832.pdf|
|22306|22306|80281977||BL_22306_22306_80281977_20251029_160239.pdf|
|22309|22309|80269516||BL_22309_22309_80269516_20250717_155828.pdf|
|22309|22309|80274909||BL_22309_22309_80274909_20250915_171555.pdf|
|22309|22309|80278780||BL_22309_22309_80278780_20251010_161616.pdf|
|22309|22309|80278941||BL_22309_22309_80278941_20251014_165245.pdf|
|22309|22309|80279442||BL_22309_22309_80279442_20251015_161825.pdf|
|22309|22309|80280312||BL_22309_22309_80280312_20251020_161716.pdf|
|22309|22309|80282193||BL_22309_22309_80282193_20251030_171642.pdf|
|22315|22315|80268271||BL_22315_22315_80268271_20250707_153738.pdf|
|22315|22315|80268528||BL_22315_22315_80268528_20250708_171319.pdf|
|22315|22315|80268682||BL_22315_22315_80268682_20250709_160233.pdf|
|22315|22315|80269396||BL_22315_22315_80269396_20250717_153119.pdf|
|22315|22315|80269668||BL_22315_22315_80269668_20250718_153814.pdf|
|22315|22315|80271263||BL_22315_22315_80271263_20250730_153625.pdf|
|22315|22315|80271561||BL_22315_22315_80271561_20250825_163816.pdf|
|22315|22315|80273410||BL_22315_22315_80273410_20250903_143135.pdf|
|22315|22315|80275188||BL_22315_22315_80275188_20250916_164540.pdf|
|22315|22315|80275189||BL_22315_22315_80275189_20250916_164537.pdf|
|22315|22315|80275278||BL_22315_22315_80275278_20250916_141612.pdf|
|22315|22315|80275335||BL_22315_22315_80275335_20250916_153113.pdf|
|22315|22315|80275481||BL_22315_22315_80275481_20250917_153821.pdf|
|22315|22315|80275482||BL_22315_22315_80275482_20250918_150306.pdf|
|22315|22315|80276035||BL_22315_22315_80276035_20250924_171727.pdf|
|22315|22315|80278102||BL_22315_22315_80278102_20251006_161412.pdf|
|22315|22315|80279659||BL_22315_22315_80279659_20251016_173659.pdf|
|22315|22315|80282102||BL_22315_22315_80282102_20251030_170733.pdf|
|22318|22318|80268262||BL_22318_22318_80268262_20250707_153834.pdf|
|22318|22318|80268913||BL_22318_22318_80268913_20250710_151801.pdf|
|22318|22318|80270452||BL_22318_22318_80270452_20250724_161722.pdf|
|22318|22318|80271604||BL_22318_22318_80271604_20250825_163855.pdf|
|22318|22318|80273280||BL_22318_22318_80273280_20250902_162006.pdf|
|22318|22318|80274091||BL_22318_22318_80274091_20250908_162227.pdf|
|22318|22318|80276311||BL_22318_22318_80276311_20250924_172238.pdf|
|22318|22318|80277548||BL_22318_22318_80277548_20250930_164227.pdf|
|22318|22318|80277586||BL_22318_22318_80277586_20250930_164245.pdf|
|22318|22318|80278309||BL_22318_22318_80278309_20251007_154905.pdf|
|22318|22318|80279061||BL_22318_22318_80279061_20251013_165429.pdf|
|22318|22318|80280824||BL_22318_22318_80280824_20251021_163510.pdf|
|22318|22318|80281342||BL_22318_22318_80281342_20251023_164023.pdf|
|22318|22318|80282554||BL_22318_22318_80282554_20251103_161303.pdf|
|22319|22319|80271175||BL_22319_22319_80271175_20250730_154913.pdf|
|22319|22319|80271699||BL_22319_22319_80271699_20250825_155556.pdf|
|22319|22319|80272010||BL_22319_22319_80272010_20250804_160227.pdf|
|22319|22319|80273506||BL_22319_22319_80273506_20250903_143522.pdf|
|22319|22319|80275305||BL_22319_22319_80275305_20250917_164607.pdf|
|22319|22319|80276062||BL_22319_22319_80276062_20250924_171756.pdf|
|22319|22319|80278562||BL_22319_22319_80278562_20251009_160419.pdf|
|22319|22319|80278693||BL_22319_22319_80278693_20251013_164713.pdf|
|22319|22319|80279003||BL_22319_22319_80279003_20251013_165016.pdf|
|22319|22319|80280113||BL_22319_22319_80280113_20251017_172134.pdf|
|22321|22321|80268318||BL_22321_22321_80268318_20250707_154619.pdf|
|22321|22321|80275319||BL_22321_22321_80275319_20250917_153501.pdf|
|22321|22321|80276944||BL_22321_22321_80276944_20250929_164939.pdf|
|22321|22321|80280262||BL_22321_22321_80280262_20251020_163239.pdf|
|22321|22321|80281740||BL_22321_22321_80281740_20251028_163837.pdf|
|22321|22321|80281944||BL_22321_22321_80281944_20251029_160300.pdf|
|22321|22321|80282171||BL_22321_22321_80282171_20251030_165106.pdf|
|22321|22321|80282521||BL_22321_22321_80282521_20251031_163114.pdf|
|22326|22326|80268204||BL_22326_22326_80268204_20250707_130157.pdf|
|22326|22326|80268205||BL_22326_22326_80268205_20250707_153133.pdf|
|22326|22326|80268686||BL_22326_22326_80268686_20250709_160228.pdf|
|22326|22326|80269130||BL_22326_22326_80269130_20250711_153133.pdf|
|22326|22326|80271899||BL_22326_22326_80271899_20250801_153351.pdf|
|22326|22326|80272133||BL_22326_22326_80272133_20250805_154620.pdf|
|22326|22326|80272271||BL_22326_22326_80272271_20250806_151654.pdf|
|22326|22326|80280649||BL_22326_22326_80280649_20251021_163225.pdf|
|22326|22326|80283561||BL_22326_22326_80283561_20251113_154827.pdf|
|22327|22327|80268406||BL_22327_22327_80268406_20250708_170259.pdf|
|22327|22327|80274860||BL_22327_22327_80274860_20250915_170555.pdf|
|22327|22327|80277052||BL_22327_22327_80277052_20250929_165225.pdf|
|22327|22327|80280329||BL_22327_22327_80280329_20251020_163356.pdf|
|22327|22327|80281806||BL_22327_22327_80281806_20251028_164016.pdf|
|22327|22327|80281880||BL_22327_22327_80281880_20251029_163347.pdf|
|22330|22330|80268302||BL_22330_22330_80268302_20250707_154245.pdf|
|22330|22330|80268519||BL_22330_22330_80268519_20250708_171054.pdf|
|22330|22330|80268941||BL_22330_22330_80268941_20250710_162855.pdf|
|22330|22330|80269355||BL_22330_22330_80269355_20250716_163616.pdf|
|22330|22330|80269723||BL_22330_22330_80269723_20250718_154133.pdf|
|22330|22330|80270797||BL_22330_22330_80270797_20250728_164754.pdf|
|22330|22330|80272151||BL_22330_22330_80272151_20250805_154718.pdf|
|22330|22330|80272292||BL_22330_22330_80272292_20250806_151722.pdf|
|22330|22330|80273330||BL_22330_22330_80273330_20250902_162258.pdf|
|22330|22330|80273372||BL_22330_22330_80273372_20250902_162402.pdf|
|22330|22330|80273755||BL_22330_22330_80273755_20250904_160028.pdf|
|22330|22330|80273927||BL_22330_22330_80273927_20250905_161850.pdf|
|22330|22330|80274461||BL_22330_22330_80274461_20250910_154902.pdf|
|22330|22330|80274826||BL_22330_22330_80274826_20250915_170434.pdf|
|22330|22330|80275742||BL_22330_22330_80275742_20250922_162017.pdf|
|22330|22330|80275839||BL_22330_22330_80275839_20250923_161756.pdf|
|22330|22330|80275840||BL_22330_22330_80275840_20250923_161754.pdf|
|22330|22330|80277499||BL_22330_22330_80277499_20250930_164044.pdf|
|22330|22330|80277546||BL_22330_22330_80277546_20250930_164223.pdf|
|22330|22330|80277547||BL_22330_22330_80277547_20250930_164225.pdf|
|22330|22330|80278311||BL_22330_22330_80278311_20251007_154902.pdf|
|22330|22330|80278422||BL_22330_22330_80278422_20251008_154814.pdf|
|22330|22330|80279384||BL_22330_22330_80279384_20251014_170347.pdf|
|22330|22330|80280657||BL_22330_22330_80280657_20251020_162036.pdf|
|22330|22330|80283062||BL_22330_22330_80283062_20251105_160917.pdf|
|22330|22330|80283161||BL_22330_22330_80283161_20251106_154727.pdf|
|22333|22333|80268261||BL_22333_22333_80268261_20250707_153843.pdf|
|22333|22333|80268457||BL_22333_22333_80268457_20250708_163249.pdf|
|22333|22333|80271057||BL_22333_22333_80271057_20250729_160543.pdf|
|22333|22333|80271674||BL_22333_22333_80271674_20250825_155439.pdf|
|22333|22333|80274944||BL_22333_22333_80274944_20250915_171858.pdf|
|22333|22333|80276135||BL_22333_22333_80276135_20250924_154723.pdf|
|22333|22333|80276224||BL_22333_22333_80276224_20250924_154940.pdf|
|22333|22333|80279342||BL_22333_22333_80279342_20251014_163851.pdf|
|22333|22333|80279504||BL_22333_22333_80279504_20251015_161705.pdf|
|22333|22333|80280043||BL_22333_22333_80280043_20251017_171956.pdf|
|22333|22333|80281559||BL_22333_22333_80281559_20251027_163635.pdf|
|22333|22333|80282173||BL_22333_22333_80282173_20251030_165103.pdf|
|22340|22340|80272649||BL_22340_22340_80272649_20250826_154645.pdf|
|22340|22340|80274209||BL_22340_22340_80274209_20250909_164449.pdf|
|22341|22341|80271241||BL_22341_22341_80271241_20250730_153532.pdf|
|22341|22341|80282083||BL_22341_22341_80282083_20251030_164951.pdf|
|22346|22346|80270984||BL_22346_22346_80270984_20250729_160346.pdf|
|22346|22346|80271247||BL_22346_22346_80271247_20250730_153521.pdf|
|22346|22346|80279377||BL_22346_22346_80279377_20251014_170011.pdf|
|22346|22346|80280831||BL_22346_22346_80280831_20251022_154818.pdf|
|22346|22346|80283554||BL_22346_22346_80283554_20251113_151628.pdf|
|22349|22349|80268422||BL_22349_22349_80268422_20250708_163146.pdf|
|22349|22349|80283341||BL_22349_22349_80283341_20251112_161756.pdf|
|22349|22349|80283665||BL_22349_22349_80283665_20251113_152015.pdf|
|22356|22356|80269603||BL_22356_22356_80269603_20250718_153359.pdf|
|22356|22356|80276837||BL_22356_22356_80276837_20250929_170404.pdf|
|22356|22356|80278876||BL_22356_22356_80278876_20251013_151751.pdf|
|22356|22356|80282835||BL_22356_22356_80282835_20251105_160245.pdf|
|22357|22357|80268212||BL_22357_22357_80268212_20250707_153148.pdf|
|22357|22357|80268895||BL_22357_22357_80268895_20250710_151825.pdf|
|22357|22357|80269706||BL_22357_22357_80269706_20250718_154200.pdf|
|22357|22357|80271261||BL_22357_22357_80271261_20250730_153628.pdf|
|22357|22357|80272293||BL_22357_22357_80272293_20250806_121610.pdf|
|22357|22357|80273290||BL_22357_22357_80273290_20250902_162004.pdf|
|22357|22357|80275457||BL_22357_22357_80275457_20250918_141731.pdf|
|22357|22357|80276047||BL_22357_22357_80276047_20250924_171710.pdf|
|22357|22357|80278818||BL_22357_22357_80278818_20251010_161024.pdf|
|22357|22357|80279558||BL_22357_22357_80279558_20251015_160325.pdf|
|22357|22357|80282446||BL_22357_22357_80282446_20251103_151727.pdf|
|22359|22359|80269034||BL_22359_22359_80269034_20250711_160750.pdf|
|22359|22359|80269637||BL_22359_22359_80269637_20250718_153714.pdf|
|22359|22359|80270655||BL_22359_22359_80270655_20250725_120612.pdf|
|22359|22359|80271450||BL_22359_22359_80271450_20250731_154826.pdf|
|22359|22359|80272599||BL_22359_22359_80272599_20250826_153120.pdf|
|22359|22359|80273997||BL_22359_22359_80273997_20250908_161659.pdf|
|22359|22359|80274974||BL_22359_22359_80274974_20250915_164838.pdf|
|22359|22359|80276063||BL_22359_22359_80276063_20250924_171755.pdf|
|22359|22359|80278208||BL_22359_22359_80278208_20251007_160444.pdf|
|22359|22359|80279846||BL_22359_22359_80279846_20251017_163202.pdf|
|22359|22359|80280210||BL_22359_22359_80280210_20251017_172335.pdf|
|22359|22359|80282509||BL_22359_22359_80282509_20251103_151615.pdf|
|22360|22360|80270453||BL_22360_22360_80270453_20250724_164932.pdf|
|22360|22360|80279394||BL_22360_22360_80279394_20251014_170247.pdf|
|22361|22361|80269323||BL_22361_22361_80269323_20250716_163511.pdf|
|22361|22361|80270908||BL_22361_22361_80270908_20250728_170015.pdf|
|22361|22361|80271778||BL_22361_22361_80271778_20250825_155949.pdf|
|22361|22361|80273659||BL_22361_22361_80273659_20250904_155257.pdf|
|22361|22361|80274112||BL_22361_22361_80274112_20250908_094538.pdf|
|22361|22361|80274308||BL_22361_22361_80274308_20250908_162352.pdf|
|22361|22361|80274988||BL_22361_22361_80274988_20250915_164821.pdf|
|22361|22361|80276078||BL_22361_22361_80276078_20250924_171735.pdf|
|22361|22361|80276859||BL_22361_22361_80276859_20250929_170602.pdf|
|22361|22361|80278579||BL_22361_22361_80278579_20251009_160319.pdf|
|22361|22361|80278686||BL_22361_22361_80278686_20251013_164719.pdf|
|22361|22361|80278984||BL_22361_22361_80278984_20251013_165031.pdf|
|22361|22361|80280134||BL_22361_22361_80280134_20251017_165801.pdf|
|22361|22361|80282313||BL_22361_22361_80282313_20251031_155056.pdf|
|22363|22363|80268268||BL_22363_22363_80268268_20250707_154606.pdf|
|22363|22363|80270056||BL_22363_22363_80270056_20250722_161619.pdf|
|22363|22363|80271608||BL_22363_22363_80271608_20250825_163900.pdf|
|22363|22363|80274139||BL_22363_22363_80274139_20250908_162025.pdf|
|22363|22363|80278308||BL_22363_22363_80278308_20251007_154907.pdf|
|22363|22363|80280653||BL_22363_22363_80280653_20251020_161749.pdf|
|22364|22364|80268795||BL_22364_22364_80268795_20250710_151742.pdf|
|22364|22364|80273259||BL_22364_22364_80273259_20250903_155227.pdf|
|22364|22364|80276828||BL_22364_22364_80276828_20250929_170513.pdf|
|22364|22364|80282148||BL_22364_22364_80282148_20251030_171320.pdf|
|22364|22364|80282862||BL_22364_22364_80282862_20251105_160209.pdf|
|22364|22364|80283026||BL_22364_22364_80283026_20251105_160758.pdf|
|22365|22365|80268473||BL_22365_22365_80268473_20250708_163220.pdf|
|22365|22365|80269648||BL_22365_22365_80269648_20250718_153634.pdf|
|22365|22365|80271029||BL_22365_22365_80271029_20250729_160352.pdf|
|22365|22365|80272984||BL_22365_22365_80272984_20250901_153703.pdf|
|22365|22365|80273729||BL_22365_22365_80273729_20250904_155956.pdf|
|22365|22365|80276418||BL_22365_22365_80276418_20250924_172440.pdf|
|22365|22365|80276827||BL_22365_22365_80276827_20250929_170204.pdf|
|22365|22365|80280474||BL_22365_22365_80280474_20251020_163807.pdf|
|22365|22365|80281390||BL_22365_22365_80281390_20251024_170702.pdf|
|22367|22367|80278281||BL_22367_22367_80278281_20251007_160920.pdf|
|22369|22369|80273198||BL_22369_22369_80273198_20250902_170604.pdf|
|22369|22369|80275095||BL_22369_22369_80275095_20250916_163433.pdf|
|22369|22369|80281788||BL_22369_22369_80281788_20251028_165345.pdf|
|22369|22369|80282059||BL_22369_22369_80282059_20251030_170233.pdf|
|22369|22369|80282859||BL_22369_22369_80282859_20251105_154828.pdf|
|22369|22369|80283637||BL_22369_22369_80283637_20251113_151906.pdf|
|22370|22370|80269695||BL_22370_22370_80269695_20250718_151718.pdf|
|22370|22370|80270065||BL_22370_22370_80270065_20250722_161606.pdf|
|22370|22370|80274445||BL_22370_22370_80274445_20250910_155004.pdf|
|22370|22370|80278268||BL_22370_22370_80278268_20251007_154847.pdf|
|22370|22370|80283352||BL_22370_22370_80283352_20251112_161944.pdf|
|22371|22371|80271217||BL_22371_22371_80271217_20250730_153444.pdf|
|22371|22371|80271400||BL_22371_22371_80271400_20250731_162129.pdf|
|22371|22371|80271714||BL_22371_22371_80271714_20250825_155453.pdf|
|22371|22371|80272993||BL_22371_22371_80272993_20250901_153557.pdf|
|22371|22371|80273194||BL_22371_22371_80273194_20250902_170612.pdf|
|22371|22371|80275746||BL_22371_22371_80275746_20250922_161944.pdf|
|22371|22371|80277125||BL_22371_22371_80277125_20250929_165501.pdf|
|22371|22371|80278952||BL_22371_22371_80278952_20251014_165148.pdf|
|22371|22371|80279096||BL_22371_22371_80279096_20251014_165744.pdf|
|22371|22371|80280343||BL_22371_22371_80280343_20251020_163455.pdf|
|22371|22371|80282660||BL_22371_22371_80282660_20251104_153128.pdf|
|22375|22375|80269224||BL_22375_22375_80269224_20250715_160706.pdf|
|22375|22375|80271766||BL_22375_22375_80271766_20250825_160052.pdf|
|22375|22375|80277620||BL_22375_22375_80277620_20251001_161849.pdf|
|22375|22375|80277763||BL_22375_22375_80277763_20251002_155521.pdf|
|22375|22375|80279019||BL_22375_22375_80279019_20251013_151948.pdf|
|22375|22375|80279487||BL_22375_22375_80279487_20251015_160303.pdf|
|22375|22375|80280468||BL_22375_22375_80280468_20251020_163714.pdf|
|22375|22375|80280918||BL_22375_22375_80280918_20251022_155723.pdf|
|22375|22375|80280999||BL_22375_22375_80280999_20251024_163144.pdf|
|22376|22376|80268773||BL_22376_22376_80268773_20250710_161632.pdf|
|22376|22376|80271650||BL_22376_22376_80271650_20250825_155312.pdf|
|22376|22376|80272112||BL_22376_22376_80272112_20250805_154652.pdf|
|22376|22376|80274056||BL_22376_22376_80274056_20250909_162558.pdf|
|22376|22376|80274416||BL_22376_22376_80274416_20250910_154701.pdf|
|22376|22376|80277270||BL_22376_22376_80277270_20250929_165808.pdf|
|22376|22376|80280591||BL_22376_22376_80280591_20251020_164116.pdf|
|22376|22376|80281268||BL_22376_22376_80281268_20251023_165332.pdf|
|22377|22377|80268858||BL_22377_22377_80268858_20250710_162659.pdf|
|22377|22377|80274407||BL_22377_22377_80274407_20250910_160335.pdf|
|22377|22377|80276233||BL_22377_22377_80276233_20250924_172129.pdf|
|22377|22377|80278200||BL_22377_22377_80278200_20251007_160541.pdf|
|22377|22377|80280185||BL_22377_22377_80280185_20251017_172309.pdf|
|22377|22377|80281792||BL_22377_22377_80281792_20251028_163556.pdf|
|22377|22377|80282464||BL_22377_22377_80282464_20251103_160741.pdf|
|22379|20137|80269979||BL_22379_20137_80269979_20250722_170214.pdf|
|22379|20137|80270236||BL_22379_20137_80270236_20250723_162031.pdf|
|22379|20137|80276276||BL_22379_20137_80276276_20250924_154830.pdf|
|22379|20137|80276486||BL_22379_20137_80276486_20250925_161652.pdf|
|22379|20137|80276734||BL_22379_20137_80276734_20250926_150311.pdf|
|22379|20137|80277088||BL_22379_20137_80277088_20250929_165341.pdf|
|22379|20137|80279135||BL_22379_20137_80279135_20251013_152309.pdf|
|22379|20137|80281737||BL_22379_20137_80281737_20251028_163840.pdf|
|22379|20137|80281892||BL_22379_20137_80281892_20251029_163252.pdf|
|22382|22382|80268694||BL_22382_22382_80268694_20250709_165118.pdf|
|22382|22382|80270045||BL_22382_22382_80270045_20250722_170833.pdf|
|22382|22382|80270675||BL_22382_22382_80270675_20250725_120902.pdf|
|22382|22382|80271252||BL_22382_22382_80271252_20250730_153509.pdf|
|22382|22382|80272153||BL_22382_22382_80272153_20250805_154715.pdf|
|22382|22382|80272375||BL_22382_22382_80272375_20250807_154915.pdf|
|22382|22382|80276310||BL_22382_22382_80276310_20250924_153143.pdf|
|22382|22382|80277515||BL_22382_22382_80277515_20250930_163944.pdf|
|22382|22382|80283107||BL_22382_22382_80283107_20251106_144805.pdf|
|22382|22382|80283234||BL_22382_22382_80283234_20251106_155003.pdf|
|22383|22383|80272135||BL_22383_22383_80272135_20250805_160301.pdf|
|22383|22383|80272363||BL_22383_22383_80272363_20250807_154815.pdf|
|22386|22386|80271771||BL_22386_22386_80271771_20250825_160025.pdf|
|22386|22386|80273904||BL_22386_22386_80273904_20250905_161645.pdf|
|22386|22386|80275391||BL_22386_22386_80275391_20250918_141651.pdf|
|22386|22386|80276256||BL_22386_22386_80276256_20250924_172204.pdf|
|22386|22386|80280025||BL_22386_22386_80280025_20251017_172016.pdf|
|22387|22387|80269303||BL_22387_22387_80269303_20250716_163252.pdf|
|22387|22387|80271211||BL_22387_22387_80271211_20250730_153455.pdf|
|22387|22387|80273221||BL_22387_22387_80273221_20250902_170749.pdf|
|22387|22387|80273503||BL_22387_22387_80273503_20250903_160353.pdf|
|22387|22387|80276404||BL_22387_22387_80276404_20250924_172406.pdf|
|22387|22387|80279463||BL_22387_22387_80279463_20251015_163707.pdf|
|22387|22387|80280499||BL_22387_22387_80280499_20251020_163752.pdf|
|22394|22394|80271445||BL_22394_22394_80271445_20250731_162715.pdf|
|22394|22394|80271619||BL_22394_22394_80271619_20250825_154938.pdf|
|22394|22394|80271980||BL_22394_22394_80271980_20250804_160213.pdf|
|22394|22394|80274232||BL_22394_22394_80274232_20250909_164753.pdf|
|22394|22394|80279654||BL_22394_22394_80279654_20251016_173304.pdf|
|22394|22394|80279816||BL_22394_22394_80279816_20251017_171743.pdf|
|22394|22394|80280671||BL_22394_22394_80280671_20251020_164049.pdf|
|22394|22394|80282751||BL_22394_22394_80282751_20251104_095247.pdf|
|22394|22394|80283419||BL_22394_22394_80283419_20251107_155500.pdf|
|22400|22400|80269442||BL_22400_22400_80269442_20250717_154916.pdf|
|22400|22400|80273656||BL_22400_22400_80273656_20250905_160502.pdf|
|22400|22400|80277258||BL_22400_22400_80277258_20250929_165826.pdf|
|22400|22400|80279737||BL_22400_22400_80279737_20251016_174530.pdf|
|22400|22400|80279906||BL_22400_22400_80279906_20251017_171808.pdf|
|22400|22400|80280423||BL_22400_22400_80280423_20251020_163650.pdf|
|22401|22401|80275921||BL_22401_22401_80275921_20250923_162357.pdf|
|22401|22401|80281281||BL_22401_22401_80281281_20251023_163929.pdf|
|22401|22401|80282310||BL_22401_22401_80282310_20251031_144624.pdf|
|22403|22403|80269786||BL_22403_22403_80269786_20250721_160635.pdf|
|22403|22403|80271041||BL_22403_22403_80271041_20250729_154603.pdf|
|22403|22403|80272269||BL_22403_22403_80272269_20250806_151653.pdf|
|22403|22403|80272633||BL_22403_22403_80272633_20250826_153152.pdf|
|22403|22403|80273149||BL_22403_22403_80273149_20250902_161752.pdf|
|22403|22403|80273450||BL_22403_22403_80273450_20250903_143324.pdf|
|22403|22403|80274436||BL_22403_22403_80274436_20250910_155023.pdf|
|22403|22403|80276083||BL_22403_22403_80276083_20250924_171729.pdf|
|22403|22403|80278966||BL_22403_22403_80278966_20251014_163319.pdf|
|22403|22403|80280161||BL_22403_22403_80280161_20251017_172241.pdf|
|22406|22406|80270326||BL_22406_22406_80270326_20250723_162411.pdf|
|22406|22406|80280818||BL_22406_22406_80280818_20251022_154913.pdf|
|22407|22407|80269501||BL_22407_22407_80269501_20250717_155610.pdf|
|22407|22407|80270466||BL_22407_22407_80270466_20250724_165247.pdf|
|22407|22407|80271767||BL_22407_22407_80271767_20250825_160047.pdf|
|22407|22407|80272946||BL_22407_22407_80272946_20250829_163105.pdf|
|22407|22407|80273145||BL_22407_22407_80273145_20250902_163239.pdf|
|22407|22407|80273521||BL_22407_22407_80273521_20250903_160654.pdf|
|22407|22407|80274423||BL_22407_22407_80274423_20250910_154648.pdf|
|22407|22407|80275111||BL_22407_22407_80275111_20250916_163747.pdf|
|22407|22407|80276117||BL_22407_22407_80276117_20250924_171846.pdf|
|22407|22407|80278561||BL_22407_22407_80278561_20251009_160442.pdf|
|22407|22407|80278694||BL_22407_22407_80278694_20251013_164711.pdf|
|22407|22407|80279004||BL_22407_22407_80279004_20251013_165014.pdf|
|22407|22407|80280146||BL_22407_22407_80280146_20251017_172301.pdf|
|22407|22407|80281314||BL_22407_22407_80281314_20251023_163634.pdf|
|22408|22408|80270025||BL_22408_22408_80270025_20250722_170601.pdf|
|22408|22408|80273249||BL_22408_22408_80273249_20250902_170639.pdf|
|22408|22408|80273870||BL_22408_22408_80273870_20250905_161043.pdf|
|22408|22408|80274086||BL_22408_22408_80274086_20250908_163321.pdf|
|22408|22408|80274420||BL_22408_22408_80274420_20250910_154656.pdf|
|22408|22408|80276093||BL_22408_22408_80276093_20250924_171814.pdf|
|22408|22408|80278787||BL_22408_22408_80278787_20251010_160441.pdf|
|22408|22408|80279035||BL_22408_22408_80279035_20251013_165154.pdf|
|22408|22408|80280212||BL_22408_22408_80280212_20251017_172408.pdf|
|22408|22408|80281092||BL_22408_22408_80281092_20251022_153236.pdf|
|22410|22410|80268390||BL_22410_22410_80268390_20250708_170358.pdf|
|22410|22410|80268995||BL_22410_22410_80268995_20250711_153115.pdf|
|22410|22410|80269502||BL_22410_22410_80269502_20250717_155608.pdf|
|22410|22410|80269580||BL_22410_22410_80269580_20250718_151700.pdf|
|22410|22410|80270616||BL_22410_22410_80270616_20250725_120425.pdf|
|22410|22410|80271444||BL_22410_22410_80271444_20250731_154845.pdf|
|22410|22410|80271772||BL_22410_22410_80271772_20250825_160019.pdf|
|22410|22410|80273719||BL_22410_22410_80273719_20250904_155619.pdf|
|22410|22410|80274568||BL_22410_22410_80274568_20250911_160052.pdf|
|22410|22410|80275126||BL_22410_22410_80275126_20250916_164201.pdf|
|22410|22410|80276263||BL_22410_22410_80276263_20250924_172154.pdf|
|22410|22410|80276838||BL_22410_22410_80276838_20250929_164740.pdf|
|22410|22410|80278563||BL_22410_22410_80278563_20251009_154635.pdf|
|22410|22410|80279001||BL_22410_22410_80279001_20251013_151821.pdf|
|22410|22410|80280065||BL_22410_22410_80280065_20251017_172028.pdf|
|22410|22410|80281129||BL_22410_22410_80281129_20251022_160226.pdf|
|22410|22410|80282118||BL_22410_22410_80282118_20251030_171104.pdf|
|22410|22410|80282337||BL_22410_22410_80282337_20251031_144728.pdf|
|22410|22410|80282450||BL_22410_22410_80282450_20251103_160421.pdf|
|22413|22413|80268501||BL_22413_22413_80268501_20250708_170915.pdf|
|22413|22413|80269331||BL_22413_22413_80269331_20250716_163429.pdf|
|22413|22413|80270894||BL_22413_22413_80270894_20250728_165636.pdf|
|22413|22413|80272115||BL_22413_22413_80272115_20250805_160149.pdf|
|22413|22413|80272605||BL_22413_22413_80272605_20250826_153138.pdf|
|22413|22413|80272723||BL_22413_22413_80272723_20250827_150249.pdf|
|22413|22413|80275300||BL_22413_22413_80275300_20250917_153236.pdf|
|22413|22413|80277475||BL_22413_22413_80277475_20250930_163913.pdf|
|22413|22413|80277725||BL_22413_22413_80277725_20251002_151902.pdf|
|22413|22413|80278210||BL_22413_22413_80278210_20251007_160423.pdf|
|22413|22413|80279159||BL_22413_22413_80279159_20251013_152341.pdf|
|22413|22413|80279461||BL_22413_22413_80279461_20251015_160214.pdf|
|22413|22413|80280031||BL_22413_22413_80280031_20251017_172010.pdf|
|22413|22413|80280894||BL_22413_22413_80280894_20251021_163801.pdf|
|22413|22413|80281097||BL_22413_22413_80281097_20251022_153226.pdf|
|22413|22413|80281757||BL_22413_22413_80281757_20251028_163757.pdf|
|22413|22413|80283132||BL_22413_22413_80283132_20251106_144707.pdf|
|22413|22413|80283270||BL_22413_22413_80283270_20251107_150201.pdf|
|22419|22419|80274935||BL_22419_22419_80274935_20250915_171343.pdf|
|22419|22419|80276189||BL_22419_22419_80276189_20250924_172034.pdf|
|22419|22419|80278761||BL_22419_22419_80278761_20251010_160613.pdf|
|22419|22419|80279027||BL_22419_22419_80279027_20251013_165235.pdf|
|22419|22419|80280055||BL_22419_22419_80280055_20251017_172042.pdf|
|22420|22420|80269898||BL_22420_22420_80269898_20250721_153218.pdf|
|22420|22420|80275177||BL_22420_22420_80275177_20250916_164710.pdf|
|22420|22420|80279938||BL_22420_22420_80279938_20251017_165059.pdf|
|22422|22422|80269329||BL_22422_22422_80269329_20250716_163446.pdf|
|22422|22422|80275594||BL_22422_22422_80275594_20250919_165534.pdf|
|22422|22422|80276238||BL_22422_22422_80276238_20250924_172121.pdf|
|22422|22422|80280084||BL_22422_22422_80280084_20251017_172105.pdf|
|22422|22422|80283023||BL_22422_22422_80283023_20251105_160353.pdf|
|22423|22423|80269669||BL_22423_22423_80269669_20250718_160134.pdf|
|22423|22423|80269901||BL_22423_22423_80269901_20250721_153211.pdf|
|22423|22423|80270997||BL_22423_22423_80270997_20250729_160222.pdf|
|22423|22423|80272037||BL_22423_22423_80272037_20250804_160337.pdf|
|22423|22423|80275090||BL_22423_22423_80275090_20250916_163455.pdf|
|22423|22423|80275313||BL_22423_22423_80275313_20250917_153519.pdf|
|22423|22423|80275480||BL_22423_22423_80275480_20250918_150304.pdf|
|22423|22423|80276295||BL_22423_22423_80276295_20250924_172247.pdf|
|22423|22423|80278373||BL_22423_22423_80278373_20251007_155015.pdf|
|22423|22423|80282069||BL_22423_22423_80282069_20251030_170149.pdf|
|22424|22424|80269005||BL_22424_22424_80269005_20250711_160606.pdf|
|22424|22424|80275099||BL_22424_22424_80275099_20250916_163403.pdf|
|22424|22424|80276953||BL_22424_22424_80276953_20250929_165019.pdf|
|22424|22424|80278051||BL_22424_22424_80278051_20251006_154738.pdf|
|22424|22424|80280235||BL_22424_22424_80280235_20251020_163210.pdf|
|22424|22424|80281746||BL_22424_22424_80281746_20251028_164922.pdf|
|22428|22428|80270913||BL_22428_22428_80270913_20250728_150349.pdf|
|22428|22428|80271159||BL_22428_22428_80271159_20250730_153307.pdf|
|22428|22428|80272005||BL_22428_22428_80272005_20250804_160237.pdf|
|22428|22428|80274048||BL_22428_22428_80274048_20250909_162116.pdf|
|22428|22428|80277214||BL_22428_22428_80277214_20250929_165712.pdf|
|22428|22428|80279878||BL_22428_22428_80279878_20251017_164802.pdf|
|22428|22428|80280583||BL_22428_22428_80280583_20251020_163953.pdf|
|22445|22445|80269416||BL_22445_22445_80269416_20250717_154704.pdf|
|22445|22445|80270294||BL_22445_22445_80270294_20250723_162142.pdf|
|22445|22445|80274629||BL_22445_22445_80274629_20250911_160534.pdf|
|22445|22445|80281031||BL_22445_22445_80281031_20251022_155807.pdf|
|22447|22447|80228449||BL_22447_22447_80228449_20240918_164410.pdf|
|22447|22447|80228450||BL_22447_22447_80228450_20240918_164402.pdf|
|22447|22447|80228451||BL_22447_22447_80228451_20240918_164359.pdf|
|22447|26696|80270448||BL_22447_26696_80270448_20250724_164949.pdf|
|22447|26696|80274506||BL_22447_26696_80274506_20250911_155022.pdf|
|22447|26696|80277315||BL_22447_26696_80277315_20250929_165944.pdf|
|22447|26696|80280518||BL_22447_26696_80280518_20251020_163903.pdf|
|22447|26696|80281149||BL_22447_26696_80281149_20251022_153355.pdf|
|22448|22448|80269011||BL_22448_22448_80269011_20250711_160516.pdf|
|22448|22448|80269777||BL_22448_22448_80269777_20250721_160702.pdf|
|22448|22448|80271752||BL_22448_22448_80271752_20250825_155842.pdf|
|22448|22448|80272867||BL_22448_22448_80272867_20250829_153304.pdf|
|22448|22448|80273883||BL_22448_22448_80273883_20250905_161359.pdf|
|22448|22448|80276091||BL_22448_22448_80276091_20250924_171817.pdf|
|22448|22448|80276884||BL_22448_22448_80276884_20250929_164910.pdf|
|22448|22448|80278229||BL_22448_22448_80278229_20251007_154627.pdf|
|22448|22448|80278794||BL_22448_22448_80278794_20251010_160821.pdf|
|22448|22448|80279037||BL_22448_22448_80279037_20251013_165147.pdf|
|22448|22448|80280214||BL_22448_22448_80280214_20251017_172411.pdf|
|22448|22448|80281087||BL_22448_22448_80281087_20251022_153245.pdf|
|22448|22448|80282504||BL_22448_22448_80282504_20251103_160800.pdf|
|22450|22450|80270841||BL_22450_22450_80270841_20250728_165325.pdf|
|22450|22450|80271890||BL_22450_22450_80271890_20250801_150119.pdf|
|22450|22450|80274109||BL_22450_22450_80274109_20250908_163237.pdf|
|22450|22450|80274696||BL_22450_22450_80274696_20250912_154607.pdf|
|22450|22450|80275220||BL_22450_22450_80275220_20250916_165155.pdf|
|22450|22450|80278359||BL_22450_22450_80278359_20251007_154944.pdf|
|22450|22450|80281025||BL_22450_22450_80281025_20251022_162321.pdf|
|22460|22460|80271816||BL_22460_22460_80271816_20250825_160303.pdf|
|22460|22460|80272749||BL_22460_22460_80272749_20250827_150329.pdf|
|22460|22460|80274339||BL_22460_22460_80274339_20250909_164812.pdf|
|22460|22460|80276124||BL_22460_22460_80276124_20250924_171835.pdf|
|22460|22460|80276478||BL_22460_22460_80276478_20250925_163532.pdf|
|22460|22460|80278441||BL_22460_22460_80278441_20251008_153157.pdf|
|22460|22460|80278790||BL_22460_22460_80278790_20251010_161709.pdf|
|22460|22460|80278975||BL_22460_22460_80278975_20251013_164737.pdf|
|22460|22460|80280172||BL_22460_22460_80280172_20251017_172329.pdf|
|22460|22460|80281088||BL_22460_22460_80281088_20251022_153243.pdf|
|22460|22460|80283526||BL_22460_22460_80283526_20251113_151654.pdf|
|22467|22467|80271384||BL_22467_22467_80271384_20250731_162234.pdf|
|22467|22467|80275005||BL_22467_22467_80275005_20250915_172009.pdf|
|22467|22467|80277750||BL_22467_22467_80277750_20251002_155151.pdf|
|22467|22467|80279202||BL_22467_22467_80279202_20251013_152508.pdf|
|22467|22467|80279857||BL_22467_22467_80279857_20251017_164945.pdf|
|22467|22467|80280285||BL_22467_22467_80280285_20251020_163350.pdf|
|22468|20145|80273771||BL_22468_20145_80273771_20250904_160236.pdf|
|22468|20145|80275883||BL_22468_20145_80275883_20250923_160215.pdf|
|22468|20145|80278543||BL_22468_20145_80278543_20251009_161754.pdf|
|22468|20145|80278852||BL_22468_20145_80278852_20251010_161734.pdf|
|22469|22469|80269622||BL_22469_22469_80269622_20250718_153547.pdf|
|22469|22469|80271762||BL_22469_22469_80271762_20250825_160112.pdf|
|22469|22469|80274537||BL_22469_22469_80274537_20250911_155608.pdf|
|22469|22469|80276212||BL_22469_22469_80276212_20250924_172054.pdf|
|22469|22469|80279690||BL_22469_22469_80279690_20251016_173748.pdf|
|22469|22469|80280034||BL_22469_22469_80280034_20251017_172007.pdf|
|22469|22469|80282124||BL_22469_22469_80282124_20251030_171013.pdf|
|22471|22471|80270029||BL_22471_22471_80270029_20250722_170546.pdf|
|22471|22471|80276479||BL_22471_22471_80276479_20250925_163524.pdf|
|22471|22471|80277467||BL_22471_22471_80277467_20250930_163429.pdf|
|22471|22471|80282536||BL_22471_22471_80282536_20251103_151823.pdf|
|22471|22471|80282669||BL_22471_22471_80282669_20251104_160643.pdf|
|22472|22472|80270667||BL_22472_22472_80270667_20250725_120932.pdf|
|22472|22472|80273860||BL_22472_22472_80273860_20250905_161210.pdf|
|22472|22472|80277741||BL_22472_22472_80277741_20251002_155255.pdf|
|22472|22472|80278762||BL_22472_22472_80278762_20251010_160611.pdf|
|22472|22472|80279176||BL_22472_22472_80279176_20251013_152433.pdf|
|22472|22472|80280409||BL_22472_22472_80280409_20251020_163553.pdf|
|22478|22478|80268996||BL_22478_22478_80268996_20250711_160238.pdf|
|22478|22478|80270875||BL_22478_22478_80270875_20250728_165854.pdf|
|22478|22478|80273665||BL_22478_22478_80273665_20250904_155232.pdf|
|22478|22478|80274114||BL_22478_22478_80274114_20250908_094541.pdf|
|22478|22478|80274303||BL_22478_22478_80274303_20250908_162350.pdf|
|22478|22478|80274971||BL_22478_22478_80274971_20250915_164841.pdf|
|22478|22478|80276061||BL_22478_22478_80276061_20250924_171758.pdf|
|22478|22478|80277446||BL_22478_22478_80277446_20250930_163247.pdf|
|22478|22478|80279711||BL_22478_22478_80279711_20251017_114607.pdf|
|22478|22478|80279904||BL_22478_22478_80279904_20251017_171657.pdf|
|22478|22478|80280127||BL_22478_22478_80280127_20251017_172219.pdf|
|22478|22478|80280859||BL_22478_22478_80280859_20251021_164658.pdf|
|22478|22478|80283112||BL_22478_22478_80283112_20251106_144742.pdf|
|22478|22478|80283674||BL_22478_22478_80283674_20251113_152001.pdf|
|22479|22479|80274850||BL_22479_22479_80274850_20250915_163135.pdf|
|22479|22479|80277043||BL_22479_22479_80277043_20250929_165239.pdf|
|22479|22479|80280319||BL_22479_22479_80280319_20251020_163409.pdf|
|22479|22479|80281043||BL_22479_22479_80281043_20251022_160116.pdf|
|22483|20148|80190641||BL_22483_20148_80190641_20231116_162608.pdf|
|22483|20148|80193085||BL_22483_20148_80193085_20231204_162709.pdf|
|22483|20148|80194903||BL_22483_20148_80194903_20240102_180323.pdf|
|22483|20148|80197282||BL_22483_20148_80197282_20240104_164216.pdf|
|22483|20148|80198295||BL_22483_20148_80198295_20240112_161214.pdf|
|22483|20148|80198439||BL_22483_20148_80198439_20240115_165541.pdf|
|22483|20148|80200239||BL_22483_20148_80200239_20240126_160056.pdf|
|22483|20148|80202184||BL_22483_20148_80202184_20240212_170137.pdf|
|22483|20148|80203055||BL_22483_20148_80203055_20240216_163729.pdf|
|22483|20148|80203615||BL_22483_20148_80203615_20240221_160330.pdf|
|22483|20148|80205016||BL_22483_20148_80205016_20240229_171916.pdf|
|22483|20148|80207638||BL_22483_20148_80207638_20240318_164241.pdf|
|22483|20148|80208282||BL_22483_20148_80208282_20240322_155109.pdf|
|22483|20148|80211048||BL_22483_20148_80211048_20240410_165449.pdf|
|22483|20148|80212371||BL_22483_20148_80212371_20240419_154939.pdf|
|22483|20148|80212883||BL_22483_20148_80212883_20240424_142343.pdf|
|22483|20148|80214450||BL_22483_20148_80214450_20240507_164935.pdf|
|22483|20148|80215015||BL_22483_20148_80215015_20240514_165032.pdf|
|22483|20148|80217191||BL_22483_20148_80217191_20240531_084543.pdf|
|22483|20148|80217473||BL_22483_20148_80217473_20240604_163851.pdf|
|22483|20148|80218408||BL_22483_20148_80218408_20240611_165027.pdf|
|22483|20148|80219769||BL_22483_20148_80219769_20240621_160342.pdf|
|22483|20148|80220357||BL_22483_20148_80220357_20240626_151947.pdf|
|22483|20148|80220545||BL_22483_20148_80220545_20240627_170149.pdf|
|22483|20148|80221054||BL_22483_20148_80221054_20240701_165128.pdf|
|22483|20148|80224124||BL_22483_20148_80224124_20240729_160731.pdf|
|22483|20148|80224842||BL_22483_20148_80224842_20240827_171937.pdf|
|22483|20148|80226235||BL_22483_20148_80226235_20240903_170450.pdf|
|22483|20148|80229399||BL_22483_20148_80229399_20240926_143146.pdf|
|22483|20148|80231400||BL_22483_20148_80231400_20241015_161951.pdf|
|22483|20148|80233252||BL_22483_20148_80233252_20241029_163941.pdf|
|22483|20148|80234729||BL_22483_20148_80234729_20241113_161732.pdf|
|22483|20148|80236398||BL_22483_20148_80236398_20241127_160922.pdf|
|22483|20148|80240246||BL_22483_20148_80240246_20241219_170700.pdf|
|22483|20148|80241156||BL_22483_20148_80241156_20250103_171152.pdf|
|22483|20148|80242171||BL_22483_20148_80242171_20250109_171839.pdf|
|22483|20148|80243158||BL_22483_20148_80243158_20250115_162651.pdf|
|22483|20148|80245340||BL_22483_20148_80245340_20250128_173415.pdf|
|22483|20148|80246672||BL_22483_20148_80246672_20250203_160000.pdf|
|22483|20148|80251258||BL_22483_20148_80251258_20250304_162251.pdf|
|22483|20148|80252205||BL_22483_20148_80252205_20250307_171610.pdf|
|22483|20148|80252707||BL_22483_20148_80252707_20250310_170105.pdf|
|22483|20148|80255168||BL_22483_20148_80255168_20250328_170908.pdf|
|22483|20148|80258276||BL_22483_20148_80258276_20250417_170824.pdf|
|22483|20148|80261279||BL_22483_20148_80261279_20250515_164948.pdf|
|22483|20148|80262008||BL_22483_20148_80262008_20250520_163529.pdf|
|22483|20148|80262789||BL_22483_20148_80262789_20250522_163948.pdf|
|22483|20148|80265239||BL_22483_20148_80265239_20250612_172953.pdf|
|22483|20148|80265521||BL_22483_20148_80265521_20250613_162022.pdf|
|22483|20148|80266356||BL_22483_20148_80266356_20250623_163806.pdf|
|22483|20148|80266826||BL_22483_20148_80266826_20250625_163501.pdf|
|22483|20148|80267772||BL_22483_20148_80267772_20250702_170558.pdf|
|22483|20148|80271405||BL_22483_20148_80271405_20250731_164718.pdf|
|22483|20148|80271794||BL_22483_20148_80271794_20250825_160153.pdf|
|22483|20148|80274714||BL_22483_20148_80274714_20250912_161618.pdf|
|22483|20148|80275063||BL_22483_20148_80275063_20250916_163457.pdf|
|22483|20148|80276221||BL_22483_20148_80276221_20250924_172038.pdf|
|22483|20148|80280041||BL_22483_20148_80280041_20251017_165723.pdf|
|22483|20148|80281556||BL_22483_20148_80281556_20251028_163343.pdf|
|22483|20148|80282174||BL_22483_20148_80282174_20251030_174801.pdf|
|22483|20148|80283130||BL_22483_20148_80283130_20251106_144709.pdf|
|22483|22483|80271404||BL_22483_22483_80271404_20250731_164700.pdf|
|22483|22483|80271797||BL_22483_22483_80271797_20250825_160135.pdf|
|22483|22483|80274736||BL_22483_22483_80274736_20250912_161639.pdf|
|22483|22483|80276222||BL_22483_22483_80276222_20250924_172044.pdf|
|22483|22483|80280042||BL_22483_22483_80280042_20251017_165720.pdf|
|22483|22483|80281552||BL_22483_22483_80281552_20251027_170142.pdf|
|22486|22486|80269167||BL_22486_22486_80269167_20250715_160332.pdf|
|22486|22486|80271924||BL_22486_22486_80271924_20250801_153624.pdf|
|22486|22486|80273944||BL_22486_22486_80273944_20250904_145959.pdf|
|22486|22486|80275110||BL_22486_22486_80275110_20250916_163759.pdf|
|22486|22486|80276957||BL_22486_22486_80276957_20250929_165026.pdf|
|22486|22486|80278082||BL_22486_22486_80278082_20251006_161203.pdf|
|22486|22486|80280241||BL_22486_22486_80280241_20251020_163254.pdf|
|22486|22486|80282304||BL_22486_22486_80282304_20251031_155135.pdf|
|22487|22487|80271179||BL_22487_22487_80271179_20250730_154849.pdf|
|22487|22487|80272857||BL_22487_22487_80272857_20250829_144612.pdf|
|22487|22487|80274719||BL_22487_22487_80274719_20250912_154649.pdf|
|22487|22487|80275061||BL_22487_22487_80275061_20250915_164906.pdf|
|22487|22487|80276213||BL_22487_22487_80276213_20250924_172053.pdf|
|22487|22487|80276846||BL_22487_22487_80276846_20250929_164753.pdf|
|22487|22487|80278788||BL_22487_22487_80278788_20251010_160904.pdf|
|22487|22487|80278871||BL_22487_22487_80278871_20251013_151753.pdf|
|22487|22487|80280068||BL_22487_22487_80280068_20251017_172025.pdf|
|22487|22487|80280705||BL_22487_22487_80280705_20251020_162003.pdf|
|22487|22487|80280903||BL_22487_22487_80280903_20251021_164634.pdf|
|22487|22487|80283575||BL_22487_22487_80283575_20251113_151831.pdf|
|22488|22488|80268454||BL_22488_22488_80268454_20250708_163245.pdf|
|22488|22488|80271154||BL_22488_22488_80271154_20250730_154631.pdf|
|22488|22488|80274130||BL_22488_22488_80274130_20250908_163551.pdf|
|22488|22488|80274314||BL_22488_22488_80274314_20250909_163942.pdf|
|22488|22488|80274419||BL_22488_22488_80274419_20250910_154658.pdf|
|22488|22488|80275748||BL_22488_22488_80275748_20250922_154710.pdf|
|22488|22488|80276056||BL_22488_22488_80276056_20250924_171659.pdf|
|22488|22488|80278953||BL_22488_22488_80278953_20251013_170423.pdf|
|22488|22488|80280199||BL_22488_22488_80280199_20251017_172352.pdf|
|22489|22489|80195936||BL_22489_22489_80195936_20231220_160941.pdf|
|22489|22489|80196114||BL_22489_22489_80196114_20240102_193006.pdf|
|22489|22489|80200463||BL_22489_22489_80200463_20240129_165002.pdf|
|22489|22489|80201937||BL_22489_22489_80201937_20240212_163745.pdf|
|22489|22489|80205904||BL_22489_22489_80205904_20240304_163722.pdf|
|22489|22489|80208715||BL_22489_22489_80208715_20240325_163721.pdf|
|22489|22489|80211705||BL_22489_22489_80211705_20240415_163911.pdf|
|22489|22489|80216449||BL_22489_22489_80216449_20240527_163240.pdf|
|22489|22489|80222139||BL_22489_22489_80222139_20240710_153209.pdf|
|22489|22489|80227232||BL_22489_22489_80227232_20240909_155637.pdf|
|22489|22489|80227437||BL_22489_22489_80227437_20240910_161046.pdf|
|22489|22489|80229667||BL_22489_22489_80229667_20240930_102624.pdf|
|22489|22489|80231622||BL_22489_22489_80231622_20241016_161751.pdf|
|22489|22489|80233222||BL_22489_22489_80233222_20241029_164413.pdf|
|22489|22489|80238989||BL_22489_22489_80238989_20241212_165012.pdf|
|22489|22489|80239850||BL_22489_22489_80239850_20250102_172123.pdf|
|22489|22489|80245792||BL_22489_22489_80245792_20250129_170315.pdf|
|22489|22489|80246402||BL_22489_22489_80246402_20250131_165648.pdf|
|22489|22489|80247266||BL_22489_22489_80247266_20250204_170044.pdf|
|22489|22489|80251324||BL_22489_22489_80251324_20250305_163611.pdf|
|22489|22489|80259462||BL_22489_22489_80259462_20250425_160709.pdf|
|22489|22489|80265635||BL_22489_22489_80265635_20250616_162323.pdf|
|22489|22489|80269472||BL_22489_22489_80269472_20250717_153220.pdf|
|22489|22489|80273243||BL_22489_22489_80273243_20250903_155336.pdf|
|22489|22489|80274709||BL_22489_22489_80274709_20250912_160226.pdf|
|22489|22489|80278092||BL_22489_22489_80278092_20251006_154617.pdf|
|22489|22489|80281316||BL_22489_22489_80281316_20251023_164014.pdf|
|22489|22489|80281357||BL_22489_22489_80281357_20251024_144623.pdf|
|22492|22492|80275637||BL_22492_22492_80275637_20250919_170032.pdf|
|22493|22493|80271831||BL_22493_22493_80271831_20250825_160501.pdf|
|22493|22493|80274866||BL_22493_22493_80274866_20250915_170456.pdf|
|22493|22493|80275106||BL_22493_22493_80275106_20250916_163828.pdf|
|22493|22493|80275308||BL_22493_22493_80275308_20250917_153546.pdf|
|22493|22493|80276254||BL_22493_22493_80276254_20250924_172207.pdf|
|22493|22493|80280019||BL_22493_22493_80280019_20251017_171921.pdf|
|22493|22493|80280863||BL_22493_22493_80280863_20251021_163845.pdf|
|22493|22493|80281300||BL_22493_22493_80281300_20251022_160401.pdf|
|22493|22493|80282637||BL_22493_22493_80282637_20251104_160209.pdf|
|22495|22495|80270557||BL_22495_22495_80270557_20250724_170134.pdf|
|22495|22495|80273669||BL_22495_22495_80273669_20250905_160858.pdf|
|22495|22495|80274758||BL_22495_22495_80274758_20250912_153151.pdf|
|22495|22495|80276423||BL_22495_22495_80276423_20250924_172432.pdf|
|22495|22495|80278888||BL_22495_22495_80278888_20251013_151744.pdf|
|22495|22495|80280431||BL_22495_22495_80280431_20251020_163702.pdf|
|22495|22495|80280892||BL_22495_22495_80280892_20251022_155424.pdf|
|22495|22495|80281062||BL_22495_22495_80281062_20251022_153136.pdf|
|22495|22495|80283252||BL_22495_22495_80283252_20251107_150322.pdf|
|22499|20151|80269452||BL_22499_20151_80269452_20250717_155217.pdf|
|22499|20151|80269763||BL_22499_20151_80269763_20250721_153103.pdf|
|22499|20151|80273711||BL_22499_20151_80273711_20250904_155314.pdf|
|22499|20151|80274525||BL_22499_20151_80274525_20250911_155239.pdf|
|22499|20151|80277317||BL_22499_20151_80277317_20250929_165947.pdf|
|22499|20151|80279833||BL_22499_20151_80279833_20251022_162211.pdf|
|22499|20151|80280524||BL_22499_20151_80280524_20251020_163839.pdf|
|22508|22508|80268650||BL_22508_22508_80268650_20250709_163245.pdf|
|22508|22508|80275326||BL_22508_22508_80275326_20250917_153734.pdf|
|22508|22508|80276935||BL_22508_22508_80276935_20250929_164953.pdf|
|22508|22508|80277742||BL_22508_22508_80277742_20251002_155249.pdf|
|22508|22508|80280250||BL_22508_22508_80280250_20251020_163308.pdf|
|22510|22510|80269195||BL_22510_22510_80269195_20250715_160550.pdf|
|22510|22510|80270264||BL_22510_22510_80270264_20250723_162102.pdf|
|22510|22510|80271657||BL_22510_22510_80271657_20250825_155245.pdf|
|22510|22510|80275615||BL_22510_22510_80275615_20250919_165755.pdf|
|22510|22510|80277765||BL_22510_22510_80277765_20251002_155510.pdf|
|22510|22510|80279190||BL_22510_22510_80279190_20251013_152411.pdf|
|22510|22510|80280362||BL_22510_22510_80280362_20251020_163437.pdf|
|22510|22510|80280928||BL_22510_22510_80280928_20251021_164710.pdf|
|22510|22510|80282451||BL_22510_22510_80282451_20251103_160415.pdf|
|22512|20153|80268894||BL_22512_20153_80268894_20250710_162712.pdf|
|22512|20153|80269403||BL_22512_20153_80269403_20250717_154828.pdf|
|22512|20153|80275776||BL_22512_20153_80275776_20250922_162151.pdf|
|22512|20153|80281496||BL_22512_20153_80281496_20251029_163215.pdf|
|22515|20154|80268238||BL_22515_20154_80268238_20250707_153725.pdf|
|22515|20154|80268427||BL_22515_20154_80268427_20250708_163137.pdf|
|22515|20154|80269483||BL_22515_20154_80269483_20250717_155333.pdf|
|22515|20154|80270644||BL_22515_20154_80270644_20250725_120729.pdf|
|22515|20154|80271155||BL_22515_20154_80271155_20250730_153315.pdf|
|22515|20154|80271786||BL_22515_20154_80271786_20250825_160228.pdf|
|22515|20154|80273146||BL_22515_20154_80273146_20250902_161823.pdf|
|22515|20154|80273487||BL_22515_20154_80273487_20250903_160557.pdf|
|22515|20154|80274069||BL_22515_20154_80274069_20250908_163355.pdf|
|22515|20154|80274740||BL_22515_20154_80274740_20250912_153140.pdf|
|22515|20154|80275581||BL_22515_20154_80275581_20250919_165123.pdf|
|22515|20154|80275931||BL_22515_20154_80275931_20250923_160316.pdf|
|22515|20154|80276088||BL_22515_20154_80276088_20250924_171821.pdf|
|22515|20154|80276851||BL_22515_20154_80276851_20250929_170732.pdf|
|22515|20154|80278580||BL_22515_20154_80278580_20251009_154647.pdf|
|22515|20154|80279298||BL_22515_20154_80279298_20251014_163541.pdf|
|22515|20154|80280158||BL_22515_20154_80280158_20251017_172244.pdf|
|22515|20154|80281274||BL_22515_20154_80281274_20251023_163309.pdf|
|22515|20154|80281540||BL_22515_20154_80281540_20251027_164914.pdf|
|22515|20154|80281990||BL_22515_20154_80281990_20251029_160230.pdf|
|22515|20154|80282311||BL_22515_20154_80282311_20251031_155101.pdf|
|22516|22516|80268517||BL_22516_22516_80268517_20250708_171105.pdf|
|22516|22516|80274802||BL_22516_22516_80274802_20250912_161259.pdf|
|22516|22516|80275182||BL_22516_22516_80275182_20250916_154751.pdf|
|22516|22516|80275879||BL_22516_22516_80275879_20250923_161927.pdf|
|22516|22516|80278883||BL_22516_22516_80278883_20251013_151749.pdf|
|22516|22516|80279551||BL_22516_22516_80279551_20251015_161913.pdf|
|22516|22516|80282294||BL_22516_22516_80282294_20251031_155217.pdf|
|22522|22522|80270171||BL_22522_22522_80270171_20250722_171415.pdf|
|22522|22522|80271015||BL_22522_22522_80271015_20250729_160443.pdf|
|22522|22522|80272284||BL_22522_22522_80272284_20250825_164240.pdf|
|22522|22522|80275286||BL_22522_22522_80275286_20250917_153201.pdf|
|22524|22524|80270260||BL_22524_22524_80270260_20250723_162115.pdf|
|22524|22524|80275755||BL_22524_22524_80275755_20250922_162318.pdf|
|22524|22524|80277134||BL_22524_22524_80277134_20250929_165448.pdf|
|22524|22524|80279108||BL_22524_22524_80279108_20251013_152100.pdf|
|22524|22524|80280357||BL_22524_22524_80280357_20251020_163445.pdf|
|22524|22524|80283403||BL_22524_22524_80283403_20251112_162427.pdf|
|22526|22526|80268255||BL_22526_22526_80268255_20250707_153946.pdf|
|22526|22526|80269024||BL_22526_22526_80269024_20250711_160835.pdf|
|22526|22526|80269202||BL_22526_22526_80269202_20250715_160457.pdf|
|22526|22526|80271401||BL_22526_22526_80271401_20250731_162109.pdf|
|22526|22526|80274738||BL_22526_22526_80274738_20250912_160359.pdf|
|22526|22526|80275064||BL_22526_22526_80275064_20250915_164859.pdf|
|22526|22526|80276229||BL_22526_22526_80276229_20250924_172136.pdf|
|22526|22526|80278492||BL_22526_22526_80278492_20251008_155027.pdf|
|22526|22526|80279722||BL_22526_22526_80279722_20251016_174231.pdf|
|22526|22526|80279854||BL_22526_22526_80279854_20251017_165000.pdf|
|22526|22526|80280044||BL_22526_22526_80280044_20251017_171954.pdf|
|22536|22536|80270426||BL_22536_22536_80270426_20250724_164822.pdf|
|22536|22536|80272381||BL_22536_22536_80272381_20250807_154905.pdf|
|22536|22536|80272600||BL_22536_22536_80272600_20250826_153122.pdf|
|22536|22536|80274442||BL_22536_22536_80274442_20250910_160633.pdf|
|22536|22536|80275500||BL_22536_22536_80275500_20250918_153047.pdf|
|22536|22536|80281563||BL_22536_22536_80281563_20251027_165207.pdf|
|22536|22536|80283392||BL_22536_22536_80283392_20251112_162049.pdf|
|22540|22540|80269662||BL_22540_22540_80269662_20250718_153851.pdf|
|22540|22540|80271393||BL_22540_22540_80271393_20250731_154743.pdf|
|22540|22540|80273906||BL_22540_22540_80273906_20250905_154639.pdf|
|22540|22540|80274750||BL_22540_22540_80274750_20250912_153147.pdf|
|22540|22540|80276211||BL_22540_22540_80276211_20250924_172056.pdf|
|22540|22540|80277873||BL_22540_22540_80277873_20251002_151931.pdf|
|22540|22540|80279730||BL_22540_22540_80279730_20251016_174634.pdf|
|22540|22540|80279917||BL_22540_22540_80279917_20251017_171806.pdf|
|22542|22542|80268474||BL_22542_22542_80268474_20250708_170717.pdf|
|22542|22542|80270017||BL_22542_22542_80270017_20250722_170644.pdf|
|22542|22542|80274426||BL_22542_22542_80274426_20250910_160754.pdf|
|22542|22542|80274591||BL_22542_22542_80274591_20250911_160207.pdf|
|22542|22542|80276076||BL_22542_22542_80276076_20250924_171738.pdf|
|22542|22542|80279345||BL_22542_22542_80279345_20251014_165755.pdf|
|22542|22542|80279477||BL_22542_22542_80279477_20251015_160155.pdf|
|22542|22542|80283272||BL_22542_22542_80283272_20251107_150154.pdf|
|22543|22543|80268665||BL_22543_22543_80268665_20250709_165003.pdf|
|22543|22543|80268881||BL_22543_22543_80268881_20250710_162828.pdf|
|22543|22543|80269064||BL_22543_22543_80269064_20250711_160902.pdf|
|22543|22543|80275619||BL_22543_22543_80275619_20250919_161805.pdf|
|22543|22543|80278448||BL_22543_22543_80278448_20251008_154920.pdf|
|22543|22543|80279971||BL_22543_22543_80279971_20251017_165634.pdf|
|22545|22545|80271020||BL_22545_22545_80271020_20250729_154637.pdf|
|22545|22545|80275765||BL_22545_22545_80275765_20250922_162243.pdf|
|22545|22545|80277138||BL_22545_22545_80277138_20250929_165441.pdf|
|22545|22545|80280386||BL_22545_22545_80280386_20251020_163519.pdf|
|22545|22545|80283663||BL_22545_22545_80283663_20251113_155522.pdf|
|22549|22549|80272491||BL_22549_22549_80272491_20250825_160812.pdf|
|22549|22549|80272492||BL_22549_22549_80272492_20250825_160814.pdf|
|22549|22549|80272687||BL_22549_22549_80272687_20250826_151554.pdf|
|22550|22550|80270491||BL_22550_22550_80270491_20250724_165431.pdf|
|22550|22550|80271743||BL_22550_22550_80271743_20250825_164115.pdf|
|22550|22550|80272742||BL_22550_22550_80272742_20250827_150344.pdf|
|22550|22550|80273635||BL_22550_22550_80273635_20250905_160209.pdf|
|22550|22550|80276094||BL_22550_22550_80276094_20250924_171812.pdf|
|22550|22550|80278750||BL_22550_22550_80278750_20251010_160233.pdf|
|22550|22550|80278903||BL_22550_22550_80278903_20251013_151728.pdf|
|22550|22550|80279542||BL_22550_22550_80279542_20251015_154610.pdf|
|22550|22550|80280121||BL_22550_22550_80280121_20251017_172229.pdf|
|22552|22552|80268689||BL_22552_22552_80268689_20250709_160226.pdf|
|22552|22552|80268877||BL_22552_22552_80268877_20250710_134616.pdf|
|22552|22552|80269342||BL_22552_22552_80269342_20250716_163343.pdf|
|22552|22552|80269858||BL_22552_22552_80269858_20250721_153232.pdf|
|22552|22552|80270287||BL_22552_22552_80270287_20250723_162154.pdf|
|22552|22552|80271008||BL_22552_22552_80271008_20250729_164648.pdf|
|22552|22552|80271265||BL_22552_22552_80271265_20250730_153621.pdf|
|22552|22552|80271576||BL_22552_22552_80271576_20250825_154658.pdf|
|22552|22552|80274976||BL_22552_22552_80274976_20250915_171806.pdf|
|22552|22552|80275468||BL_22552_22552_80275468_20250918_152740.pdf|
|22552|22552|80276048||BL_22552_22552_80276048_20250924_171708.pdf|
|22552|22552|80277791||BL_22552_22552_80277791_20251002_152012.pdf|
|22552|22552|80279681||BL_22552_22552_80279681_20251016_173912.pdf|
|22552|22552|80279815||BL_22552_22552_80279815_20251017_164616.pdf|
|22553|22553|80268646||BL_22553_22553_80268646_20250709_164656.pdf|
|22553|22553|80269368||BL_22553_22553_80269368_20250716_151743.pdf|
|22553|22553|80272298||BL_22553_22553_80272298_20250807_154718.pdf|
|22553|22553|80273596||BL_22553_22553_80273596_20250903_151630.pdf|
|22553|22553|80273918||BL_22553_22553_80273918_20250905_161956.pdf|
|22553|22553|80277442||BL_22553_22553_80277442_20250930_163327.pdf|
|22553|22553|80277616||BL_22553_22553_80277616_20251001_161852.pdf|
|22553|22553|80278771||BL_22553_22553_80278771_20251010_160534.pdf|
|22553|22553|80278957||BL_22553_22553_80278957_20251013_164755.pdf|
|22553|22553|80280070||BL_22553_22553_80280070_20251017_172022.pdf|
|22553|22553|80281109||BL_22553_22553_80281109_20251022_153340.pdf|
|22553|22553|80281513||BL_22553_22553_80281513_20251027_164900.pdf|
|22553|22553|80282691||BL_22553_22553_80282691_20251104_160533.pdf|
|22555|22555|80269185||BL_22555_22555_80269185_20250715_150234.pdf|
|22555|22555|80279257||BL_22555_22555_80279257_20251014_165728.pdf|
|22556|22556|80269683||BL_22556_22556_80269683_20250718_154021.pdf|
|22556|22556|80269831||BL_22556_22556_80269831_20250721_160708.pdf|
|22556|22556|80271550||BL_22556_22556_80271550_20250731_155057.pdf|
|22556|22556|80271958||BL_22556_22556_80271958_20250801_150307.pdf|
|22556|22556|80272406||BL_22556_22556_80272406_20250825_164228.pdf|
|22556|22556|80273433||BL_22556_22556_80273433_20250903_151626.pdf|
|22556|22556|80274316||BL_22556_22556_80274316_20250909_163932.pdf|
|22556|22556|80274450||BL_22556_22556_80274450_20250910_154945.pdf|
|22556|22556|80275871||BL_22556_22556_80275871_20250923_161935.pdf|
|22556|22556|80277819||BL_22556_22556_80277819_20251002_155804.pdf|
|22556|22556|80278257||BL_22556_22556_80278257_20251007_154736.pdf|
|22556|22556|80278826||BL_22556_22556_80278826_20251010_161722.pdf|
|22556|22556|80281017||BL_22556_22556_80281017_20251022_155904.pdf|
|22556|22556|80281827||BL_22556_22556_80281827_20251028_165550.pdf|
|22556|22556|80282520||BL_22556_22556_80282520_20251103_161042.pdf|
|22556|22556|80283704||BL_22556_22556_80283704_20251113_151948.pdf|
|22559|22559|80269340||BL_22559_22559_80269340_20250716_163402.pdf|
|22559|22559|80269593||BL_22559_22559_80269593_20250718_151653.pdf|
|22559|22559|80272346||BL_22559_22559_80272346_20250807_154848.pdf|
|22559|22559|80275202||BL_22559_22559_80275202_20250916_164851.pdf|
|22559|22559|80275325||BL_22559_22559_80275325_20250917_153425.pdf|
|22559|22559|80280827||BL_22559_22559_80280827_20251022_154837.pdf|
|22559|22559|80283386||BL_22559_22559_80283386_20251112_154836.pdf|
|22565|22565|80270632||BL_22565_22565_80270632_20250725_120828.pdf|
|22565|22565|80273663||BL_22565_22565_80273663_20250905_161002.pdf|
|22565|22565|80276421||BL_22565_22565_80276421_20250924_172435.pdf|
|22565|22565|80280711||BL_22565_22565_80280711_20251021_163238.pdf|
|22565|22565|80280902||BL_22565_22565_80280902_20251021_164636.pdf|
|22566|22566|80268453||BL_22566_22566_80268453_20250708_163243.pdf|
|22566|22566|80268634||BL_22566_22566_80268634_20250709_160212.pdf|
|22566|22566|80270234||BL_22566_22566_80270234_20250723_161740.pdf|
|22566|22566|80271235||BL_22566_22566_80271235_20250730_153544.pdf|
|22566|22566|80271871||BL_22566_22566_80271871_20250801_153219.pdf|
|22566|22566|80272610||BL_22566_22566_80272610_20250826_153254.pdf|
|22566|22566|80273995||BL_22566_22566_80273995_20250908_163153.pdf|
|22566|22566|80274723||BL_22566_22566_80274723_20250912_154717.pdf|
|22566|22566|80276065||BL_22566_22566_80276065_20250924_171751.pdf|
|22566|22566|80278877||BL_22566_22566_80278877_20251013_170214.pdf|
|22566|22566|80280039||BL_22566_22566_80280039_20251017_171959.pdf|
|22566|22566|80281091||BL_22566_22566_80281091_20251022_153238.pdf|
|22566|22566|80283375||BL_22566_22566_80283375_20251112_154911.pdf|
|22567|22567|80270923||BL_22567_22567_80270923_20250728_150341.pdf|
|22567|22567|80271152||BL_22567_22567_80271152_20250730_153121.pdf|
|22567|22567|80275165||BL_22567_22567_80275165_20250916_164319.pdf|
|22567|22567|80277028||BL_22567_22567_80277028_20250929_165156.pdf|
|22567|22567|80280245||BL_22567_22567_80280245_20251020_163300.pdf|
|22567|22567|80282645||BL_22567_22567_80282645_20251104_160418.pdf|
|22568|22568|80272283||BL_22568_22568_80272283_20250825_164012.pdf|
|22568|22568|80274146||BL_22568_22568_80274146_20250908_160214.pdf|
|22570|22570|80275131||BL_22570_22570_80275131_20250916_164057.pdf|
|22570|22570|80276949||BL_22570_22570_80276949_20250929_164931.pdf|
|22570|22570|80279723||BL_22570_22570_80279723_20251016_174721.pdf|
|22570|22570|80279890||BL_22570_22570_80279890_20251017_171726.pdf|
|22570|22570|80280231||BL_22570_22570_80280231_20251020_163216.pdf|
|22575|22575|80271915||BL_22575_22575_80271915_20250801_153705.pdf|
|22575|22575|80276552||BL_22575_22575_80276552_20250925_163950.pdf|
|22575|22575|80278421||BL_22575_22575_80278421_20251008_154824.pdf|
|22575|22575|80278779||BL_22575_22575_80278779_20251010_160459.pdf|
|22575|22575|80279370||BL_22575_22575_80279370_20251014_163829.pdf|
|22575|22575|80281099||BL_22575_22575_80281099_20251022_160331.pdf|
|22575|22575|80282790||BL_22575_22575_80282790_20251105_154736.pdf|
|22575|22575|80283685||BL_22575_22575_80283685_20251113_151956.pdf|
|22577|22577|80269413||BL_22577_22577_80269413_20250717_154725.pdf|
|22577|22577|80278283||BL_22577_22577_80278283_20251007_160900.pdf|
|22578|22578|80269667||BL_22578_22578_80269667_20250718_153826.pdf|
|22578|22578|80270295||BL_22578_22578_80270295_20250723_162141.pdf|
|22578|22578|80270988||BL_22578_22578_80270988_20250729_160318.pdf|
|22578|22578|80276587||BL_22578_22578_80276587_20250925_164201.pdf|
|22578|22578|80276768||BL_22578_22578_80276768_20250926_154011.pdf|
|22578|22578|80277625||BL_22578_22578_80277625_20251001_161812.pdf|
|22578|22578|80277783||BL_22578_22578_80277783_20251002_155714.pdf|
|22578|22578|80280635||BL_22578_22578_80280635_20251021_163130.pdf|
|22578|22578|80281231||BL_22578_22578_80281231_20251023_100241.pdf|
|22578|22578|80281454||BL_22578_22578_80281454_20251024_171232.pdf|
|22580|22580|80281023||BL_22580_22580_80281023_20251022_162310.pdf|
|22581|22581|80269017||BL_22581_22581_80269017_20250711_160442.pdf|
|22581|22581|80270520||BL_22581_22581_80270520_20250724_170033.pdf|
|22581|22581|80271038||BL_22581_22581_80271038_20250729_160649.pdf|
|22581|22581|80272011||BL_22581_22581_80272011_20250804_160225.pdf|
|22581|22581|80272631||BL_22581_22581_80272631_20250826_153200.pdf|
|22581|22581|80272848||BL_22581_22581_80272848_20250829_153107.pdf|
|22581|22581|80274144||BL_22581_22581_80274144_20250908_162345.pdf|
|22581|22581|80275903||BL_22581_22581_80275903_20250923_160201.pdf|
|22581|22581|80276150||BL_22581_22581_80276150_20250924_171905.pdf|
|22581|22581|80276721||BL_22581_22581_80276721_20250926_153508.pdf|
|22581|22581|80277342||BL_22581_22581_80277342_20250929_172208.pdf|
|22581|22581|80279356||BL_22581_22581_80279356_20251014_170148.pdf|
|22581|22581|80280211||BL_22581_22581_80280211_20251017_172406.pdf|
|22581|22581|80281601||BL_22581_22581_80281601_20251027_163751.pdf|
|22587|22587|80270304||BL_22587_22587_80270304_20250723_160233.pdf|
|22587|22587|80271598||BL_22587_22587_80271598_20250825_154807.pdf|
|22587|22587|80272030||BL_22587_22587_80272030_20250804_160349.pdf|
|22587|22587|80273421||BL_22587_22587_80273421_20250903_155904.pdf|
|22587|22587|80276306||BL_22587_22587_80276306_20250924_155036.pdf|
|22587|22587|80277506||BL_22587_22587_80277506_20250930_164018.pdf|
|22587|22587|80278453||BL_22587_22587_80278453_20251008_154906.pdf|
|22587|22587|80278946||BL_22587_22587_80278946_20251013_164811.pdf|
|22587|22587|80279663||BL_22587_22587_80279663_20251016_173632.pdf|
|22588|22588|80275040||BL_22588_22588_80275040_20250915_172108.pdf|
|22588|22588|80275229||BL_22588_22588_80275229_20250916_165041.pdf|
|22588|22588|80276301||BL_22588_22588_80276301_20250924_155043.pdf|
|22588|22588|80280821||BL_22588_22588_80280821_20251022_154904.pdf|
|22590|22590|80271174||BL_22590_22590_80271174_20250730_154925.pdf|
|22590|22590|80273996||BL_22590_22590_80273996_20250909_161716.pdf|
|22590|22590|80274536||BL_22590_22590_80274536_20250911_155030.pdf|
|22590|22590|80277293||BL_22590_22590_80277293_20250929_165838.pdf|
|22590|22590|80278067||BL_22590_22590_80278067_20251006_160904.pdf|
|22590|22590|80278238||BL_22590_22590_80278238_20251007_154804.pdf|
|22590|22590|80279708||BL_22590_22590_80279708_20251016_173936.pdf|
|22590|22590|80280564||BL_22590_22590_80280564_20251020_164008.pdf|
|22590|22590|80281414||BL_22590_22590_80281414_20251024_163537.pdf|
|22590|22590|80283410||BL_22590_22590_80283410_20251112_162347.pdf|
|22593|20162|80269019||BL_22593_20162_80269019_20250711_160433.pdf|
|22593|20162|80276287||BL_22593_20162_80276287_20250924_155124.pdf|
|22593|20162|80277627||BL_22593_20162_80277627_20251001_160230.pdf|
|22593|20162|80278054||BL_22593_20162_80278054_20251006_154736.pdf|
|22593|20162|80282564||BL_22593_20162_80282564_20251103_161214.pdf|
|22594|22594|80273306||BL_22594_22594_80273306_20250903_155446.pdf|
|22594|22594|80275739||BL_22594_22594_80275739_20250922_162052.pdf|
|22594|22594|80275894||BL_22594_22594_80275894_20250923_162244.pdf|
|22594|22594|80281465||BL_22594_22594_80281465_20251024_171127.pdf|
|22598|22598|80268446||BL_22598_22598_80268446_20250708_163117.pdf|
|22598|22598|80273913||BL_22598_22598_80273913_20250905_162100.pdf|
|22598|22598|80275565||BL_22598_22598_80275565_20250919_164810.pdf|
|22598|22598|80277254||BL_22598_22598_80277254_20250929_165833.pdf|
|22598|22598|80279710||BL_22598_22598_80279710_20251016_174439.pdf|
|22598|22598|80280418||BL_22598_22598_80280418_20251020_163602.pdf|
|22599|22599|80270906||BL_22599_22599_80270906_20250728_170043.pdf|
|22599|22599|80272612||BL_22599_22599_80272612_20250826_153242.pdf|
|22599|22599|80277916||BL_22599_22599_80277916_20251003_162033.pdf|
|22601|22601|80279698||BL_22601_22601_80279698_20251016_174128.pdf|
|22601|22601|80279916||BL_22601_22601_80279916_20251017_171819.pdf|
|22601|22601|80282844||BL_22601_22601_80282844_20251105_154742.pdf|
|22603|22603|80270905||BL_22603_22603_80270905_20250728_150355.pdf|
|22603|22603|80271143||BL_22603_22603_80271143_20250730_153135.pdf|
|22603|22603|80277708||BL_22603_22603_80277708_20251002_154631.pdf|
|22603|22603|80279128||BL_22603_22603_80279128_20251013_152151.pdf|
|22603|22603|80281415||BL_22603_22603_80281415_20251024_171000.pdf|
|22603|22603|80282875||BL_22603_22603_80282875_20251105_154912.pdf|
|22605|22605|80269053||BL_22605_22605_80269053_20250711_153129.pdf|
|22605|22605|80270992||BL_22605_22605_80270992_20250729_160251.pdf|
|22605|22605|80271609||BL_22605_22605_80271609_20250825_155017.pdf|
|22605|22605|80272953||BL_22605_22605_80272953_20250901_153253.pdf|
|22605|22605|80273299||BL_22605_22605_80273299_20250902_162337.pdf|
|22605|22605|80273423||BL_22605_22605_80273423_20250903_155900.pdf|
|22605|22605|80278276||BL_22605_22605_80278276_20251007_160950.pdf|
|22605|22605|80279653||BL_22605_22605_80279653_20251016_173308.pdf|
|22605|22605|80279819||BL_22605_22605_80279819_20251017_164626.pdf|
|22605|22605|80283378||BL_22605_22605_80283378_20251112_154910.pdf|
|22610|22610|80271781||BL_22610_22610_80271781_20250825_160251.pdf|
|22610|22610|80275382||BL_22610_22610_80275382_20250918_151639.pdf|
|22610|22610|80276986||BL_22610_22610_80276986_20250929_171212.pdf|
|22610|22610|80278624||BL_22610_22610_80278624_20251009_154715.pdf|
|22610|22610|80280251||BL_22610_22610_80280251_20251020_163309.pdf|
|22610|22610|80282321||BL_22610_22610_80282321_20251031_155433.pdf|
|22610|22610|80283115||BL_22610_22610_80283115_20251106_144738.pdf|
|22610|22610|80283287||BL_22610_22610_80283287_20251106_155009.pdf|
|22610|22610|80283394||BL_22610_22610_80283394_20251107_160107.pdf|
|22610|22610|80283672||BL_22610_22610_80283672_20251112_162615.pdf|
|22611|22611|80270220||BL_22611_22611_80270220_20250723_161902.pdf|
|22611|22611|80271455||BL_22611_22611_80271455_20250731_162636.pdf|
|22611|22611|80272891||BL_22611_22611_80272891_20250829_144719.pdf|
|22611|22611|80274764||BL_22611_22611_80274764_20250912_154840.pdf|
|22611|22611|80276214||BL_22611_22611_80276214_20250924_172051.pdf|
|22611|22611|80279262||BL_22611_22611_80279262_20251014_165718.pdf|
|22611|22611|80279441||BL_22611_22611_80279441_20251015_160121.pdf|
|22611|22611|80280032||BL_22611_22611_80280032_20251017_165726.pdf|
|22611|22611|80281272||BL_22611_22611_80281272_20251023_163334.pdf|
|22611|22611|80282415||BL_22611_22611_80282415_20251103_151749.pdf|
|22621|22621|80271061||BL_22621_22621_80271061_20250729_160802.pdf|
|22621|22621|80275574||BL_22621_22621_80275574_20250919_165244.pdf|
|22621|22621|80277141||BL_22621_22621_80277141_20250929_165436.pdf|
|22621|22621|80280389||BL_22621_22621_80280389_20251020_163515.pdf|
|22621|22621|80282500||BL_22621_22621_80282500_20251103_160811.pdf|
|22622|22622|80269324||BL_22622_22622_80269324_20250716_163459.pdf|
|22622|22622|80270879||BL_22622_22622_80270879_20250728_165824.pdf|
|22622|22622|80273494||BL_22622_22622_80273494_20250903_160507.pdf|
|22622|22622|80275939||BL_22622_22622_80275939_20250923_162247.pdf|
|22622|22622|80276424||BL_22622_22622_80276424_20250924_172430.pdf|
|22622|22622|80279428||BL_22622_22622_80279428_20251021_154742.pdf|
|22622|22622|80279429||BL_22622_22622_80279429_20251021_154748.pdf|
|22622|22622|80280497||BL_22622_22622_80280497_20251020_163756.pdf|
|22625|22625|80270993||BL_22625_22625_80270993_20250729_154659.pdf|
|22625|22625|80275183||BL_22625_22625_80275183_20250916_164627.pdf|
|22625|22625|80278300||BL_22625_22625_80278300_20251007_154921.pdf|
|22625|22625|80279374||BL_22625_22625_80279374_20251014_170023.pdf|
|22629|22629|80268305||BL_22629_22629_80268305_20250707_154223.pdf|
|22629|22629|80274033||BL_22629_22629_80274033_20250908_160325.pdf|
|22629|22629|80274175||BL_22629_22629_80274175_20250908_160213.pdf|
|22629|22629|80274542||BL_22629_22629_80274542_20250911_155434.pdf|
|22629|22629|80277217||BL_22629_22629_80277217_20250929_165707.pdf|
|22629|22629|80280586||BL_22629_22629_80280586_20251020_163949.pdf|
|22629|22629|80281754||BL_22629_22629_80281754_20251028_164818.pdf|
|22633|22633|80269327||BL_22633_22633_80269327_20250716_163457.pdf|
|22633|22633|80273454||BL_22633_22633_80273454_20250903_160021.pdf|
|22633|22633|80275161||BL_22633_22633_80275161_20250916_164352.pdf|
|22633|22633|80277035||BL_22633_22633_80277035_20250929_165144.pdf|
|22633|22633|80280310||BL_22633_22633_80280310_20251020_163420.pdf|
|22633|22633|80280910||BL_22633_22633_80280910_20251022_155313.pdf|
|22633|22633|80281001||BL_22633_22633_80281001_20251024_163151.pdf|
|22641|22641|80268254||BL_22641_22641_80268254_20250707_153544.pdf|
|22641|22641|80269265||BL_22641_22641_80269265_20250715_160847.pdf|
|22641|22641|80270863||BL_22641_22641_80270863_20250728_165510.pdf|
|22641|22641|80272797||BL_22641_22641_80272797_20250828_151619.pdf|
|22641|22641|80274081||BL_22641_22641_80274081_20250908_163333.pdf|
|22641|22641|80274310||BL_22641_22641_80274310_20250909_163947.pdf|
|22641|22641|80275606||BL_22641_22641_80275606_20250919_151629.pdf|
|22641|22641|80276082||BL_22641_22641_80276082_20250924_171730.pdf|
|22641|22641|80276508||BL_22641_22641_80276508_20250925_163732.pdf|
|22641|22641|80277679||BL_22641_22641_80277679_20251002_154808.pdf|
|22641|22641|80279355||BL_22641_22641_80279355_20251014_163838.pdf|
|22641|22641|80280215||BL_22641_22641_80280215_20251017_172412.pdf|
|22641|22641|80280785||BL_22641_22641_80280785_20251021_163557.pdf|
|22641|22641|80282678||BL_22641_22641_80282678_20251104_143106.pdf|
|22641|22641|80283033||BL_22641_22641_80283033_20251105_160721.pdf|
|22641|22641|80283122||BL_22641_22641_80283122_20251106_154710.pdf|
|22644|22644|80269493||BL_22644_22644_80269493_20250717_144611.pdf|
|22644|22644|80271386||BL_22644_22644_80271386_20250731_162219.pdf|
|22644|22644|80275426||BL_22644_22644_80275426_20250918_152250.pdf|
|22644|22644|80275766||BL_22644_22644_80275766_20250922_154650.pdf|
|22644|22644|80278069||BL_22644_22644_80278069_20251006_160847.pdf|
|22644|22644|80279211||BL_22644_22644_80279211_20251013_152451.pdf|
|22644|22644|80280011||BL_22644_22644_80280011_20251017_171934.pdf|
|22644|22644|80280851||BL_22644_22644_80280851_20251021_155259.pdf|
|22644|22644|80282184||BL_22644_22644_80282184_20251030_165056.pdf|
|22645|22645|80274235||BL_22645_22645_80274235_20250909_163258.pdf|
|22645|22645|80276123||BL_22645_22645_80276123_20250924_171837.pdf|
|22645|22645|80280173||BL_22645_22645_80280173_20251017_172327.pdf|
|22645|22645|80282188||BL_22645_22645_80282188_20251030_171431.pdf|
|22645|22645|80282238||BL_22645_22645_80282238_20251030_165141.pdf|
|22645|22645|80282541||BL_22645_22645_80282541_20251103_161353.pdf|
|22647|22647|80269002||BL_22647_22647_80269002_20250711_160154.pdf|
|22647|22647|80269206||BL_22647_22647_80269206_20250715_160444.pdf|
|22647|22647|80270495||BL_22647_22647_80270495_20250724_165405.pdf|
|22647|22647|80270591||BL_22647_22647_80270591_20250724_132935.pdf|
|22647|22647|80270598||BL_22647_22647_80270598_20250724_143346.pdf|
|22647|22647|80270953||BL_22647_22647_80270953_20250728_150456.pdf|
|22647|22647|80271215||BL_22647_22647_80271215_20250730_153447.pdf|
|22647|22647|80271655||BL_22647_22647_80271655_20250825_155250.pdf|
|22647|22647|80273262||BL_22647_22647_80273262_20250902_162035.pdf|
|22647|22647|80274967||BL_22647_22647_80274967_20250915_164848.pdf|
|22647|22647|80275751||BL_22647_22647_80275751_20250922_123149.pdf|
|22647|22647|80276251||BL_22647_22647_80276251_20250924_172212.pdf|
|22647|22647|80279093||BL_22647_22647_80279093_20251013_152002.pdf|
|22647|22647|80280097||BL_22647_22647_80280097_20251017_172154.pdf|
|22647|22647|80281257||BL_22647_22647_80281257_20251023_163516.pdf|
|22647|22647|80281420||BL_22647_22647_80281420_20251024_144649.pdf|
|22648|22648|80269163||BL_22648_22648_80269163_20250715_160354.pdf|
|22648|22648|80277440||BL_22648_22648_80277440_20250930_163334.pdf|
|22657|22657|80269604||BL_22657_22657_80269604_20250718_153353.pdf|
|22657|22657|80272650||BL_22657_22657_80272650_20250826_153340.pdf|
|22657|22657|80273172||BL_22657_22657_80273172_20250902_161712.pdf|
|22657|22657|80273481||BL_22657_22657_80273481_20250903_160156.pdf|
|22657|22657|80273676||BL_22657_22657_80273676_20250904_155202.pdf|
|22657|22657|80274495||BL_22657_22657_80274495_20250911_154636.pdf|
|22657|22657|80274964||BL_22657_22657_80274964_20250915_164740.pdf|
|22657|22657|80281205||BL_22657_22657_80281205_20251023_163136.pdf|
|22657|22657|80281305||BL_22657_22657_80281305_20251023_163716.pdf|
|22657|22657|80281353||BL_22657_22657_80281353_20251027_164633.pdf|
|22657|22657|80281666||BL_22657_22657_80281666_20251028_163345.pdf|
|22658|22658|80268426||BL_22658_22658_80268426_20250708_170506.pdf|
|22658|22658|80270902||BL_22658_22658_80270902_20250728_150406.pdf|
|22658|22658|80271144||BL_22658_22658_80271144_20250730_153133.pdf|
|22658|22658|80273167||BL_22658_22658_80273167_20250903_154814.pdf|
|22658|22658|80273486||BL_22658_22658_80273486_20250903_160605.pdf|
|22658|22658|80276394||BL_22658_22658_80276394_20250924_155413.pdf|
|22658|22658|80278867||BL_22658_22658_80278867_20251016_173529.pdf|
|22658|22658|80280335||BL_22658_22658_80280335_20251020_163351.pdf|
|22667|22667|80268257||BL_22667_22667_80268257_20250707_153926.pdf|
|22667|22667|80268507||BL_22667_22667_80268507_20250708_163336.pdf|
|22667|22667|80270077||BL_22667_22667_80270077_20250722_170948.pdf|
|22667|22667|80270597||BL_22667_22667_80270597_20250725_120319.pdf|
|22667|22667|80270599||BL_22667_22667_80270599_20250829_093038.pdf|
|22667|22667|80270600||BL_22667_22667_80270600_20250829_093040.pdf|
|22667|22667|80272404||BL_22667_22667_80272404_20250825_160634.pdf|
|22667|22667|80276005||BL_22667_22667_80276005_20250923_162656.pdf|
|22667|22667|80277570||BL_22667_22667_80277570_20250930_164320.pdf|
|22667|22667|80280796||BL_22667_22667_80280796_20251021_163543.pdf|
|22669|22669|80274552||BL_22669_22669_80274552_20250911_155844.pdf|
|22669|22669|80277022||BL_22669_22669_80277022_20250929_165206.pdf|
|22669|22669|80280548||BL_22669_22669_80280548_20251020_163924.pdf|
|22669|22669|80281534||BL_22669_22669_80281534_20251027_164958.pdf|
|22669|22669|80282177||BL_22669_22669_80282177_20251030_174745.pdf|
|22673|22673|80271356||BL_22673_22673_80271356_20250731_161732.pdf|
|22673|22673|80273464||BL_22673_22673_80273464_20250903_155949.pdf|
|22673|22673|80278615||BL_22673_22673_80278615_20251009_160919.pdf|
|22673|22673|80278700||BL_22673_22673_80278700_20251013_151653.pdf|
|22673|22673|80281079||BL_22673_22673_80281079_20251022_153123.pdf|
|22673|22673|80281787||BL_22673_22673_80281787_20251028_165353.pdf|
|22675|22675|80269197||BL_22675_22675_80269197_20250715_160534.pdf|
|22675|22675|80271391||BL_22675_22675_80271391_20250731_162147.pdf|
|22675|22675|80271780||BL_22675_22675_80271780_20250825_160256.pdf|
|22675|22675|80273038||BL_22675_22675_80273038_20250901_154051.pdf|
|22675|22675|80273510||BL_22675_22675_80273510_20250903_160725.pdf|
|22675|22675|80274271||BL_22675_22675_80274271_20250909_163909.pdf|
|22675|22675|80275445||BL_22675_22675_80275445_20250918_143132.pdf|
|22675|22675|80276109||BL_22675_22675_80276109_20250924_171857.pdf|
|22675|22675|80279347||BL_22675_22675_80279347_20251014_163849.pdf|
|22675|22675|80280179||BL_22675_22675_80280179_20251017_172318.pdf|
|22675|22675|80281391||BL_22675_22675_80281391_20251024_163318.pdf|
|22680|22680|80269657||BL_22680_22680_80269657_20250718_153927.pdf|
|22680|22680|80276745||BL_22680_22680_80276745_20250926_153912.pdf|
|22680|22680|80277117||BL_22680_22680_80277117_20250929_165402.pdf|
|22680|22680|80282322||BL_22680_22680_80282322_20251031_155424.pdf|
|22680|22680|80282867||BL_22680_22680_80282867_20251105_154818.pdf|
|22682|20174|80271893||BL_22682_20174_80271893_20250801_153434.pdf|
|22682|20174|80275975||BL_22682_20174_80275975_20250923_162736.pdf|
|22682|20174|80276566||BL_22682_20174_80276566_20250925_163142.pdf|
|22682|20174|80277150||BL_22682_20174_80277150_20250929_165530.pdf|
|22682|20174|80279186||BL_22682_20174_80279186_20251013_152420.pdf|
|22682|20174|80280399||BL_22682_20174_80280399_20251020_163615.pdf|
|22684|22684|80268669||BL_22684_22684_80268669_20250709_164942.pdf|
|22684|22684|80271010||BL_22684_22684_80271010_20250729_164700.pdf|
|22684|22684|80271586||BL_22684_22684_80271586_20250825_154859.pdf|
|22684|22684|80271988||BL_22684_22684_80271988_20250804_160318.pdf|
|22684|22684|80272877||BL_22684_22684_80272877_20250829_153232.pdf|
|22684|22684|80273279||BL_22684_22684_80273279_20250902_162012.pdf|
|22684|22684|80274288||BL_22684_22684_80274288_20250909_164039.pdf|
|22684|22684|80278094||BL_22684_22684_80278094_20251006_161111.pdf|
|22684|22684|80279392||BL_22684_22684_80279392_20251014_164055.pdf|
|22684|22684|80281964||BL_22684_22684_80281964_20251029_164123.pdf|
|22687|22687|80268214||BL_22687_22687_80268214_20250707_153209.pdf|
|22687|22687|80271678||BL_22687_22687_80271678_20250825_155417.pdf|
|22687|22687|80273497||BL_22687_22687_80273497_20250903_160441.pdf|
|22687|22687|80274263||BL_22687_22687_80274263_20250909_164615.pdf|
|22687|22687|80274428||BL_22687_22687_80274428_20250910_155046.pdf|
|22687|22687|80274925||BL_22687_22687_80274925_20250915_164701.pdf|
|22687|22687|80275256||BL_22687_22687_80275256_20250916_165215.pdf|
|22687|22687|80275732||BL_22687_22687_80275732_20250922_161735.pdf|
|22687|22687|80276257||BL_22687_22687_80276257_20250924_172203.pdf|
|22687|22687|80278058||BL_22687_22687_80278058_20251006_160952.pdf|
|22687|22687|80280178||BL_22687_22687_80280178_20251017_172320.pdf|
|22687|22687|80280631||BL_22687_22687_80280631_20251020_180524.pdf|
|22687|22687|80281103||BL_22687_22687_80281103_20251022_153217.pdf|
|22687|22687|80281682||BL_22687_22687_80281682_20251028_163450.pdf|
|22688|22688|80275790||BL_22688_22688_80275790_20250922_162411.pdf|
|22688|22688|80276530||BL_22688_22688_80276530_20250925_161851.pdf|
|22688|22688|80276923||BL_22688_22688_80276923_20250929_164809.pdf|
|22692|22692|80275314||BL_22692_22692_80275314_20250917_153517.pdf|
|22692|22692|80276924||BL_22692_22692_80276924_20250929_164808.pdf|
|22692|22692|80281180||BL_22692_22692_80281180_20251024_163519.pdf|
|22693|20175|80273161||BL_22693_20175_80273161_20250903_154833.pdf|
|22693|20175|80275358||BL_22693_20175_80275358_20250917_153745.pdf|
|22693|20175|80279016||BL_22693_20175_80279016_20251013_151953.pdf|
|22693|20175|80279366||BL_22693_20175_80279366_20251014_170037.pdf|
|22693|20175|80281507||BL_22693_20175_80281507_20251027_164659.pdf|
|22693|20175|80282329||BL_22693_20175_80282329_20251031_155331.pdf|
|22693|20175|80282856||BL_22693_20175_80282856_20251105_154833.pdf|
|22694|20176|80268256||BL_22694_20176_80268256_20250707_153944.pdf|
|22694|20176|80268489||BL_22694_20176_80268489_20250708_170927.pdf|
|22694|20176|80269389||BL_22694_20176_80269389_20250716_163518.pdf|
|22694|20176|80271461||BL_22694_20176_80271461_20250731_162554.pdf|
|22694|20176|80272885||BL_22694_20176_80272885_20250829_153205.pdf|
|22694|20176|80274322||BL_22694_20176_80274322_20250909_164946.pdf|
|22694|20176|80275114||BL_22694_20176_80275114_20250916_163726.pdf|
|22694|20176|80275115||BL_22694_20176_80275115_20250916_163724.pdf|
|22694|20176|80275573||BL_22694_20176_80275573_20250919_165307.pdf|
|22694|20176|80276955||BL_22694_20176_80276955_20250929_165022.pdf|
|22694|20176|80277907||BL_22694_20176_80277907_20251003_161649.pdf|
|22694|20176|80279021||BL_22694_20176_80279021_20251013_151945.pdf|
|22694|20176|80280238||BL_22694_20176_80280238_20251020_163206.pdf|
|22694|20176|80281295||BL_22694_20176_80281295_20251023_163844.pdf|
|22694|20176|80281423||BL_22694_20176_80281423_20251024_163549.pdf|
|22694|20176|80281602||BL_22694_20176_80281602_20251027_093041.pdf|
|22694|20176|80281805||BL_22694_20176_80281805_20251028_090239.pdf|
|22694|20176|80283696||BL_22694_20176_80283696_20251113_155749.pdf|
|22698|22698|80271398||BL_22698_22698_80271398_20250731_154733.pdf|
|22698|22698|80275576||BL_22698_22698_80275576_20250919_165213.pdf|
|22698|22698|80281287||BL_22698_22698_80281287_20251023_163858.pdf|
|22698|22698|80281445||BL_22698_22698_80281445_20251024_144657.pdf|
|22704|22704|80273325||BL_22704_22704_80273325_20250903_155723.pdf|
|22704|22704|80273938||BL_22704_22704_80273938_20250905_162210.pdf|
|22704|22704|80274105||BL_22704_22704_80274105_20250908_160236.pdf|
|22704|22704|80278284||BL_22704_22704_80278284_20251007_160854.pdf|
|22704|22704|80278916||BL_22704_22704_80278916_20251014_165000.pdf|
|22705|22705|80269482||BL_22705_22705_80269482_20250717_155337.pdf|
|22705|22705|80269641||BL_22705_22705_80269641_20250718_151610.pdf|
|22705|22705|80272654||BL_22705_22705_80272654_20250826_153324.pdf|
|22705|22705|80277461||BL_22705_22705_80277461_20250930_163541.pdf|
|22705|22705|80282362||BL_22705_22705_80282362_20251031_155528.pdf|
|22705|22705|80282913||BL_22705_22705_80282913_20251105_154920.pdf|
|22712|22712|80270275||BL_22712_22712_80270275_20250723_162038.pdf|
|22712|22712|80271874||BL_22712_22712_80271874_20250801_153204.pdf|
|22712|22712|80275195||BL_22712_22712_80275195_20250916_164944.pdf|
|22712|22712|80278816||BL_22712_22712_80278816_20251016_173207.pdf|
|22712|22712|80281627||BL_22712_22712_80281627_20251027_165610.pdf|
|22712|22712|80281839||BL_22712_22712_80281839_20251028_163903.pdf|
|22712|22712|80283552||BL_22712_22712_80283552_20251113_154905.pdf|
|22714|20179|80281306||BL_22714_20179_80281306_20251023_163701.pdf|
|22714|20179|80281809||BL_22714_20179_80281809_20251028_165314.pdf|
|22714|20179|80282048||BL_22714_20179_80282048_20251030_170342.pdf|
|22714|20179|80282864||BL_22714_20179_80282864_20251105_154823.pdf|
|22714|20179|80283580||BL_22714_20179_80283580_20251113_155107.pdf|
|22716|22716|80269412||BL_22716_22716_80269412_20250717_154731.pdf|
|22716|22716|80270061||BL_22716_22716_80270061_20250722_171018.pdf|
|22716|22716|80270333||BL_22716_22716_80270333_20250723_162350.pdf|
|22716|22716|80270354||BL_22716_22716_80270354_20250723_173136.pdf|
|22716|22716|80272000||BL_22716_22716_80272000_20250804_161722.pdf|
|22716|22716|80272138||BL_22716_22716_80272138_20250805_154617.pdf|
|22716|22716|80272342||BL_22716_22716_80272342_20250807_154730.pdf|
|22716|22716|80272362||BL_22716_22716_80272362_20250807_154816.pdf|
|22716|22716|80272801||BL_22716_22716_80272801_20250828_144732.pdf|
|22716|22716|80273341||BL_22716_22716_80273341_20250902_162247.pdf|
|22716|22716|80273929||BL_22716_22716_80273929_20250905_153230.pdf|
|22716|22716|80274341||BL_22716_22716_80274341_20250909_164113.pdf|
|22716|22716|80274888||BL_22716_22716_80274888_20250915_164730.pdf|
|22716|22716|80275882||BL_22716_22716_80275882_20250923_161925.pdf|
|22716|22716|80276613||BL_22716_22716_80276613_20250925_164407.pdf|
|22716|22716|80278274||BL_22716_22716_80278274_20251007_160551.pdf|
|22716|22716|80278350||BL_22716_22716_80278350_20251007_154957.pdf|
|22716|22716|80279396||BL_22716_22716_80279396_20251014_170238.pdf|
|22716|22716|80279820||BL_22716_22716_80279820_20251017_171740.pdf|
|22716|22716|80283153||BL_22716_22716_80283153_20251106_154839.pdf|
|22716|22716|80283509||BL_22716_22716_80283509_20251113_154813.pdf|
|22718|22718|80271504||BL_22718_22718_80271504_20250731_162753.pdf|
|22718|22718|80271707||BL_22718_22718_80271707_20250825_164154.pdf|
|22723|22723|80268301||BL_22723_22723_80268301_20250707_154249.pdf|
|22723|22723|80269838||BL_22723_22723_80269838_20250721_153117.pdf|
|22723|22723|80275487||BL_22723_22723_80275487_20250918_152936.pdf|
|22723|22723|80276598||BL_22723_22723_80276598_20250925_173437.pdf|
|22723|22723|80278118||BL_22723_22723_80278118_20251006_161256.pdf|
|22723|22723|80281223||BL_22723_22723_80281223_20251023_164813.pdf|
|22732|22732|80271820||BL_22732_22732_80271820_20250825_160602.pdf|
|22732|22732|80273668||BL_22732_22732_80273668_20250905_160907.pdf|
|22732|22732|80275902||BL_22732_22732_80275902_20250923_162202.pdf|
|22732|22732|80276415||BL_22732_22732_80276415_20250924_172352.pdf|
|22732|22732|80278573||BL_22732_22732_80278573_20251009_154642.pdf|
|22732|22732|80278774||BL_22732_22732_80278774_20251010_161624.pdf|
|22732|22732|80280432||BL_22732_22732_80280432_20251020_163703.pdf|
|22732|22732|80282320||BL_22732_22732_80282320_20251031_155442.pdf|
|22734|22734|80269468||BL_22734_22734_80269468_20250717_155044.pdf|
|22734|22734|80270465||BL_22734_22734_80270465_20250724_165305.pdf|
|22734|22734|80270873||BL_22734_22734_80270873_20250728_150219.pdf|
|22734|22734|80271230||BL_22734_22734_80271230_20250730_153421.pdf|
|22734|22734|80271697||BL_22734_22734_80271697_20250825_155609.pdf|
|22734|22734|80273664||BL_22734_22734_80273664_20250905_160945.pdf|
|22734|22734|80274728||BL_22734_22734_80274728_20250912_160524.pdf|
|22734|22734|80274729||BL_22734_22734_80274729_20250912_160521.pdf|
|22734|22734|80279303||BL_22734_22734_80279303_20251015_163209.pdf|
|22734|22734|80282437||BL_22734_22734_80282437_20251103_160206.pdf|
|22734|22734|80282880||BL_22734_22734_80282880_20251105_154904.pdf|
|22734|22734|80283649||BL_22734_22734_80283649_20251113_152032.pdf|
|22735|20181|80276701||BL_22735_20181_80276701_20250926_150253.pdf|
|22738|22738|80270539||BL_22738_22738_80270539_20250724_170227.pdf|
|22738|22738|80271701||BL_22738_22738_80271701_20250825_155540.pdf|
|22738|22738|80273652||BL_22738_22738_80273652_20250905_160538.pdf|
|22738|22738|80274551||BL_22738_22738_80274551_20250911_155846.pdf|
|22738|22738|80276716||BL_22738_22738_80276716_20250926_153529.pdf|
|22738|22738|80277261||BL_22738_22738_80277261_20250929_165821.pdf|
|22738|22738|80278868||BL_22738_22738_80278868_20251020_180134.pdf|
|22738|22738|80280426||BL_22738_22738_80280426_20251020_163654.pdf|
|22738|22738|80281085||BL_22738_22738_80281085_20251022_153248.pdf|
|22738|22738|80283654||BL_22738_22738_80283654_20251113_155601.pdf|
|22739|20182|80280666||BL_22739_20182_80280666_20251021_163430.pdf|
|22740|22740|80270861||BL_22740_22740_80270861_20250728_165528.pdf|
|22740|22740|80273019||BL_22740_22740_80273019_20250901_153813.pdf|
|22740|22740|80275585||BL_22740_22740_80275585_20250919_165623.pdf|
|22740|22740|80277145||BL_22740_22740_80277145_20250929_165539.pdf|
|22740|22740|80280394||BL_22740_22740_80280394_20251020_163608.pdf|
|22743|22743|80269769||BL_22743_22743_80269769_20250721_160326.pdf|
|22743|22743|80270010||BL_22743_22743_80270010_20250722_170325.pdf|
|22743|22743|80275438||BL_22743_22743_80275438_20250918_152616.pdf|
|22743|22743|80276266||BL_22743_22743_80276266_20250924_172150.pdf|
|22743|22743|80276699||BL_22743_22743_80276699_20250926_153216.pdf|
|22743|22743|80280063||BL_22743_22743_80280063_20251017_172031.pdf|
|22743|22743|80281903||BL_22743_22743_80281903_20251029_160212.pdf|
|22743|22743|80282653||BL_22743_22743_80282653_20251104_160318.pdf|
|22747|22747|80268814||BL_22747_22747_80268814_20250710_162300.pdf|
|22747|22747|80271651||BL_22747_22747_80271651_20250826_091636.pdf|
|22747|22747|80272282||BL_22747_22747_80272282_20250806_154733.pdf|
|22747|22747|80274741||BL_22747_22747_80274741_20250912_160346.pdf|
|22747|22747|80276235||BL_22747_22747_80276235_20250924_172125.pdf|
|22747|22747|80280048||BL_22747_22747_80280048_20251017_171948.pdf|
|22747|22747|80280879||BL_22747_22747_80280879_20251021_155132.pdf|
|22747|22747|80281956||BL_22747_22747_80281956_20251029_160248.pdf|
|22748|22748|80273238||BL_22748_22748_80273238_20250903_155357.pdf|
|22748|22748|80273916||BL_22748_22748_80273916_20250905_162023.pdf|
|22748|22748|80276703||BL_22748_22748_80276703_20250926_153203.pdf|
|22748|22748|80277257||BL_22748_22748_80277257_20250929_165828.pdf|
|22748|22748|80278793||BL_22748_22748_80278793_20251010_160825.pdf|
|22748|22748|80279063||BL_22748_22748_80279063_20251014_165356.pdf|
|22748|22748|80280421||BL_22748_22748_80280421_20251020_163647.pdf|
|22754|22754|80269318||BL_22754_22754_80269318_20250716_151648.pdf|
|22754|22754|80273865||BL_22754_22754_80273865_20250905_161106.pdf|
|22754|22754|80274910||BL_22754_22754_80274910_20250915_164719.pdf|
|22754|22754|80277249||BL_22754_22754_80277249_20250929_165730.pdf|
|22754|22754|80280412||BL_22754_22754_80280412_20251020_163549.pdf|
|22754|22754|80281437||BL_22754_22754_80281437_20251024_170908.pdf|
|22757|22757|80268884||BL_22757_22757_80268884_20250710_151848.pdf|
|22757|22757|80269595||BL_22757_22757_80269595_20250718_153401.pdf|
|22757|22757|80271011||BL_22757_22757_80271011_20250729_160519.pdf|
|22757|22757|80273308||BL_22757_22757_80273308_20250902_170829.pdf|
|22757|22757|80275890||BL_22757_22757_80275890_20250923_161855.pdf|
|22757|22757|80278130||BL_22757_22757_80278130_20251006_161502.pdf|
|22757|22757|80278381||BL_22757_22757_80278381_20251007_155023.pdf|
|22757|22757|80281447||BL_22757_22757_80281447_20251024_170833.pdf|
|22759|22759|80275162||BL_22759_22759_80275162_20250916_164340.pdf|
|22759|22759|80280685||BL_22759_22759_80280685_20251021_155116.pdf|
|22760|22760|80268909||BL_22760_22760_80268909_20250710_151807.pdf|
|22760|22760|80273942||BL_22760_22760_80273942_20250905_162142.pdf|
|22760|22760|80278930||BL_22760_22760_80278930_20251014_165328.pdf|
|22760|22760|80281518||BL_22760_22760_80281518_20251027_163348.pdf|
|22767|22767|80268651||BL_22767_22767_80268651_20250709_164643.pdf|
|22767|22767|80271919||BL_22767_22767_80271919_20250801_153658.pdf|
|22767|22767|80272617||BL_22767_22767_80272617_20250826_153230.pdf|
|22767|22767|80273707||BL_22767_22767_80273707_20250904_155342.pdf|
|22767|22767|80274410||BL_22767_22767_80274410_20250910_160308.pdf|
|22767|22767|80275153||BL_22767_22767_80275153_20250916_154620.pdf|
|22767|22767|80276114||BL_22767_22767_80276114_20250924_171850.pdf|
|22767|22767|80279472||BL_22767_22767_80279472_20251015_163653.pdf|
|22767|22767|80280180||BL_22767_22767_80280180_20251017_172316.pdf|
|22767|22767|80283036||BL_22767_22767_80283036_20251105_155155.pdf|
|22767|22767|80283605||BL_22767_22767_80283605_20251113_151748.pdf|
|22768|22768|80269587||BL_22768_22768_80269587_20250718_153222.pdf|
|22768|22768|80273003||BL_22768_22768_80273003_20250901_153917.pdf|
|22768|22768|80275224||BL_22768_22768_80275224_20250916_165109.pdf|
|22768|22768|80277643||BL_22768_22768_80277643_20251001_161700.pdf|
|22768|22768|80280776||BL_22768_22768_80280776_20251021_154937.pdf|
|22769|22769|80268930||BL_22769_22769_80268930_20250710_151917.pdf|
|22769|22769|80274324||BL_22769_22769_80274324_20250909_164309.pdf|
|22769|22769|80281016||BL_22769_22769_80281016_20251022_155908.pdf|
|22772|22772|80278412||BL_22772_22772_80278412_20251008_154656.pdf|
|22772|22772|80279453||BL_22772_22772_80279453_20251015_160138.pdf|
|22773|22773|80270486||BL_22773_22773_80270486_20250724_165520.pdf|
|22773|22773|80272281||BL_22773_22773_80272281_20250806_151715.pdf|
|22773|22773|80276588||BL_22773_22773_80276588_20250925_164159.pdf|
|22773|22773|80276589||BL_22773_22773_80276589_20250925_164153.pdf|
|22773|22773|80283518||BL_22773_22773_80283518_20251113_154743.pdf|
|22774|22774|80270869||BL_22774_22774_80270869_20250728_165426.pdf|
|22774|22774|80271166||BL_22774_22774_80271166_20250730_153251.pdf|
|22774|22774|80278202||BL_22774_22774_80278202_20251007_160533.pdf|
|22774|22774|80279726||BL_22774_22774_80279726_20251016_174651.pdf|
|22774|22774|80282782||BL_22774_22774_80282782_20251105_154656.pdf|
|22778|22778|80274042||BL_22778_22778_80274042_20250909_162216.pdf|
|22778|22778|80282532||BL_22778_22778_80282532_20251103_151829.pdf|
|22778|22778|80283384||BL_22778_22778_80283384_20251112_154842.pdf|
|22783|22783|80277711||BL_22783_22783_80277711_20251002_155054.pdf|
|22783|22783|80279132||BL_22783_22783_80279132_20251013_152140.pdf|
|22783|22783|80279480||BL_22783_22783_80279480_20251015_160150.pdf|
|22783|22783|80279719||BL_22783_22783_80279719_20251016_174301.pdf|
|22783|22783|80282899||BL_22783_22783_80282899_20251105_154941.pdf|
|22784|22784|80271176||BL_22784_22784_80271176_20250730_154859.pdf|
|22784|22784|80271974||BL_22784_22784_80271974_20250804_160209.pdf|
|22784|22784|80276464||BL_22784_22784_80276464_20250925_163152.pdf|
|22784|22784|80277081||BL_22784_22784_80277081_20250929_165352.pdf|
|22784|22784|80282888||BL_22784_22784_80282888_20251105_154851.pdf|
|22784|22784|80283389||BL_22784_22784_80283389_20251112_162118.pdf|
|22784|22784|80283769||BL_22784_22784_80283769_20251113_163112.pdf|
|22791|22791|80269666||BL_22791_22791_80269666_20250718_150118.pdf|
|22791|22791|80270073||BL_22791_22791_80270073_20250721_163120.pdf|
|22791|22791|80270296||BL_22791_22791_80270296_20250723_162138.pdf|
|22791|22791|80270826||BL_22791_22791_80270826_20250728_173448.pdf|
|22791|22791|80272052||BL_22791_22791_80272052_20250804_160438.pdf|
|22791|22791|80277343||BL_22791_22791_80277343_20250929_171503.pdf|
|22791|22791|80277344||BL_22791_22791_80277344_20250929_171501.pdf|
|22791|22791|80277604||BL_22791_22791_80277604_20251001_160202.pdf|
|22791|22791|80278121||BL_22791_22791_80278121_20251006_161547.pdf|
|22791|22791|80278729||BL_22791_22791_80278729_20251010_161659.pdf|
|22791|22791|80278861||BL_22791_22791_80278861_20251013_151757.pdf|
|22791|22791|80281339||BL_22791_22791_80281339_20251023_164019.pdf|
|22791|22791|80283063||BL_22791_22791_80283063_20251105_160911.pdf|
|22791|22791|80283318||BL_22791_22791_80283318_20251107_105727.pdf|
|22797|22797|80269159||BL_22797_22797_80269159_20250715_160202.pdf|
|22797|22797|80269686||BL_22797_22797_80269686_20250718_151729.pdf|
|22797|22797|80269855||BL_22797_22797_80269855_20250721_153233.pdf|
|22797|22797|80270292||BL_22797_22797_80270292_20250723_162146.pdf|
|22797|22797|80270352||BL_22797_22797_80270352_20250723_162447.pdf|
|22797|22797|80270373||BL_22797_22797_80270373_20250723_162541.pdf|
|22797|22797|80271459||BL_22797_22797_80271459_20250731_162608.pdf|
|22797|22797|80271568||BL_22797_22797_80271568_20250825_154726.pdf|
|22797|22797|80275175||BL_22797_22797_80275175_20250916_164735.pdf|
|22797|22797|80281533||BL_22797_22797_80281533_20251027_165013.pdf|
|22798|20189|80274783||BL_22798_20189_80274783_20250912_153203.pdf|
|22798|20189|80277498||BL_22798_20189_80277498_20250930_164051.pdf|
|22798|20189|80277773||BL_22798_20189_80277773_20251002_155426.pdf|
|22798|20189|80278860||BL_22798_20189_80278860_20251013_151800.pdf|
|22798|20189|80282277||BL_22798_20189_80282277_20251031_154939.pdf|
|22801|22801|80269680||BL_22801_22801_80269680_20250718_154055.pdf|
|22801|22801|80269854||BL_22801_22801_80269854_20250721_160921.pdf|
|22801|22801|80270692||BL_22801_22801_80270692_20250725_121104.pdf|
|22801|22801|80271593||BL_22801_22801_80271593_20250825_154826.pdf|
|22801|22801|80272147||BL_22801_22801_80272147_20250805_154725.pdf|
|22801|22801|80272344||BL_22801_22801_80272344_20250807_154726.pdf|
|22801|22801|80272604||BL_22801_22801_80272604_20250826_153133.pdf|
|22801|22801|80283536||BL_22801_22801_80283536_20251113_155019.pdf|
|22808|22808|80269778||BL_22808_22808_80269778_20250721_153114.pdf|
|22808|22808|80273028||BL_22808_22808_80273028_20250901_151822.pdf|
|22808|22808|80273232||BL_22808_22808_80273232_20250903_155406.pdf|
|22808|22808|80274295||BL_22808_22808_80274295_20250909_163958.pdf|
|22808|22808|80277205||BL_22808_22808_80277205_20250929_165726.pdf|
|22808|22808|80280572||BL_22808_22808_80280572_20251020_164020.pdf|
|22808|22808|80281572||BL_22808_22808_80281572_20251027_165305.pdf|
|22811|22811|80268498||BL_22811_22811_80268498_20250708_163342.pdf|
|22811|22811|80271351||BL_22811_22811_80271351_20250731_161659.pdf|
|22811|22811|80271818||BL_22811_22811_80271818_20250825_160259.pdf|
|22811|22811|80272750||BL_22811_22811_80272750_20250827_150326.pdf|
|22811|22811|80275169||BL_22811_22811_80275169_20250916_164216.pdf|
|22811|22811|80275436||BL_22811_22811_80275436_20250918_152629.pdf|
|22811|22811|80276203||BL_22811_22811_80276203_20250924_172001.pdf|
|22811|22811|80280010||BL_22811_22811_80280010_20251017_171936.pdf|
|22811|22811|80280867||BL_22811_22811_80280867_20251021_155227.pdf|
|22811|22811|80281054||BL_22811_22811_80281054_20251022_153205.pdf|
|22813|22813|80273465||BL_22813_22813_80273465_20250903_155937.pdf|
|22819|22819|80269441||BL_22819_22819_80269441_20250717_154934.pdf|
|22819|22819|80271354||BL_22819_22819_80271354_20250731_161716.pdf|
|22819|22819|80271782||BL_22819_22819_80271782_20250825_160245.pdf|
|22819|22819|80272800||BL_22819_22819_80272800_20250828_151613.pdf|
|22819|22819|80274510||BL_22819_22819_80274510_20250911_154913.pdf|
|22819|22819|80274918||BL_22819_22819_80274918_20250915_164714.pdf|
|22819|22819|80276219||BL_22819_22819_80276219_20250924_172039.pdf|
|22819|22819|80278791||BL_22819_22819_80278791_20251010_160844.pdf|
|22819|22819|80279029||BL_22819_22819_80279029_20251013_165225.pdf|
|22819|22819|80280027||BL_22819_22819_80280027_20251017_165732.pdf|
|22822|22822|80269894||BL_22822_22822_80269894_20250721_160905.pdf|
|22822|22822|80271240||BL_22822_22822_80271240_20250730_153534.pdf|
|22822|22822|80271299||BL_22822_22822_80271299_20250730_153637.pdf|
|22822|22822|80271479||BL_22822_22822_80271479_20250731_154936.pdf|
|22822|22822|80271621||BL_22822_22822_80271621_20250825_154928.pdf|
|22822|22822|80271960||BL_22822_22822_80271960_20250801_150309.pdf|
|22822|22822|80275055||BL_22822_22822_80275055_20250916_163531.pdf|
|22822|22822|80279949||BL_22822_22822_80279949_20251017_163658.pdf|
|22822|22822|80279974||BL_22822_22822_80279974_20251017_163701.pdf|
|22822|22822|80283313||BL_22822_22822_80283313_20251112_134559.pdf|
|22827|22827|80269830||BL_22827_22827_80269830_20250721_153125.pdf|
|22827|22827|80271635||BL_22827_22827_80271635_20250825_155123.pdf|
|22827|22827|80271863||BL_22827_22827_80271863_20250801_161602.pdf|
|22827|22827|80274846||BL_22827_22827_80274846_20250915_170226.pdf|
|22828|22828|80270694||BL_22828_22828_80270694_20250725_121054.pdf|
|22828|22828|80271591||BL_22828_22828_80271591_20250825_163833.pdf|
|22828|22828|80272339||BL_22828_22828_80272339_20250807_154734.pdf|
|22828|22828|80272716||BL_22828_22828_80272716_20250827_150119.pdf|
|22828|22828|80273314||BL_22828_22828_80273314_20250902_162312.pdf|
|22828|22828|80273818||BL_22828_22828_80273818_20250905_153112.pdf|
|22828|22828|80274622||BL_22828_22828_80274622_20250911_160624.pdf|
|22828|22828|80278882||BL_22828_22828_80278882_20251013_170252.pdf|
|22829|22829|80278129||BL_22829_22829_80278129_20251006_161513.pdf|
|22831|22831|80268234||BL_22831_22831_80268234_20250707_153317.pdf|
|22831|22831|80269313||BL_22831_22831_80269313_20250716_151637.pdf|
|22831|22831|80270870||BL_22831_22831_80270870_20250728_150223.pdf|
|22831|22831|80272871||BL_22831_22831_80272871_20250829_153252.pdf|
|22831|22831|80273516||BL_22831_22831_80273516_20250903_151657.pdf|
|22831|22831|80273971||BL_22831_22831_80273971_20250905_154718.pdf|
|22831|22831|80274721||BL_22831_22831_80274721_20250912_153137.pdf|
|22831|22831|80275564||BL_22831_22831_80275564_20250919_164830.pdf|
|22831|22831|80276100||BL_22831_22831_80276100_20250924_171805.pdf|
|22831|22831|80276510||BL_22831_22831_80276510_20250925_161617.pdf|
|22831|22831|80278875||BL_22831_22831_80278875_20251013_170148.pdf|
|22831|22831|80280088||BL_22831_22831_80280088_20251017_172102.pdf|
|22831|22831|80281260||BL_22831_22831_80281260_20251023_164946.pdf|
|22832|22832|80269306||BL_22832_22832_80269306_20250716_163246.pdf|
|22832|22832|80271663||BL_22832_22832_80271663_20250825_155223.pdf|
|22832|22832|80277698||BL_22832_22832_80277698_20251002_154739.pdf|
|22832|22832|80282811||BL_22832_22832_80282811_20251105_154707.pdf|
|22837|20198|80269310||BL_22837_20198_80269310_20250716_163234.pdf|
|22837|20198|80270205||BL_22837_20198_80270205_20250723_161654.pdf|
|22837|20198|80271213||BL_22837_20198_80271213_20250730_153451.pdf|
|22837|20198|80276844||BL_22837_20198_80276844_20250929_170226.pdf|
|22837|20198|80281681||BL_22837_20198_80281681_20251028_164730.pdf|
|22837|20198|80283379||BL_22837_20198_80283379_20251112_162209.pdf|
|22838|22838|80271357||BL_22838_22838_80271357_20250731_161740.pdf|
|22838|22838|80275292||BL_22838_22838_80275292_20250917_153403.pdf|
|22838|22838|80276932||BL_22838_22838_80276932_20250929_164958.pdf|
|22838|22838|80278525||BL_22838_22838_80278525_20251008_134505.pdf|
|22838|22838|80280274||BL_22838_22838_80280274_20251020_161726.pdf|
|22838|22838|80283110||BL_22838_22838_80283110_20251106_144745.pdf|
|22840|22840|80275301||BL_22840_22840_80275301_20250917_153229.pdf|
|22840|22840|80282245||BL_22840_22840_80282245_20251031_151635.pdf|
|22841|22841|80270407||BL_22841_22841_80270407_20250724_164700.pdf|
|22841|22841|80270528||BL_22841_22841_80270528_20250724_165954.pdf|
|22841|22841|80272295||BL_22841_22841_80272295_20250806_154739.pdf|
|22841|22841|80273863||BL_22841_22841_80273863_20250905_161125.pdf|
|22841|22841|80275288||BL_22841_22841_80275288_20250917_153210.pdf|
|22841|22841|80276085||BL_22841_22841_80276085_20250924_171826.pdf|
|22841|22841|80276824||BL_22841_22841_80276824_20250929_170150.pdf|
|22841|22841|80278222||BL_22841_22841_80278222_20251007_160813.pdf|
|22841|22841|80280136||BL_22841_22841_80280136_20251017_172208.pdf|
|22841|22841|80280663||BL_22841_22841_80280663_20251020_180743.pdf|
|22845|22845|80268911||BL_22845_22845_80268911_20250710_151805.pdf|
|22845|22845|80274791||BL_22845_22845_80274791_20250912_154951.pdf|
|22845|22845|80280829||BL_22845_22845_80280829_20251021_163502.pdf|
|22853|22853|80268919||BL_22853_22853_80268919_20250710_151757.pdf|
|22853|22853|80269157||BL_22853_22853_80269157_20250715_144700.pdf|
|22853|22853|80271569||BL_22853_22853_80271569_20250825_154721.pdf|
|22853|22853|80274252||BL_22853_22853_80274252_20250909_164635.pdf|
|22853|22853|80278270||BL_22853_22853_80278270_20251007_154843.pdf|
|22853|22853|80280777||BL_22853_22853_80280777_20251021_154921.pdf|
|22853|22853|80281233||BL_22853_22853_80281233_20251023_163121.pdf|
|22854|22854|80271885||BL_22854_22854_80271885_20250801_150128.pdf|
|22854|22854|80275587||BL_22854_22854_80275587_20250919_161742.pdf|
|22854|22854|80276246||BL_22854_22854_80276246_20250924_172109.pdf|
|22854|22854|80280093||BL_22854_22854_80280093_20251017_172054.pdf|
|22854|22854|80281771||BL_22854_22854_80281771_20251028_163737.pdf|
|22860|22860|80268691||BL_22860_22860_80268691_20250709_160224.pdf|
|22860|22860|80269414||BL_22860_22860_80269414_20250717_154718.pdf|
|22860|22860|80272047||BL_22860_22860_80272047_20250804_161918.pdf|
|22860|22860|80278116||BL_22860_22860_80278116_20251006_161301.pdf|
|22862|22862|80269610||BL_22862_22862_80269610_20250718_153315.pdf|
|22866|22866|80274663||BL_22866_22866_80274663_20250911_160955.pdf|
|22866|22866|80275053||BL_22866_22866_80275053_20250916_163203.pdf|
|22866|22866|80275197||BL_22866_22866_80275197_20250916_154746.pdf|
|22866|22866|80281338||BL_22866_22866_80281338_20251028_163208.pdf|
|22867|22867|80268253||BL_22867_22867_80268253_20250707_153550.pdf|
|22867|22867|80269058||BL_22867_22867_80269058_20250711_153131.pdf|
|22867|22867|80270683||BL_22867_22867_80270683_20250725_121207.pdf|
|22867|22867|80272296||BL_22867_22867_80272296_20250806_124016.pdf|
|22867|22867|80273295||BL_22867_22867_80273295_20250902_154738.pdf|
|22867|22867|80273428||BL_22867_22867_80273428_20250903_155852.pdf|
|22867|22867|80278288||BL_22867_22867_80278288_20251007_154832.pdf|
|22867|22867|80279381||BL_22867_22867_80279381_20251014_165936.pdf|
|22867|22867|80282289||BL_22867_22867_80282289_20251031_154821.pdf|
|22874|22874|80271497||BL_22874_22874_80271497_20250731_162859.pdf|
|22874|22874|80271634||BL_22874_22874_80271634_20250825_164000.pdf|
|22874|22874|80274792||BL_22874_22874_80274792_20250912_155004.pdf|
|22874|22874|80275046||BL_22874_22874_80275046_20250915_164909.pdf|
|22874|22874|80280774||BL_22874_22874_80280774_20251021_155005.pdf|
|22874|22874|80281210||BL_22874_22874_80281210_20251023_164932.pdf|
|22874|22874|80283513||BL_22874_22874_80283513_20251113_154752.pdf|
|22875|22875|80270811||BL_22875_22875_80270811_20250728_164959.pdf|
|22875|22875|80274444||BL_22875_22875_80274444_20250910_160613.pdf|
|22875|22875|80277514||BL_22875_22875_80277514_20250930_163953.pdf|
|22875|22875|80281974||BL_22875_22875_80281974_20251029_164025.pdf|
|22877|22877|80269409||BL_22877_22877_80269409_20250717_153136.pdf|
|22877|22877|80270985||BL_22877_22877_80270985_20250729_160336.pdf|
|22877|22877|80272710||BL_22877_22877_80272710_20250826_154803.pdf|
|22877|22877|80274627||BL_22877_22877_80274627_20250911_160548.pdf|
|22877|22877|80279002||BL_22877_22877_80279002_20251013_165022.pdf|
|22877|22877|80281019||BL_22877_22877_80281019_20251022_155856.pdf|
|22877|22877|80283072||BL_22877_22877_80283072_20251105_155220.pdf|
|22878|22878|80269013||BL_22878_22878_80269013_20250711_160458.pdf|
|22878|22878|80271828||BL_22878_22878_80271828_20250825_160518.pdf|
|22878|22878|80273000||BL_22878_22878_80273000_20250901_151621.pdf|
|22878|22878|80275006||BL_22878_22878_80275006_20250915_172007.pdf|
|22878|22878|80277061||BL_22878_22878_80277061_20250929_165315.pdf|
|22878|22878|80277611||BL_22878_22878_80277611_20251001_160211.pdf|
|22878|22878|80278960||BL_22878_22878_80278960_20251014_165126.pdf|
|22878|22878|80280282||BL_22878_22878_80280282_20251020_163345.pdf|
|22882|22882|80271186||BL_22882_22882_80271186_20250730_153406.pdf|
|22882|22882|80274395||BL_22882_22882_80274395_20250910_160502.pdf|
|22882|22882|80277756||BL_22882_22882_80277756_20251002_155547.pdf|
|22882|22882|80278614||BL_22882_22882_80278614_20251009_154706.pdf|
|22882|22882|80279166||BL_22882_22882_80279166_20251013_152323.pdf|
|22882|22882|80280601||BL_22882_22882_80280601_20251020_164103.pdf|
|22882|22882|80281532||BL_22882_22882_80281532_20251027_165019.pdf|
|22883|22883|80270607||BL_22883_22883_80270607_20250725_120547.pdf|
|22883|22883|80281790||BL_22883_22883_80281790_20251028_165331.pdf|
|22883|22883|80282175||BL_22883_22883_80282175_20251030_165101.pdf|
|22889|22889|80270685||BL_22889_22889_80270685_20250725_121157.pdf|
|22889|22889|80270824||BL_22889_22889_80270824_20250728_104542.pdf|
|22889|22889|80271001||BL_22889_22889_80271001_20250728_161559.pdf|
|22889|22889|80272340||BL_22889_22889_80272340_20250807_154733.pdf|
|22889|22889|80273286||BL_22889_22889_80273286_20250902_170848.pdf|
|22889|22889|80274790||BL_22889_22889_80274790_20250912_154942.pdf|
|22889|22889|80275544||BL_22889_22889_80275544_20250918_144759.pdf|
|22889|22889|80277557||BL_22889_22889_80277557_20250930_164148.pdf|
|22889|22889|80279939||BL_22889_22889_80279939_20251017_165112.pdf|
|22890|22890|80268693||BL_22890_22890_80268693_20250709_165120.pdf|
|22890|22890|80277809||BL_22890_22890_80277809_20251002_155557.pdf|
|22892|22892|80268890||BL_22892_22892_80268890_20250710_162742.pdf|
|22892|22892|80269590||BL_22892_22892_80269590_20250718_153406.pdf|
|22892|22892|80271857||BL_22892_22892_80271857_20250801_150209.pdf|
|22892|22892|80273309||BL_22892_22892_80273309_20250902_162325.pdf|
|22892|22892|80275181||BL_22892_22892_80275181_20250916_164636.pdf|
|22892|22892|80275365||BL_22892_22892_80275365_20250917_114537.pdf|
|22892|22892|80275379||BL_22892_22892_80275379_20250918_151619.pdf|
|22892|22892|80279656||BL_22892_22892_80279656_20251016_173246.pdf|
|22892|22892|80279817||BL_22892_22892_80279817_20251017_164621.pdf|
|22893|22893|80270947||BL_22893_22893_80270947_20250728_150502.pdf|
|22893|22893|80273220||BL_22893_22893_80273220_20250902_170755.pdf|
|22893|22893|80273917||BL_22893_22893_80273917_20250905_162010.pdf|
|22893|22893|80276079||BL_22893_22893_80276079_20250924_171733.pdf|
|22893|22893|80278440||BL_22893_22893_80278440_20251008_153140.pdf|
|22893|22893|80278976||BL_22893_22893_80278976_20251013_151859.pdf|
|22893|22893|80279471||BL_22893_22893_80279471_20251015_184638.pdf|
|22893|22893|80280135||BL_22893_22893_80280135_20251017_172210.pdf|
|22899|22899|80268428||BL_22899_22899_80268428_20250708_163134.pdf|
|22899|22899|80271687||BL_22899_22899_80271687_20250825_155339.pdf|
|22899|22899|80277746||BL_22899_22899_80277746_20251002_155226.pdf|
|22899|22899|80277925||BL_22899_22899_80277925_20251003_161902.pdf|
|22899|22899|80278753||BL_22899_22899_80278753_20251010_161633.pdf|
|22899|22899|80278905||BL_22899_22899_80278905_20251013_164859.pdf|
|22899|22899|80279206||BL_22899_22899_80279206_20251013_165317.pdf|
|22899|22899|80280001||BL_22899_22899_80280001_20251017_171850.pdf|
|22899|22899|80283134||BL_22899_22899_80283134_20251106_144704.pdf|
|22900|22900|80273621||BL_22900_22900_80273621_20250905_160404.pdf|
|22900|22900|80276068||BL_22900_22900_80276068_20250924_171749.pdf|
|22900|22900|80278597||BL_22900_22900_80278597_20251009_161853.pdf|
|22900|22900|80278674||BL_22900_22900_80278674_20251013_151715.pdf|
|22900|22900|80280125||BL_22900_22900_80280125_20251017_172222.pdf|
|22900|22900|80282692||BL_22900_22900_80282692_20251104_153225.pdf|
|22901|22901|80278057||BL_22901_22901_80278057_20251006_161006.pdf|
|22901|22901|80281041||BL_22901_22901_80281041_20251022_160129.pdf|
|22903|22903|80268370||BL_22903_22903_80268370_20250708_170432.pdf|
|22903|22903|80269357||BL_22903_22903_80269357_20250716_163600.pdf|
|22903|22903|80269390||BL_22903_22903_80269390_20250717_154623.pdf|
|22903|22903|80270496||BL_22903_22903_80270496_20250724_165401.pdf|
|22903|22903|80271920||BL_22903_22903_80271920_20250801_153644.pdf|
|22903|22903|80274266||BL_22903_22903_80274266_20250909_163423.pdf|
|22903|22903|80274889||BL_22903_22903_80274889_20250915_164725.pdf|
|22903|22903|80275647||BL_22903_22903_80275647_20250919_161843.pdf|
|22903|22903|80276297||BL_22903_22903_80276297_20250924_155050.pdf|
|22903|22903|80276298||BL_22903_22903_80276298_20250924_155045.pdf|
|22903|22903|80278273||BL_22903_22903_80278273_20251007_160603.pdf|
|22903|22903|80278446||BL_22903_22903_80278446_20251008_154923.pdf|
|22903|22903|80282723||BL_22903_22903_80282723_20251104_161017.pdf|
|22903|22903|80283159||BL_22903_22903_80283159_20251106_154751.pdf|
|22904|22904|80268483||BL_22904_22904_80268483_20250708_170940.pdf|
|22904|22904|80271383||BL_22904_22904_80271383_20250731_161808.pdf|
|22904|22904|80275138||BL_22904_22904_80275138_20250916_163934.pdf|
|22904|22904|80276202||BL_22904_22904_80276202_20250924_172003.pdf|
|22904|22904|80278590||BL_22904_22904_80278590_20251009_161935.pdf|
|22904|22904|80278971||BL_22904_22904_80278971_20251013_164742.pdf|
|22904|22904|80281489||BL_22904_22904_80281489_20251024_171256.pdf|
|22909|22909|80270693||BL_22909_22909_80270693_20250725_121059.pdf|
|22909|22909|80271592||BL_22909_22909_80271592_20250825_154832.pdf|
|22909|22909|80273294||BL_22909_22909_80273294_20250902_161957.pdf|
|22909|22909|80273429||BL_22909_22909_80273429_20250903_155849.pdf|
|22909|22909|80279277||BL_22909_22909_80279277_20251014_163805.pdf|
|22909|22909|80283349||BL_22909_22909_80283349_20251112_162005.pdf|
|22915|22915|80269512||BL_22915_22915_80269512_20250717_155536.pdf|
|22915|22915|80270217||BL_22915_22915_80270217_20250723_161715.pdf|
|22915|22915|80271206||BL_22915_22915_80271206_20250730_153319.pdf|
|22915|22915|80273162||BL_22915_22915_80273162_20250903_154823.pdf|
|22915|22915|80273459||BL_22915_22915_80273459_20250903_151738.pdf|
|22915|22915|80276400||BL_22915_22915_80276400_20250924_172412.pdf|
|22915|22915|80279509||BL_22915_22915_80279509_20251015_162050.pdf|
|22915|22915|80279899||BL_22915_22915_80279899_20251017_171705.pdf|
|22915|22915|80280503||BL_22915_22915_80280503_20251020_163746.pdf|
|22915|22915|80283113||BL_22915_22915_80283113_20251106_154622.pdf|
|22915|22915|80283673||BL_22915_22915_80283673_20251113_152003.pdf|
|22916|22916|80268645||BL_22916_22916_80268645_20250709_164659.pdf|
|22916|22916|80269770||BL_22916_22916_80269770_20250721_153112.pdf|
|22916|22916|80272628||BL_22916_22916_80272628_20250826_154650.pdf|
|22916|22916|80272910||BL_22916_22916_80272910_20250829_144837.pdf|
|22916|22916|80273103||BL_22916_22916_80273103_20250902_161707.pdf|
|22916|22916|80273468||BL_22916_22916_80273468_20250903_160325.pdf|
|22916|22916|80276070||BL_22916_22916_80276070_20250924_171746.pdf|
|22916|22916|80278885||BL_22916_22916_80278885_20251013_170308.pdf|
|22916|22916|80280151||BL_22916_22916_80280151_20251017_172253.pdf|
|22919|22919|80270679||BL_22919_22919_80270679_20250725_120852.pdf|
|22919|22919|80271596||BL_22919_22919_80271596_20250825_154816.pdf|
|22919|22919|80273745||BL_22919_22919_80273745_20250904_155806.pdf|
|22919|22919|80274138||BL_22919_22919_80274138_20250908_160216.pdf|
|22919|22919|80274796||BL_22919_22919_80274796_20250912_161306.pdf|
|22919|22919|80278872||BL_22919_22919_80278872_20251013_164659.pdf|
|22919|22919|80279373||BL_22919_22919_80279373_20251014_163825.pdf|
|22919|22919|80279573||BL_22919_22919_80279573_20251015_160313.pdf|
|22920|22920|80274706||BL_22920_22920_80274706_20250912_153115.pdf|
|22921|22921|80273153||BL_22921_22921_80273153_20250903_154913.pdf|
|22921|22921|80273154||BL_22921_22921_80273154_20250903_154908.pdf|
|22921|22921|80274540||BL_22921_22921_80274540_20250911_155517.pdf|
|22921|22921|80274946||BL_22921_22921_80274946_20250915_164811.pdf|
|22921|22921|80277191||BL_22921_22921_80277191_20250929_165641.pdf|
|22921|22921|80278722||BL_22921_22921_80278722_20251010_163126.pdf|
|22921|22921|80278732||BL_22921_22921_80278732_20251010_160411.pdf|
|22921|22921|80280554||BL_22921_22921_80280554_20251020_163915.pdf|
|22926|22926|80271904||BL_22926_22926_80271904_20250801_150107.pdf|
|22926|22926|80273110||BL_22926_22926_80273110_20250903_154719.pdf|
|22926|22926|80273474||BL_22926_22926_80273474_20250903_160234.pdf|
|22926|22926|80273733||BL_22926_22926_80273733_20250904_155933.pdf|
|22926|22926|80275091||BL_22926_22926_80275091_20250916_163443.pdf|
|22926|22926|80276374||BL_22926_22926_80276374_20250924_172346.pdf|
|22926|22926|80279864||BL_22926_22926_80279864_20251017_163459.pdf|
|22926|22926|80280469||BL_22926_22926_80280469_20251020_163712.pdf|
|22931|22931|80275174||BL_22931_22931_80275174_20250916_164747.pdf|
|22931|22931|80278310||BL_22931_22931_80278310_20251007_154904.pdf|
|22931|22931|80279664||BL_22931_22931_80279664_20251016_173631.pdf|
|22939|22939|80268444||BL_22939_22939_80268444_20250708_163121.pdf|
|22939|22939|80270244||BL_22939_22939_80270244_20250723_161953.pdf|
|22939|22939|80270633||BL_22939_22939_80270633_20250725_113125.pdf|
|22939|22939|80271705||BL_22939_22939_80271705_20250825_155525.pdf|
|22939|22939|80274415||BL_22939_22939_80274415_20250910_160808.pdf|
|22939|22939|80275152||BL_22939_22939_80275152_20250916_154623.pdf|
|22939|22939|80275570||BL_22939_22939_80275570_20250919_161720.pdf|
|22939|22939|80276249||BL_22939_22939_80276249_20250924_172215.pdf|
|22939|22939|80279746||BL_22939_22939_80279746_20251016_174909.pdf|
|22939|22939|80279894||BL_22939_22939_80279894_20251017_171718.pdf|
|22939|22939|80280096||BL_22939_22939_80280096_20251017_172051.pdf|
|22939|22939|80281925||BL_22939_22939_80281925_20251029_160150.pdf|
|22939|22939|80282160||BL_22939_22939_80282160_20251030_165115.pdf|
|22940|22940|80271202||BL_22940_22940_80271202_20250730_154728.pdf|
|22940|22940|80272652||BL_22940_22940_80272652_20250826_154633.pdf|
|22940|22940|80281807||BL_22940_22940_80281807_20251028_165323.pdf|
|22940|22940|80282056||BL_22940_22940_80282056_20251030_170256.pdf|
|22940|22940|80282791||BL_22940_22940_80282791_20251105_154734.pdf|
|22940|22940|80283570||BL_22940_22940_80283570_20251113_155211.pdf|
|22946|22946|80269407||BL_22946_22946_80269407_20250717_154805.pdf|
|22946|22946|80272394||BL_22946_22946_80272394_20250825_164233.pdf|
|22946|22946|80274774||BL_22946_22946_80274774_20250912_161102.pdf|
|22946|22946|80279946||BL_22946_22946_80279946_20251017_165255.pdf|
|22946|22946|80283547||BL_22946_22946_80283547_20251113_151638.pdf|
|22947|22947|80268206||BL_22947_22947_80268206_20250707_153135.pdf|
|22947|22947|80274449||BL_22947_22947_80274449_20250910_154955.pdf|
|22947|22947|80279554||BL_22947_22947_80279554_20251015_160334.pdf|
|22947|22947|80283362||BL_22947_22947_80283362_20251112_161836.pdf|
|22949|20216|80217487||BL_22949_20216_80217487_20240604_164614.pdf|
|22949|20216|80218729||BL_22949_20216_80218729_20240614_160323.pdf|
|22954|22954|80269982||BL_22954_22954_80269982_20250722_170229.pdf|
|22954|22954|80273099||BL_22954_22954_80273099_20250902_163113.pdf|
|22954|22954|80273523||BL_22954_22954_80273523_20250903_160630.pdf|
|22954|22954|80276119||BL_22954_22954_80276119_20250924_171843.pdf|
|22954|22954|80278565||BL_22954_22954_80278565_20251009_160403.pdf|
|22954|22954|80278692||BL_22954_22954_80278692_20251013_164715.pdf|
|22954|22954|80279000||BL_22954_22954_80279000_20251013_165024.pdf|
|22954|22954|80280147||BL_22954_22954_80280147_20251017_172259.pdf|
|22957|22957|80270517||BL_22957_22957_80270517_20250724_170116.pdf|
|22957|22957|80274123||BL_22957_22957_80274123_20250908_163227.pdf|
|22957|22957|80274246||BL_22957_22957_80274246_20250909_163151.pdf|
|22957|22957|80275193||BL_22957_22957_80275193_20250916_164950.pdf|
|22957|22957|80275194||BL_22957_22957_80275194_20250916_164948.pdf|
|22957|22957|80275989||BL_22957_22957_80275989_20250923_160344.pdf|
|22957|22957|80277962||BL_22957_22957_80277962_20251003_162405.pdf|
|22966|22966|80270033||BL_22966_22966_80270033_20250722_170916.pdf|
|22966|22966|80273882||BL_22966_22966_80273882_20250905_161411.pdf|
|22966|22966|80277291||BL_22966_22966_80277291_20250929_165841.pdf|
|22966|22966|80280455||BL_22966_22966_80280455_20251020_163739.pdf|
|22966|22966|80281280||BL_22966_22966_80281280_20251023_165246.pdf|
|22966|22966|80281608||BL_22966_22966_80281608_20251027_093047.pdf|
|22974|22974|80269223||BL_22974_22974_80269223_20250715_160710.pdf|
|22974|22974|80271570||BL_22974_22974_80271570_20250825_154716.pdf|
|22974|22974|80275474||BL_22974_22974_80275474_20250918_152706.pdf|
|22974|22974|80281010||BL_22974_22974_80281010_20251022_155545.pdf|
|22976|22976|80268876||BL_22976_22976_80268876_20250710_151857.pdf|
|22976|22976|80272350||BL_22976_22976_80272350_20250807_154842.pdf|
|22976|22976|80274287||BL_22976_22976_80274287_20250909_165032.pdf|
|22976|22976|80278304||BL_22976_22976_80278304_20251007_154927.pdf|
|22976|22976|80279960||BL_22976_22976_80279960_20251017_165427.pdf|
|22977|22977|80270860||BL_22977_22977_80270860_20250728_170605.pdf|
|22977|22977|80273115||BL_22977_22977_80273115_20250902_163140.pdf|
|22977|22977|80273476||BL_22977_22977_80273476_20250903_160213.pdf|
|22977|22977|80273628||BL_22977_22977_80273628_20250905_160311.pdf|
|22977|22977|80276059||BL_22977_22977_80276059_20250924_171654.pdf|
|22977|22977|80279352||BL_22977_22977_80279352_20251014_163842.pdf|
|22977|22977|80279437||BL_22977_22977_80279437_20251015_184711.pdf|
|22977|22977|80283243||BL_22977_22977_80283243_20251107_150351.pdf|
|22977|22977|80283676||BL_22977_22977_80283676_20251113_152000.pdf|
|22978|20219|80279697||BL_22978_20219_80279697_20251016_174137.pdf|
|22978|20219|80279867||BL_22978_20219_80279867_20251017_163440.pdf|
|22978|20219|80282843||BL_22978_20219_80282843_20251105_154744.pdf|
|22978|20219|80283111||BL_22978_20219_80283111_20251106_154617.pdf|
|22983|22983|80268460||BL_22983_22983_80268460_20250708_163256.pdf|
|22983|22983|80269485||BL_22983_22983_80269485_20250717_155329.pdf|
|22983|22983|80271777||BL_22983_22983_80271777_20250825_155954.pdf|
|22983|22983|80273491||BL_22983_22983_80273491_20250903_143438.pdf|
|22983|22983|80276120||BL_22983_22983_80276120_20250924_171841.pdf|
|22983|22983|80276853||BL_22983_22983_80276853_20250929_164758.pdf|
|22983|22983|80279700||BL_22983_22983_80279700_20251016_174107.pdf|
|22983|22983|80279902||BL_22983_22983_80279902_20251017_171700.pdf|
|22983|22983|80280116||BL_22983_22983_80280116_20251017_172129.pdf|
|22983|22983|80281957||BL_22983_22983_80281957_20251029_164156.pdf|
|22983|27127|80282010||BL_22983_27127_80282010_20251107_134603.pdf|
|22983|27127|80282759||BL_22983_27127_80282759_20251106_140506.pdf|
|22983|27127|80282760||BL_22983_27127_80282760_20251106_120307.pdf|
|22983|27127|80283244||BL_22983_27127_80283244_20251106_155006.pdf|
|22996|22996|80271790||BL_22996_22996_80271790_20250825_160209.pdf|
|22996|22996|80272995||BL_22996_22996_80272995_20250901_153553.pdf|
|22996|22996|80273129||BL_22996_22996_80273129_20250902_170434.pdf|
|22996|22996|80273726||BL_22996_22996_80273726_20250904_155458.pdf|
|22996|22996|80275750||BL_22996_22996_80275750_20250922_161931.pdf|
|22996|22996|80276163||BL_22996_22996_80276163_20250924_171951.pdf|
|22996|22996|80279020||BL_22996_22996_80279020_20251013_165303.pdf|
|22996|22996|80280150||BL_22996_22996_80280150_20251017_172255.pdf|
|22998|20224|80270316||BL_22998_20224_80270316_20250723_162231.pdf|
|22998|20224|80271427||BL_22998_20224_80271427_20250731_162341.pdf|
|22998|20224|80272469||BL_22998_20224_80272469_20250826_153108.pdf|
|22998|20224|80274222||BL_22998_20224_80274222_20250909_163344.pdf|
|22998|20224|80275173||BL_22998_20224_80275173_20250916_164757.pdf|
|22998|20224|80275471||BL_22998_20224_80275471_20250918_150302.pdf|
|22998|20224|80278103||BL_22998_20224_80278103_20251006_161410.pdf|
|22998|20224|80279553||BL_22998_20224_80279553_20251015_160343.pdf|
|22998|20224|80282244||BL_22998_20224_80282244_20251030_171659.pdf|
|22999|22999|80269218||BL_22999_22999_80269218_20250715_160732.pdf|
|22999|22999|80269811||BL_22999_22999_80269811_20250721_171721.pdf|
|22999|22999|80270075||BL_22999_22999_80270075_20250722_170950.pdf|
|22999|22999|80271600||BL_22999_22999_80271600_20250825_155037.pdf|
|22999|22999|80273276||BL_22999_22999_80273276_20250902_154650.pdf|
|22999|22999|80275642||BL_22999_22999_80275642_20250919_170013.pdf|
|22999|22999|80276296||BL_22999_22999_80276296_20250924_155052.pdf|
|22999|22999|80277581||BL_22999_22999_80277581_20250930_164253.pdf|
|22999|22999|80278445||BL_22999_22999_80278445_20251008_154925.pdf|
|22999|22999|80280679||BL_22999_22999_80280679_20251021_163408.pdf|
|22999|22999|80282111||BL_22999_22999_80282111_20251030_171141.pdf|
|22999|22999|80283369||BL_22999_22999_80283369_20251112_162237.pdf|
|22999|22999|80283488||BL_22999_22999_80283488_20251112_154645.pdf|
|23002|23002|80269747||BL_23002_23002_80269747_20250721_171623.pdf|
|23002|23002|80276491||BL_23002_23002_80276491_20250925_163413.pdf|
|23002|23002|80277084||BL_23002_23002_80277084_20250929_165347.pdf|
|23002|23002|80279748||BL_23002_23002_80279748_20251016_174835.pdf|
|23002|23002|80279896||BL_23002_23002_80279896_20251017_171711.pdf|
|23002|23002|80282884||BL_23002_23002_80282884_20251105_154857.pdf|
|23003|23003|80271446||BL_23003_23003_80271446_20250731_154839.pdf|
|23003|23003|80271642||BL_23003_23003_80271642_20250825_155049.pdf|
|23003|23003|80272369||BL_23003_23003_80272369_20250807_154922.pdf|
|23003|23003|80274654||BL_23003_23003_80274654_20250911_161105.pdf|
|23003|23003|80275455||BL_23003_23003_80275455_20250918_152420.pdf|
|23003|23003|80282269||BL_23003_23003_80282269_20251031_154809.pdf|
|23004|23004|80268515||BL_23004_23004_80268515_20250708_163333.pdf|
|23006|23006|80270638||BL_23006_23006_80270638_20250725_120756.pdf|
|23006|23006|80275569||BL_23006_23006_80275569_20250919_165336.pdf|
|23006|23006|80276248||BL_23006_23006_80276248_20250924_172216.pdf|
|23006|23006|80277764||BL_23006_23006_80277764_20251002_151825.pdf|
|23006|23006|80277899||BL_23006_23006_80277899_20251003_161739.pdf|
|23006|23006|80279112||BL_23006_23006_80279112_20251013_152049.pdf|
|23006|23006|80280095||BL_23006_23006_80280095_20251017_172053.pdf|
|23006|23006|80281566||BL_23006_23006_80281566_20251027_163648.pdf|
|23013|23013|80270624||BL_23013_23013_80270624_20250725_113138.pdf|
|23013|23013|80273898||BL_23013_23013_80273898_20250905_161730.pdf|
|23013|23013|80277285||BL_23013_23013_80277285_20250929_165851.pdf|
|23013|23013|80277457||BL_23013_23013_80277457_20250930_163622.pdf|
|23013|23013|80280448||BL_23013_23013_80280448_20251020_163728.pdf|
|23013|23013|80281115||BL_23013_23013_80281115_20251022_160304.pdf|
|23014|23014|80268248||BL_23014_23014_80268248_20250707_153625.pdf|
|23014|23014|80273211||BL_23014_23014_80273211_20250902_170512.pdf|
|23014|23014|80274899||BL_23014_23014_80274899_20250915_171132.pdf|
|23014|23014|80277038||BL_23014_23014_80277038_20250929_165248.pdf|
|23014|23014|80280314||BL_23014_23014_80280314_20251020_163424.pdf|
|23014|23014|80282390||BL_23014_23014_80282390_20251030_160529.pdf|
|23014|23014|80282673||BL_23014_23014_80282673_20251104_160607.pdf|
|23015|23015|80268522||BL_23015_23015_80268522_20250708_171041.pdf|
|23015|23015|80270300||BL_23015_23015_80270300_20250723_162325.pdf|
|23015|23015|80278920||BL_23015_23015_80278920_20251013_151726.pdf|
|23015|23015|80283064||BL_23015_23015_80283064_20251105_160859.pdf|
|23015|23015|80283149||BL_23015_23015_80283149_20251106_144843.pdf|
|23017|23017|80269800||BL_23017_23017_80269800_20250721_160539.pdf|
|23017|23017|80270872||BL_23017_23017_80270872_20250728_165414.pdf|
|23017|23017|80271768||BL_23017_23017_80271768_20250825_160041.pdf|
|23017|23017|80274387||BL_23017_23017_80274387_20250910_160550.pdf|
|23017|23017|80276234||BL_23017_23017_80276234_20250924_172127.pdf|
|23017|23017|80278874||BL_23017_23017_80278874_20251013_164640.pdf|
|23017|23017|80280184||BL_23017_23017_80280184_20251017_172310.pdf|
|23017|23017|80283568||BL_23017_23017_80283568_20251113_155215.pdf|
|23018|23018|80271760||BL_23018_23018_80271760_20250825_155804.pdf|
|23018|23018|80271994||BL_23018_23018_80271994_20250804_160304.pdf|
|23018|23018|80277445||BL_23018_23018_80277445_20250930_163259.pdf|
|23018|23018|80279492||BL_23018_23018_80279492_20251015_160256.pdf|
|23018|23018|80280069||BL_23018_23018_80280069_20251017_172024.pdf|
|23018|23018|80283138||BL_23018_23018_80283138_20251106_144908.pdf|
|23018|23018|80283586||BL_23018_23018_80283586_20251113_151821.pdf|
|23021|23021|80269513||BL_23021_23021_80269513_20250717_144629.pdf|
|23021|23021|80270478||BL_23021_23021_80270478_20250724_165141.pdf|
|23021|23021|80271065||BL_23021_23021_80271065_20250729_154736.pdf|
|23021|23021|80271226||BL_23021_23021_80271226_20250730_153431.pdf|
|23021|23021|80271665||BL_23021_23021_80271665_20250825_155218.pdf|
|23021|23021|80272983||BL_23021_23021_80272983_20250901_153711.pdf|
|23021|23021|80275706||BL_23021_23021_80275706_20250922_154730.pdf|
|23021|23021|80276739||BL_23021_23021_80276739_20250926_150303.pdf|
|23021|23021|80276823||BL_23021_23021_80276823_20250929_170147.pdf|
|23021|23021|80278184||BL_23021_23021_80278184_20251006_154851.pdf|
|23021|23021|80278980||BL_23021_23021_80278980_20251013_165042.pdf|
|23021|23021|80280073||BL_23021_23021_80280073_20251017_172120.pdf|
|23021|23021|80282328||BL_23021_23021_80282328_20251031_144612.pdf|
|23032|23032|80269764||BL_23032_23032_80269764_20250721_160410.pdf|
|23032|23032|80274742||BL_23032_23032_80274742_20250912_160333.pdf|
|23032|23032|80277004||BL_23032_23032_80277004_20250929_165127.pdf|
|23032|23032|80279881||BL_23032_23032_80279881_20251020_154721.pdf|
|23032|23032|80280294||BL_23032_23032_80280294_20251020_161719.pdf|
|23033|23033|80270625||BL_23033_23033_80270625_20250725_120412.pdf|
|23033|23033|80275907||BL_23033_23033_80275907_20250923_162136.pdf|
|23033|23033|80276542||BL_23033_23033_80276542_20250926_151626.pdf|
|23033|23033|80276861||BL_23033_23033_80276861_20250929_172203.pdf|
|23033|23033|80280101||BL_23033_23033_80280101_20251017_165637.pdf|
|23033|23033|80281429||BL_23033_23033_80281429_20251024_144724.pdf|
|23033|23033|80281544||BL_23033_23033_80281544_20251027_170129.pdf|
|23046|20229|80268855||BL_23046_20229_80268855_20250710_162343.pdf|
|23046|20229|80275328||BL_23046_20229_80275328_20250917_153721.pdf|
|23046|20229|80280673||BL_23046_20229_80280673_20251023_163301.pdf|
|23046|20229|80280722||BL_23046_20229_80280722_20251023_163249.pdf|
|23047|23047|80271415||BL_23047_23047_80271415_20250731_162445.pdf|
|23047|23047|80273205||BL_23047_23047_80273205_20250902_170539.pdf|
|23047|23047|80273512||BL_23047_23047_80273512_20250903_160717.pdf|
|23047|23047|80274734||BL_23047_23047_80274734_20250912_160422.pdf|
|23047|23047|80275156||BL_23047_23047_80275156_20250916_154618.pdf|
|23047|23047|80276106||BL_23047_23047_80276106_20250924_171801.pdf|
|23047|23047|80278961||BL_23047_23047_80278961_20251014_163454.pdf|
|23047|23047|80280052||BL_23047_23047_80280052_20251017_172047.pdf|
|23053|23053|80283405||BL_23053_23053_80283405_20251112_162417.pdf|
|23058|23058|80273919||BL_23058_23058_80273919_20250905_161950.pdf|
|23058|23058|80279677||BL_23058_23058_80279677_20251016_173550.pdf|
|23063|23063|80273660||BL_23063_23063_80273660_20250905_160447.pdf|
|23063|23063|80276500||BL_23063_23063_80276500_20250925_163847.pdf|
|23063|23063|80277123||BL_23063_23063_80277123_20250929_173630.pdf|
|23063|23063|80278578||BL_23063_23063_80278578_20251009_162036.pdf|
|23063|23063|80278708||BL_23063_23063_80278708_20251013_151813.pdf|
|23063|23063|80282833||BL_23063_23063_80282833_20251105_160300.pdf|
|23065|23065|80269335||BL_23065_23065_80269335_20250716_163410.pdf|
|23065|23065|80274012||BL_23065_23065_80274012_20250909_162001.pdf|
|23065|23065|80277278||BL_23065_23065_80277278_20250929_165903.pdf|
|23065|23065|80280441||BL_23065_23065_80280441_20251020_163635.pdf|
|23065|23065|80281411||BL_23065_23065_80281411_20251024_170422.pdf|
|23066|23066|80269835||BL_23066_23066_80269835_20250721_160705.pdf|
|23066|23066|80270808||BL_23066_23066_80270808_20250728_150139.pdf|
|23066|23066|80272125||BL_23066_23066_80272125_20250805_154633.pdf|
|23066|23066|80273285||BL_23066_23066_80273285_20250903_155530.pdf|
|23066|23066|80275727||BL_23066_23066_80275727_20250922_161745.pdf|
|23066|23066|80275987||BL_23066_23066_80275987_20250923_160347.pdf|
|23066|23066|80276299||BL_23066_23066_80276299_20250923_160408.pdf|
|23066|23066|80277564||BL_23066_23066_80277564_20250930_164202.pdf|
|23066|23066|80281976||BL_23066_23066_80281976_20251029_164409.pdf|
|23067|23067|80271421||BL_23067_23067_80271421_20250731_162409.pdf|
|23067|23067|80271750||BL_23067_23067_80271750_20250825_155847.pdf|
|23067|23067|80274398||BL_23067_23067_80274398_20250910_154739.pdf|
|23067|23067|80276225||BL_23067_23067_80276225_20250924_172047.pdf|
|23067|23067|80278940||BL_23067_23067_80278940_20251013_164829.pdf|
|23067|23067|80280191||BL_23067_23067_80280191_20251017_172405.pdf|
|23067|23067|80281915||BL_23067_23067_80281915_20251029_163504.pdf|
|23074|23074|80270904||BL_23074_23074_80270904_20250728_150401.pdf|
|23074|23074|80271711||BL_23074_23074_80271711_20250825_155511.pdf|
|23074|23074|80272720||BL_23074_23074_80272720_20250827_150255.pdf|
|23074|23074|80274258||BL_23074_23074_80274258_20250909_163544.pdf|
|23074|23074|80275402||BL_23074_23074_80275402_20250918_150215.pdf|
|23074|23074|80277194||BL_23074_23074_80277194_20250929_165636.pdf|
|23074|23074|80278751||BL_23074_23074_80278751_20251010_161639.pdf|
|23074|23074|80280613||BL_23074_23074_80280613_20251017_123058.pdf|
|23074|23074|80280876||BL_23074_23074_80280876_20251022_155513.pdf|
|23074|23074|80281716||BL_23074_23074_80281716_20251028_163536.pdf|
|23075|23075|80268641||BL_23075_23075_80268641_20250709_164724.pdf|
|23075|23075|80273256||BL_23075_23075_80273256_20250903_155306.pdf|
|23075|23075|80276494||BL_23075_23075_80276494_20250925_163352.pdf|
|23075|23075|80282439||BL_23075_23075_80282439_20251103_160219.pdf|
|23075|23075|80282886||BL_23075_23075_80282886_20251105_154854.pdf|
|23075|23075|80283598||BL_23075_23075_80283598_20251113_155423.pdf|
|23083|23083|80269816||BL_23083_23083_80269816_20250721_171750.pdf|
|23083|23083|80272051||BL_23083_23083_80272051_20250804_160439.pdf|
|23083|23083|80272407||BL_23083_23083_80272407_20250825_160623.pdf|
|23083|23083|80273920||BL_23083_23083_80273920_20250905_161944.pdf|
|23083|23083|80274789||BL_23083_23083_80274789_20250912_154930.pdf|
|23083|23083|80274817||BL_23083_23083_80274817_20250912_153230.pdf|
|23083|23083|80274942||BL_23083_23083_80274942_20250915_171914.pdf|
|23083|23083|80276042||BL_23083_23083_80276042_20250923_151620.pdf|
|23083|23083|80276432||BL_23083_23083_80276432_20250924_114531.pdf|
|23083|23083|80277577||BL_23083_23083_80277577_20250930_164309.pdf|
|23083|23083|80278362||BL_23083_23083_80278362_20251007_154939.pdf|
|23083|23083|80281181||BL_23083_23083_80281181_20251023_163232.pdf|
|23086|20239|80268285||BL_23086_20239_80268285_20250707_154610.pdf|
|23086|20239|80268985||BL_23086_20239_80268985_20250711_160320.pdf|
|23086|20239|80269317||BL_23086_20239_80269317_20250716_151641.pdf|
|23086|20239|80270612||BL_23086_20239_80270612_20250725_120459.pdf|
|23086|20239|80272792||BL_23086_20239_80272792_20250828_151630.pdf|
|23086|20239|80272882||BL_23086_20239_80272882_20250829_144740.pdf|
|23086|20239|80274612||BL_23086_20239_80274612_20250911_160347.pdf|
|23086|20239|80275546||BL_23086_20239_80275546_20250919_165116.pdf|
|23086|20239|80277153||BL_23086_20239_80277153_20250929_165525.pdf|
|23086|20239|80277628||BL_23086_20239_80277628_20251001_161756.pdf|
|23086|20239|80280402||BL_23086_20239_80280402_20251020_163620.pdf|
|23086|20239|80281066||BL_23086_20239_80281066_20251022_162433.pdf|
|23090|23090|80269701||BL_23090_23090_80269701_20250718_153957.pdf|
|23090|23090|80271262||BL_23090_23090_80271262_20250730_153626.pdf|
|23090|23090|80271562||BL_23090_23090_80271562_20250825_154752.pdf|
|23090|23090|80272145||BL_23090_23090_80272145_20250805_154729.pdf|
|23090|23090|80276305||BL_23090_23090_80276305_20250924_153132.pdf|
|23090|23090|80277504||BL_23090_23090_80277504_20250930_164022.pdf|
|23090|23090|80280667||BL_23090_23090_80280667_20251020_164050.pdf|
|23090|23090|80282037||BL_23090_23090_80282037_20251030_164628.pdf|
|23096|23096|80268219||BL_23096_23096_80268219_20250707_153234.pdf|
|23096|23096|80278738||BL_23096_23096_80278738_20251010_160352.pdf|
|23096|23096|80279042||BL_23096_23096_80279042_20251014_165441.pdf|
|23103|20242|80277621||BL_23103_20242_80277621_20251001_161845.pdf|
|23103|20242|80281753||BL_23103_20242_80281753_20251028_164827.pdf|
|23103|20242|80282168||BL_23103_20242_80282168_20251030_171504.pdf|
|23103|20242|80282814||BL_23103_20242_80282814_20251105_154808.pdf|
|23104|23104|80268306||BL_23104_23104_80268306_20250707_154220.pdf|
|23104|23104|80270885||BL_23104_23104_80270885_20250728_165731.pdf|
|23104|23104|80271150||BL_23104_23104_80271150_20250730_153124.pdf|
|23104|23104|80271709||BL_23104_23104_80271709_20250825_164151.pdf|
|23104|23104|80272751||BL_23104_23104_80272751_20250827_150324.pdf|
|23104|23104|80273878||BL_23104_23104_80273878_20250905_161430.pdf|
|23104|23104|80274087||BL_23104_23104_80274087_20250908_163305.pdf|
|23104|23104|80276092||BL_23104_23104_80276092_20250924_171815.pdf|
|23104|23104|80278880||BL_23104_23104_80278880_20251013_164922.pdf|
|23104|23104|80280217||BL_23104_23104_80280217_20251017_172416.pdf|
|23104|23104|80280704||BL_23104_23104_80280704_20251020_162008.pdf|
|23111|23111|80268258||BL_23111_23111_80268258_20250707_153919.pdf|
|23111|23111|80271453||BL_23111_23111_80271453_20250731_162656.pdf|
|23111|23111|80272904||BL_23111_23111_80272904_20250829_144804.pdf|
|23111|23111|80274220||BL_23111_23111_80274220_20250909_162904.pdf|
|23111|23111|80277196||BL_23111_23111_80277196_20250929_165633.pdf|
|23111|23111|80280593||BL_23111_23111_80280593_20251020_164114.pdf|
|23111|23111|80280853||BL_23111_23111_80280853_20251022_155059.pdf|
|23112|23112|80275406||BL_23112_23112_80275406_20250918_152002.pdf|
|23112|23112|80276974||BL_23112_23112_80276974_20250929_165001.pdf|
|23112|23112|80278224||BL_23112_23112_80278224_20251007_160739.pdf|
|23112|23112|80280369||BL_23112_23112_80280369_20251020_163530.pdf|
|23112|23112|80281911||BL_23112_23112_80281911_20251029_163520.pdf|
|23116|23116|80268274||BL_23116_23116_80268274_20250707_154115.pdf|
|23116|23116|80268923||BL_23116_23116_80268923_20250710_162937.pdf|
|23116|23116|80270442||BL_23116_23116_80270442_20250724_165044.pdf|
|23116|23116|80271627||BL_23116_23116_80271627_20250825_155139.pdf|
|23116|23116|80273750||BL_23116_23116_80273750_20250904_160120.pdf|
|23116|23116|80274805||BL_23116_23116_80274805_20250912_150202.pdf|
|23116|23116|80280654||BL_23116_23116_80280654_20251020_161739.pdf|
|23117|23117|80268482||BL_23117_23117_80268482_20250708_163216.pdf|
|23117|23117|80269008||BL_23117_23117_80269008_20250711_160550.pdf|
|23117|23117|80271140||BL_23117_23117_80271140_20250730_154614.pdf|
|23117|23117|80272873||BL_23117_23117_80272873_20250829_153249.pdf|
|23117|23117|80275714||BL_23117_23117_80275714_20250922_163154.pdf|
|23117|23117|80276288||BL_23117_23117_80276288_20250924_172300.pdf|
|23117|23117|80277127||BL_23117_23117_80277127_20250929_165457.pdf|
|23117|23117|80279098||BL_23117_23117_80279098_20251013_152128.pdf|
|23117|23117|80280345||BL_23117_23117_80280345_20251020_163458.pdf|
|23117|23117|80281385||BL_23117_23117_80281385_20251024_163334.pdf|
|23121|23121|80270921||BL_23121_23121_80270921_20250728_170324.pdf|
|23121|23121|80276871||BL_23121_23121_80276871_20250929_170934.pdf|
|23121|23121|80278898||BL_23121_23121_80278898_20251014_164702.pdf|
|23121|23121|80280061||BL_23121_23121_80280061_20251020_163231.pdf|
|23121|23121|80281432||BL_23121_23121_80281432_20251024_144719.pdf|
|23122|23122|80268433||BL_23122_23122_80268433_20250708_170845.pdf|
|23122|23122|80268842||BL_23122_23122_80268842_20250710_162414.pdf|
|23122|23122|80269457||BL_23122_23122_80269457_20250717_155140.pdf|
|23122|23122|80273042||BL_23122_23122_80273042_20250901_154021.pdf|
|23122|23122|80275590||BL_23122_23122_80275590_20250919_165553.pdf|
|23122|23122|80276963||BL_23122_23122_80276963_20250929_165028.pdf|
|23122|23122|80277615||BL_23122_23122_80277615_20251001_161857.pdf|
|23122|23122|80279743||BL_23122_23122_80279743_20251016_175000.pdf|
|23122|23122|80280363||BL_23122_23122_80280363_20251020_163436.pdf|
|23122|23122|80283619||BL_23122_23122_80283619_20251113_151926.pdf|
|23125|23125|80268471||BL_23125_23125_80268471_20250708_163224.pdf|
|23125|23125|80271431||BL_23125_23125_80271431_20250731_162316.pdf|
|23125|23125|80279308||BL_23125_23125_80279308_20251016_173425.pdf|
|23126|23126|80268451||BL_23126_23126_80268451_20250708_170746.pdf|
|23126|23126|80268990||BL_23126_23126_80268990_20250711_153106.pdf|
|23126|23126|80271374||BL_23126_23126_80271374_20250731_154758.pdf|
|23126|23126|80274928||BL_23126_23126_80274928_20250916_163256.pdf|
|23126|23126|80276121||BL_23126_23126_80276121_20250924_171840.pdf|
|23126|23126|80279307||BL_23126_23126_80279307_20251014_163513.pdf|
|23126|23126|80281315||BL_23126_23126_80281315_20251023_163958.pdf|
|23126|23126|80281419||BL_23126_23126_80281419_20251024_144647.pdf|
|23127|23127|80269609||BL_23127_23127_80269609_20250718_153321.pdf|
|23127|23127|80271724||BL_23127_23127_80271724_20250825_155723.pdf|
|23127|23127|80272757||BL_23127_23127_80272757_20250827_150309.pdf|
|23127|23127|80274515||BL_23127_23127_80274515_20250911_154740.pdf|
|23127|23127|80276269||BL_23127_23127_80276269_20250924_172148.pdf|
|23127|23127|80277306||BL_23127_23127_80277306_20250929_165924.pdf|
|23127|23127|80279284||BL_23127_23127_80279284_20251021_154650.pdf|
|23127|23127|80280514||BL_23127_23127_80280514_20251020_163900.pdf|
|23135|23135|80271243||BL_23135_23135_80271243_20250730_154645.pdf|
|23135|23135|80272822||BL_23135_23135_80272822_20250828_151732.pdf|
|23135|23135|80274896||BL_23135_23135_80274896_20250915_171148.pdf|
|23135|23135|80275205||BL_23135_23135_80275205_20250916_164836.pdf|
|23135|23135|80279400||BL_23135_23135_80279400_20251014_170215.pdf|
|23138|23138|80272827||BL_23138_23138_80272827_20250828_144656.pdf|
|23138|23138|80273300||BL_23138_23138_80273300_20250902_170842.pdf|
|23138|23138|80273985||BL_23138_23138_80273985_20250909_161843.pdf|
|23138|23138|80280767||BL_23138_23138_80280767_20251022_162057.pdf|
|23140|23140|80276893||BL_23140_23140_80276893_20250929_171125.pdf|
|23140|23140|80279155||BL_23140_23140_80279155_20251013_152352.pdf|
|23140|23140|80280303||BL_23140_23140_80280303_20251020_163311.pdf|
|23140|23140|80282634||BL_23140_23140_80282634_20251104_160152.pdf|
|23141|23141|80269194||BL_23141_23141_80269194_20250715_160608.pdf|
|23141|23141|80269505||BL_23141_23141_80269505_20250717_153156.pdf|
|23141|23141|80271658||BL_23141_23141_80271658_20250825_155239.pdf|
|23141|23141|80275401||BL_23141_23141_80275401_20250918_152059.pdf|
|23141|23141|80276978||BL_23141_23141_80276978_20250929_165103.pdf|
|23141|23141|80280373||BL_23141_23141_80280373_20251020_163535.pdf|
|23141|23141|80282460||BL_23141_23141_80282460_20251103_160315.pdf|
|23145|23145|80275718||BL_23145_23145_80275718_20250922_161835.pdf|
|23145|23145|80275877||BL_23145_23145_80275877_20250923_160219.pdf|
|23145|23145|80276050||BL_23145_23145_80276050_20250924_171705.pdf|
|23146|23146|80269424||BL_23146_23146_80269424_20250717_154644.pdf|
|23146|23146|80270711||BL_23146_23146_80270711_20250725_111602.pdf|
|23146|23146|80270825||BL_23146_23146_80270825_20250728_104544.pdf|
|23146|23146|80273337||BL_23146_23146_80273337_20250902_162253.pdf|
|23146|23146|80275493||BL_23146_23146_80275493_20250918_141757.pdf|
|23146|23146|80276603||BL_23146_23146_80276603_20250925_161928.pdf|
|23146|23146|80276764||BL_23146_23146_80276764_20250926_163121.pdf|
|23146|23146|80281020||BL_23146_23146_80281020_20251022_155848.pdf|
|23146|23146|80282287||BL_23146_23146_80282287_20251031_154826.pdf|
|23146|23146|80283374||BL_23146_23146_80283374_20251112_162224.pdf|
|23147|23147|80270233||BL_23147_23147_80270233_20250723_161747.pdf|
|23147|23147|80271236||BL_23147_23147_80271236_20250730_153542.pdf|
|23147|23147|80271807||BL_23147_23147_80271807_20250825_160352.pdf|
|23147|23147|80273096||BL_23147_23147_80273096_20250903_143106.pdf|
|23147|23147|80275906||BL_23147_23147_80275906_20250923_162151.pdf|
|23147|23147|80276103||BL_23147_23147_80276103_20250924_154740.pdf|
|23147|23147|80276869||BL_23147_23147_80276869_20250929_164924.pdf|
|23147|23147|80279081||BL_23147_23147_80279081_20251013_152035.pdf|
|23147|23147|80279290||BL_23147_23147_80279290_20251014_165659.pdf|
|23147|23147|80279895||BL_23147_23147_80279895_20251017_171716.pdf|
|23147|23147|80280100||BL_23147_23147_80280100_20251017_172150.pdf|
|23147|23147|80280945||BL_23147_23147_80280945_20251021_090355.pdf|
|23147|23147|80281262||BL_23147_23147_80281262_20251023_163442.pdf|
|23147|23147|80281263||BL_23147_23147_80281263_20251023_163402.pdf|
|23147|23147|80283253||BL_23147_23147_80283253_20251107_143134.pdf|
|23147|23147|80283651||BL_23147_23147_80283651_20251113_155610.pdf|
|23150|23150|80268826||BL_23150_23150_80268826_20250710_162131.pdf|
|23150|23150|80270242||BL_23150_23150_80270242_20250723_161957.pdf|
|23150|23150|80270620||BL_23150_23150_80270620_20250725_120418.pdf|
|23150|23150|80270886||BL_23150_23150_80270886_20250728_165713.pdf|
|23150|23150|80272603||BL_23150_23150_80272603_20250826_153131.pdf|
|23150|23150|80274388||BL_23150_23150_80274388_20250910_154646.pdf|
|23150|23150|80274923||BL_23150_23150_80274923_20250915_164705.pdf|
|23150|23150|80276236||BL_23150_23150_80276236_20250924_172124.pdf|
|23150|23150|80276444||BL_23150_23150_80276444_20250924_122022.pdf|
|23150|23150|80278869||BL_23150_23150_80278869_20251013_151754.pdf|
|23150|23150|80279300||BL_23150_23150_80279300_20251014_163528.pdf|
|23150|23150|80280183||BL_23150_23150_80280183_20251017_172312.pdf|
|23150|23150|80281349||BL_23150_23150_80281349_20251024_170413.pdf|
|23150|23150|80282683||BL_23150_23150_80282683_20251104_160543.pdf|
|23151|23151|80268882||BL_23151_23151_80268882_20250710_162824.pdf|
|23151|23151|80272059||BL_23151_23151_80272059_20250804_160428.pdf|
|23151|23151|80273009||BL_23151_23151_80273009_20250901_153900.pdf|
|23151|23151|80274440||BL_23151_23151_80274440_20250910_160657.pdf|
|23151|23151|80275736||BL_23151_23151_80275736_20250922_180115.pdf|
|23151|23151|80277512||BL_23151_23151_80277512_20250930_164002.pdf|
|23151|23151|80278269||BL_23151_23151_80278269_20251007_154845.pdf|
|23151|23151|80282107||BL_23151_23151_80282107_20251030_164923.pdf|
|23153|23153|80269758||BL_23153_23153_80269758_20250721_160437.pdf|
|23153|23153|80270611||BL_23153_23153_80270611_20250725_120511.pdf|
|23153|23153|80271172||BL_23153_23153_80271172_20250730_153240.pdf|
|23153|23153|80274226||BL_23153_23153_80274226_20250909_163331.pdf|
|23153|23153|80274412||BL_23153_23153_80274412_20250910_160228.pdf|
|23153|23153|80274579||BL_23153_23153_80274579_20250911_155920.pdf|
|23153|23153|80276115||BL_23153_23153_80276115_20250924_171849.pdf|
|23153|23153|80276722||BL_23153_23153_80276722_20250926_150330.pdf|
|23153|23153|80280175||BL_23153_23153_80280175_20251017_172324.pdf|
|23153|23153|80281948||BL_23153_23153_80281948_20251029_163752.pdf|
|23153|23153|80282314||BL_23153_23153_80282314_20251031_155043.pdf|
|23155|23155|80268991||BL_23155_23155_80268991_20250711_124604.pdf|
|23155|23155|80270510||BL_23155_23155_80270510_20250724_165720.pdf|
|23155|23155|80271138||BL_23155_23155_80271138_20250730_153149.pdf|
|23155|23155|80275413||BL_23155_23155_80275413_20250918_141707.pdf|
|23155|23155|80276237||BL_23155_23155_80276237_20250924_172122.pdf|
|23155|23155|80278193||BL_23155_23155_80278193_20251007_154718.pdf|
|23155|23155|80279875||BL_23155_23155_80279875_20251017_163334.pdf|
|23155|23155|80280057||BL_23155_23155_80280057_20251017_172039.pdf|
|23155|23155|80282353||BL_23155_23155_80282353_20251031_155236.pdf|
|23156|23156|80270656||BL_23156_23156_80270656_20250725_120610.pdf|
|23156|23156|80273141||BL_23156_23156_80273141_20250903_154932.pdf|
|23156|23156|80274748||BL_23156_23156_80274748_20250912_160843.pdf|
|23156|23156|80276709||BL_23156_23156_80276709_20250926_153139.pdf|
|23156|23156|80276811||BL_23156_23156_80276811_20250929_164706.pdf|
|23156|23156|80277020||BL_23156_23156_80277020_20250929_165210.pdf|
|23156|23156|80278569||BL_23156_23156_80278569_20251009_161630.pdf|
|23156|23156|80278718||BL_23156_23156_80278718_20251013_170126.pdf|
|23156|23156|80280546||BL_23156_23156_80280546_20251020_163941.pdf|
|23156|23156|80283286||BL_23156_23156_80283286_20251107_150445.pdf|
|23158|23158|80270063||BL_23158_23158_80270063_20250722_161611.pdf|
|23158|23158|80270995||BL_23158_23158_80270995_20250729_160237.pdf|
|23158|23158|80271499||BL_23158_23158_80271499_20250731_155052.pdf|
|23158|23158|80272057||BL_23158_23158_80272057_20250804_160432.pdf|
|23158|23158|80272834||BL_23158_23158_80272834_20250828_144635.pdf|
|23158|23158|80274245||BL_23158_23158_80274245_20250909_163154.pdf|
|23158|23158|80277500||BL_23158_23158_80277500_20250930_170153.pdf|
|23158|23158|80277501||BL_23158_23158_80277501_20250930_170156.pdf|
|23158|23158|80277824||BL_23158_23158_80277824_20251002_151933.pdf|
|23158|23158|80278254||BL_23158_23158_80278254_20251007_154741.pdf|
|23158|23158|80281372||BL_23158_23158_80281372_20251024_170358.pdf|
|23160|23160|80270230||BL_23160_23160_80270230_20250723_161802.pdf|
|23160|23160|80270897||BL_23160_23160_80270897_20250728_170114.pdf|
|23160|23160|80271997||BL_23160_23160_80271997_20250804_161736.pdf|
|23160|23160|80275752||BL_23160_23160_80275752_20250922_161929.pdf|
|23160|23160|80276252||BL_23160_23160_80276252_20250924_172210.pdf|
|23160|23160|80278735||BL_23160_23160_80278735_20251010_161651.pdf|
|23160|23160|80279043||BL_23160_23160_80279043_20251013_165145.pdf|
|23160|23160|80281525||BL_23160_23160_80281525_20251027_165041.pdf|
|23160|23160|80283584||BL_23160_23160_80283584_20251113_155046.pdf|
|23164|23164|80269515||BL_23164_23164_80269515_20250717_155837.pdf|
|23164|23164|80274262||BL_23164_23164_80274262_20250909_163501.pdf|
|23164|23164|80274914||BL_23164_23164_80274914_20250915_171452.pdf|
|23164|23164|80277192||BL_23164_23164_80277192_20250929_165639.pdf|
|23164|23164|80280611||BL_23164_23164_80280611_20251017_123055.pdf|
|23164|23164|80281070||BL_23164_23164_80281070_20251022_160359.pdf|
|23164|23164|80281718||BL_23164_23164_80281718_20251028_163533.pdf|
|23168|23168|80270631||BL_23168_23168_80270631_20250725_120840.pdf|
|23168|23168|80271796||BL_23168_23168_80271796_20250825_160141.pdf|
|23168|23168|80274498||BL_23168_23168_80274498_20250911_154642.pdf|
|23168|23168|80275783||BL_23168_23168_80275783_20250922_154634.pdf|
|23168|23168|80275904||BL_23168_23168_80275904_20250923_162200.pdf|
|23168|23168|80276544||BL_23168_23168_80276544_20250925_161753.pdf|
|23168|23168|80277170||BL_23168_23168_80277170_20250929_165607.pdf|
|23168|23168|80278926||BL_23168_23168_80278926_20251013_151906.pdf|
|23168|23168|80281264||BL_23168_23168_80281264_20251023_164944.pdf|
|23168|23168|80281265||BL_23168_23168_80281265_20251023_164936.pdf|
|23168|23168|80281417||BL_23168_23168_80281417_20251024_144645.pdf|
|23168|23168|80281693||BL_23168_23168_80281693_20251028_163500.pdf|
|23168|23168|80283118||BL_23168_23168_80283118_20251106_144728.pdf|
|23168|23168|80283288||BL_23168_23168_80283288_20251107_093041.pdf|
|23170|23170|80269773||BL_23170_23170_80269773_20250721_160307.pdf|
|23170|23170|80273177||BL_23170_23170_80273177_20250902_163409.pdf|
|23170|23170|80273483||BL_23170_23170_80273483_20250903_160144.pdf|
|23170|23170|80274941||BL_23170_23170_80274941_20250915_164649.pdf|
|23170|23170|80276053||BL_23170_23170_80276053_20250924_171704.pdf|
|23170|23170|80278198||BL_23170_23170_80278198_20251007_154711.pdf|
|23170|23170|80280156||BL_23170_23170_80280156_20251017_172247.pdf|
|23170|23170|80280765||BL_23170_23170_80280765_20251020_162132.pdf|
|23170|23170|80281251||BL_23170_23170_80281251_20251023_163600.pdf|
|23174|23174|80269656||BL_23174_23174_80269656_20250718_153934.pdf|
|23174|23174|80271721||BL_23174_23174_80271721_20250825_164138.pdf|
|23174|23174|80276747||BL_23174_23174_80276747_20250926_153848.pdf|
|23174|23174|80276876||BL_23174_23174_80276876_20250929_170921.pdf|
|23174|23174|80282306||BL_23174_23174_80282306_20251031_155121.pdf|
|23174|23174|80282917||BL_23174_23174_80282917_20251105_155020.pdf|
|23175|23175|80268400||BL_23175_23175_80268400_20250708_160250.pdf|
|23175|23175|80270256||BL_23175_23175_80270256_20250723_162123.pdf|
|23175|23175|80271683||BL_23175_23175_80271683_20250825_155350.pdf|
|23175|23175|80276875||BL_23175_23175_80276875_20250929_170923.pdf|
|23175|23175|80279790||BL_23175_23175_80279790_20251016_175057.pdf|
|23175|23175|80279862||BL_23175_23175_80279862_20251017_164859.pdf|
|23175|23175|80281433||BL_23175_23175_80281433_20251024_144718.pdf|
|23179|23179|80269402||BL_23179_23179_80269402_20250717_154638.pdf|
|23179|23179|80273301||BL_23179_23179_80273301_20250903_155453.pdf|
|23179|23179|80274898||BL_23179_23179_80274898_20250916_163303.pdf|
|23179|23179|80280833||BL_23179_23179_80280833_20251022_154816.pdf|
|23180|23180|80268776||BL_23180_23180_80268776_20250710_161714.pdf|
|23180|23180|80269308||BL_23180_23180_80269308_20250716_151634.pdf|
|23180|23180|80275547||BL_23180_23180_80275547_20250919_165104.pdf|
|23180|23180|80276107||BL_23180_23180_80276107_20250924_154732.pdf|
|23180|23180|80276247||BL_23180_23180_80276247_20250924_154938.pdf|
|23180|23180|80280091||BL_23180_23180_80280091_20251017_172057.pdf|
|23180|23180|80280858||BL_23180_23180_80280858_20251021_163852.pdf|
|23180|23180|80282149||BL_23180_23180_80282149_20251030_171310.pdf|
|23180|23180|80282150||BL_23180_23180_80282150_20251030_171307.pdf|
|23182|23182|80270235||BL_23182_23182_80270235_20250723_161726.pdf|
|23182|23182|80272916||BL_23182_23182_80272916_20250829_153406.pdf|
|23182|23182|80274386||BL_23182_23182_80274386_20250910_160225.pdf|
|23182|23182|80276690||BL_23182_23182_80276690_20250926_153329.pdf|
|23182|23182|80277110||BL_23182_23182_80277110_20250929_165414.pdf|
|23182|23182|80280339||BL_23182_23182_80280339_20251020_163449.pdf|
|23182|23182|80281808||BL_23182_23182_80281808_20251028_164010.pdf|
|23182|23182|80282670||BL_23182_23182_80282670_20251104_160627.pdf|
|23182|23182|80283035||BL_23182_23182_80283035_20251105_155156.pdf|
|23183|23183|80273706||BL_23183_23183_80273706_20250904_155347.pdf|
|23183|23183|80275298||BL_23183_23183_80275298_20250917_153252.pdf|
|23183|23183|80276934||BL_23183_23183_80276934_20250929_164954.pdf|
|23183|23183|80278901||BL_23183_23183_80278901_20251014_164647.pdf|
|23183|23183|80280277||BL_23183_23183_80280277_20251020_163341.pdf|
|23185|23185|80269189||BL_23185_23185_80269189_20250715_150314.pdf|
|23185|23185|80277910||BL_23185_23185_80277910_20251003_162116.pdf|
|23185|23185|80282816||BL_23185_23185_80282816_20251105_160326.pdf|
|23189|23189|80282166||BL_23189_23189_80282166_20251030_171510.pdf|
|23189|23189|80282263||BL_23189_23189_80282263_20251031_154733.pdf|
|23189|23189|80282264||BL_23189_23189_80282264_20251031_154735.pdf|
|23189|23189|80282825||BL_23189_23189_80282825_20251105_154752.pdf|
|23190|20294|80277424||BL_23190_20294_80277424_20250930_163355.pdf|
|23190|20294|80282806||BL_23190_20294_80282806_20251105_154715.pdf|
|23190|23190|80270845||BL_23190_23190_80270845_20250728_165237.pdf|
|23190|23190|80271019||BL_23190_23190_80271019_20250729_160431.pdf|
|23190|23190|80273125||BL_23190_23190_80273125_20250902_170254.pdf|
|23190|23190|80277423||BL_23190_23190_80277423_20251001_143101.pdf|
|23190|23190|80277454||BL_23190_23190_80277454_20251001_143114.pdf|
|23190|23190|80279315||BL_23190_23190_80279315_20251014_165557.pdf|
|23190|23190|80279489||BL_23190_23190_80279489_20251015_160301.pdf|
|23190|23190|80282805||BL_23190_23190_80282805_20251105_154716.pdf|
|23195|23195|80268810||BL_23195_23195_80268810_20250710_161851.pdf|
|23195|23195|80269209||BL_23195_23195_80269209_20250715_160753.pdf|
|23195|23195|80270917||BL_23195_23195_80270917_20250728_165906.pdf|
|23195|23195|80274277||BL_23195_23195_80274277_20250909_163829.pdf|
|23195|23195|80274604||BL_23195_23195_80274604_20250911_160435.pdf|
|23195|23195|80277613||BL_23195_23195_80277613_20251001_161648.pdf|
|23195|23195|80281564||BL_23195_23195_80281564_20251027_165219.pdf|
|23195|23195|80282052||BL_23195_23195_80282052_20251030_170319.pdf|
|23195|23195|80282053||BL_23195_23195_80282053_20251030_170317.pdf|
|23195|23195|80282810||BL_23195_23195_80282810_20251105_154708.pdf|
|23196|23196|80272714||BL_23196_23196_80272714_20250827_150115.pdf|
|23196|23196|80274921||BL_23196_23196_80274921_20250915_164709.pdf|
|23196|23196|80275297||BL_23196_23196_80275297_20250917_153257.pdf|
|23196|23196|80276285||BL_23196_23196_80276285_20250924_172303.pdf|
|23197|23197|80274110||BL_23197_23197_80274110_20250909_162711.pdf|
|23197|23197|80274733||BL_23197_23197_80274733_20250912_160425.pdf|
|23197|23197|80276280||BL_23197_23197_80276280_20250924_155205.pdf|
|23197|23197|80276489||BL_23197_23197_80276489_20250925_161638.pdf|
|23197|23197|80277085||BL_23197_23197_80277085_20250929_165346.pdf|
|23197|23197|80281770||BL_23197_23197_80281770_20251028_165044.pdf|
|23197|23197|80282883||BL_23197_23197_80282883_20251105_154859.pdf|
|23200|23200|80269411||BL_23200_23200_80269411_20250717_154752.pdf|
|23200|23200|80271549||BL_23200_23200_80271549_20250731_154954.pdf|
|23200|23200|80271566||BL_23200_23200_80271566_20250825_154737.pdf|
|23200|23200|80271964||BL_23200_23200_80271964_20250801_153734.pdf|
|23200|23200|80275199||BL_23200_23200_80275199_20250916_164923.pdf|
|23200|23200|80276044||BL_23200_23200_80276044_20250924_171712.pdf|
|23200|23200|80279259||BL_23200_23200_80279259_20251014_165722.pdf|
|23200|23200|80279278||BL_23200_23200_80279278_20251014_163753.pdf|
|23200|23200|80280816||BL_23200_23200_80280816_20251021_163520.pdf|
|23200|23200|80281039||BL_23200_23200_80281039_20251022_160137.pdf|
|23200|23200|80281213||BL_23200_23200_80281213_20251023_164923.pdf|
|23203|23203|80268662||BL_23203_23203_80268662_20250709_160254.pdf|
|23203|23203|80271274||BL_23203_23203_80271274_20250730_153616.pdf|
|23203|23203|80273269||BL_23203_23203_80273269_20250902_120106.pdf|
|23203|23203|80273385||BL_23203_23203_80273385_20250903_143123.pdf|
|23203|23203|80279376||BL_23203_23203_80279376_20251014_164014.pdf|
|23203|23203|80281221||BL_23203_23203_80281221_20251023_164824.pdf|
|23207|23207|80273992||BL_23207_23207_80273992_20250909_161743.pdf|
|23207|23207|80276313||BL_23207_23207_80276313_20250924_172233.pdf|
|23207|23207|80277549||BL_23207_23207_80277549_20250930_164229.pdf|
|23207|23207|80281599||BL_23207_23207_80281599_20251027_165504.pdf|
|23208|23208|80268472||BL_23208_23208_80268472_20250708_163222.pdf|
|23208|23208|80271373||BL_23208_23208_80271373_20250731_161901.pdf|
|23208|23208|80273025||BL_23208_23208_80273025_20250901_153808.pdf|
|23208|23208|80273488||BL_23208_23208_80273488_20250903_160549.pdf|
|23208|23208|80275959||BL_23208_23208_80275959_20250923_160243.pdf|
|23208|23208|80276073||BL_23208_23208_80276073_20250924_171741.pdf|
|23208|23208|80277638||BL_23208_23208_80277638_20251001_160249.pdf|
|23208|23208|80277900||BL_23208_23208_80277900_20251003_161736.pdf|
|23208|23208|80279183||BL_23208_23208_80279183_20251013_152423.pdf|
|23208|23208|80279292||BL_23208_23208_80279292_20251014_163751.pdf|
|23208|23208|80280115||BL_23208_23208_80280115_20251017_172131.pdf|
|23208|23208|80282677||BL_23208_23208_80282677_20251104_160127.pdf|
|23209|20253|80270248||BL_23209_20253_80270248_20250723_161945.pdf|
|23209|20253|80270866||BL_23209_20253_80270866_20250728_165441.pdf|
|23209|20253|80272901||BL_23209_20253_80272901_20250829_144623.pdf|
|23209|20253|80273246||BL_23209_20253_80273246_20250902_170652.pdf|
|23209|20253|80274380||BL_23209_20253_80274380_20250910_154626.pdf|
|23209|20253|80274390||BL_23209_20253_80274390_20250910_154837.pdf|
|23209|20253|80275558||BL_23209_20253_80275558_20250919_164907.pdf|
|23209|20253|80276112||BL_23209_20253_80276112_20250924_171854.pdf|
|23209|20253|80279745||BL_23209_20253_80279745_20251016_174947.pdf|
|23209|20253|80279893||BL_23209_20253_80279893_20251017_171722.pdf|
|23209|20253|80280087||BL_23209_20253_80280087_20251017_165649.pdf|
|23210|23210|80270519||BL_23210_23210_80270519_20250724_170053.pdf|
|23210|23210|80270807||BL_23210_23210_80270807_20250728_150137.pdf|
|23210|23210|80272380||BL_23210_23210_80272380_20250807_154907.pdf|
|23210|23210|80273370||BL_23210_23210_80273370_20250902_162355.pdf|
|23210|23210|80275859||BL_23210_23210_80275859_20250923_160133.pdf|
|23210|23210|80278122||BL_23210_23210_80278122_20251006_154840.pdf|
|23210|23210|80280819||BL_23210_23210_80280819_20251021_163512.pdf|
|23210|23210|80283551||BL_23210_23210_80283551_20251113_154915.pdf|
|23214|23214|80270012||BL_23214_23214_80270012_20250722_170723.pdf|
|23214|23214|80270403||BL_23214_23214_80270403_20250724_164643.pdf|
|23214|23214|80271195||BL_23214_23214_80271195_20250730_153339.pdf|
|23214|23214|80272634||BL_23214_23214_80272634_20250826_153146.pdf|
|23214|23214|80273457||BL_23214_23214_80273457_20250903_160006.pdf|
|23214|23214|80275143||BL_23214_23214_80275143_20250916_163853.pdf|
|23214|23214|80276872||BL_23214_23214_80276872_20250929_170925.pdf|
|23214|23214|80279339||BL_23214_23214_80279339_20251014_163915.pdf|
|23214|23214|80279438||BL_23214_23214_80279438_20251015_161635.pdf|
|23214|23214|80279439||BL_23214_23214_80279439_20251015_161840.pdf|
|23214|23214|80280009||BL_23214_23214_80280009_20251017_171937.pdf|
|23214|23214|80281082||BL_23214_23214_80281082_20251022_153255.pdf|
|23214|23214|80281431||BL_23214_23214_80281431_20251024_144721.pdf|
|23215|23215|80269068||BL_23215_23215_80269068_20250711_161124.pdf|
|23215|23215|80270289||BL_23215_23215_80270289_20250723_162150.pdf|
|23215|23215|80273767||BL_23215_23215_80273767_20250904_160313.pdf|
|23215|23215|80278923||BL_23215_23215_80278923_20251014_164929.pdf|
|23222|23222|80268866||BL_23222_23222_80268866_20250710_162615.pdf|
|23222|23222|80269856||BL_23222_23222_80269856_20250721_160917.pdf|
|23222|23222|80276028||BL_23222_23222_80276028_20250924_154625.pdf|
|23222|23222|80281872||BL_23222_23222_80281872_20251029_160219.pdf|
|23222|23222|80282074||BL_23222_23222_80282074_20251030_170614.pdf|
|23223|23223|80269460||BL_23223_23223_80269460_20250717_155126.pdf|
|23223|23223|80275000||BL_23223_23223_80275000_20250915_172102.pdf|
|23223|23223|80277060||BL_23223_23223_80277060_20250929_165317.pdf|
|23223|23223|80280281||BL_23223_23223_80280281_20251020_163344.pdf|
|23223|23223|80281398||BL_23223_23223_80281398_20251024_163238.pdf|
|23224|23224|80269216||BL_23224_23224_80269216_20250715_144737.pdf|
|23224|23224|80271258||BL_23224_23224_80271258_20250730_153634.pdf|
|23224|23224|80272805||BL_23224_23224_80272805_20250828_151819.pdf|
|23224|23224|80273277||BL_23224_23224_80273277_20250903_155533.pdf|
|23224|23224|80274024||BL_23224_23224_80274024_20250909_161923.pdf|
|23224|23224|80274644||BL_23224_23224_80274644_20250911_160740.pdf|
|23224|23224|80275316||BL_23224_23224_80275316_20250917_153507.pdf|
|23224|23224|80278918||BL_23224_23224_80278918_20251014_164957.pdf|
|23224|23224|80279263||BL_23224_23224_80279263_20251014_163814.pdf|
|23224|23224|80280656||BL_23224_23224_80280656_20251021_163231.pdf|
|23224|23224|80283332||BL_23224_23224_80283332_20251112_161654.pdf|
|23225|23225|80270788||BL_23225_23225_80270788_20250728_164835.pdf|
|23225|23225|80271616||BL_23225_23225_80271616_20250825_154945.pdf|
|23225|23225|80274884||BL_23225_23225_80274884_20250915_170819.pdf|
|23225|23225|80279556||BL_23225_23225_80279556_20251015_160332.pdf|
|23225|23225|80279990||BL_23225_23225_80279990_20251017_165524.pdf|
|23233|23233|80269349||BL_23233_23233_80269349_20250716_163324.pdf|
|23233|23233|80270798||BL_23233_23233_80270798_20250728_165138.pdf|
|23233|23233|80273303||BL_23233_23233_80273303_20250902_162331.pdf|
|23233|23233|80274063||BL_23233_23233_80274063_20250908_163403.pdf|
|23233|23233|80274459||BL_23233_23233_80274459_20250910_160915.pdf|
|23233|23233|80278111||BL_23233_23233_80278111_20251006_161330.pdf|
|23233|23233|80278998||BL_23233_23233_80278998_20251014_163156.pdf|
|23233|23233|80279666||BL_23233_23233_80279666_20251016_173627.pdf|
|23233|23233|80283061||BL_23233_23233_80283061_20251105_155137.pdf|
|23234|20258|80268837||BL_23234_20258_80268837_20250710_151652.pdf|
|23234|20258|80269987||BL_23234_20258_80269987_20250722_170302.pdf|
|23234|20258|80272598||BL_23234_20258_80272598_20250826_153114.pdf|
|23234|20258|80272725||BL_23234_20258_80272725_20250827_150232.pdf|
|23234|20258|80274720||BL_23234_20258_80274720_20250912_153131.pdf|
|23234|20258|80276218||BL_23234_20258_80276218_20250924_172041.pdf|
|23234|20258|80280038||BL_23234_20258_80280038_20251017_172001.pdf|
|23234|20258|80282640||BL_23234_20258_80282640_20251104_160456.pdf|
|23239|23239|80270892||BL_23239_23239_80270892_20250728_165647.pdf|
|23239|23239|80271742||BL_23239_23239_80271742_20250825_155917.pdf|
|23239|23239|80272753||BL_23239_23239_80272753_20250827_150317.pdf|
|23239|23239|80275566||BL_23239_23239_80275566_20250919_165415.pdf|
|23239|23239|80276242||BL_23239_23239_80276242_20250924_172115.pdf|
|23239|23239|80279847||BL_23239_23239_80279847_20251017_163628.pdf|
|23239|23239|80280090||BL_23239_23239_80280090_20251017_172059.pdf|
|23240|20259|80269314||BL_23240_20259_80269314_20250716_163208.pdf|
|23240|20259|80275937||BL_23240_20259_80275937_20250923_162253.pdf|
|23240|20259|80276535||BL_23240_20259_80276535_20250925_161836.pdf|
|23240|20259|80277167||BL_23240_20259_80277167_20250929_165612.pdf|
|23240|20259|80279079||BL_23240_20259_80279079_20251013_152041.pdf|
|23240|20259|80281696||BL_23240_20259_80281696_20251028_163503.pdf|
|23240|20259|80282647||BL_23240_20259_80282647_20251104_160412.pdf|
|23241|23241|80277459||BL_23241_23241_80277459_20250930_163600.pdf|
|23241|23241|80281927||BL_23241_23241_80281927_20251029_160148.pdf|
|23241|23241|80282801||BL_23241_23241_80282801_20251105_154720.pdf|
|23248|23248|80268514||BL_23248_23248_80268514_20250708_163335.pdf|
|23248|23248|80269842||BL_23248_23248_80269842_20250721_153244.pdf|
|23248|23248|80270986||BL_23248_23248_80270986_20250729_160331.pdf|
|23248|23248|80271620||BL_23248_23248_80271620_20250825_154933.pdf|
|23248|23248|80274249||BL_23248_23248_80274249_20250909_164650.pdf|
|23248|23248|80278939||BL_23248_23248_80278939_20251013_151901.pdf|
|23248|23248|80279569||BL_23248_23248_80279569_20251015_174635.pdf|
|23254|23254|80268226||BL_23254_23254_80268226_20250707_153411.pdf|
|23254|23254|80268537||BL_23254_23254_80268537_20250708_171255.pdf|
|23254|23254|80271436||BL_23254_23254_80271436_20250731_154649.pdf|
|23254|23254|80271542||BL_23254_23254_80271542_20250731_155016.pdf|
|23254|23254|80272003||BL_23254_23254_80272003_20250804_160241.pdf|
|23254|23254|80272004||BL_23254_23254_80272004_20250804_160239.pdf|
|23254|23254|80272247||BL_23254_23254_80272247_20250806_154621.pdf|
|23254|23254|80283232||BL_23254_23254_80283232_20251107_150119.pdf|
|23255|20263|80275432||BL_23255_20263_80275432_20250918_152136.pdf|
|23255|20263|80276940||BL_23255_20263_80276940_20250929_164946.pdf|
|23255|20263|80280266||BL_23255_20263_80280266_20251020_163234.pdf|
|23255|20263|80281926||BL_23255_20263_80281926_20251029_163922.pdf|
|23257|23257|80271808||BL_23257_23257_80271808_20250825_160346.pdf|
|23257|23257|80272299||BL_23257_23257_80272299_20250807_154713.pdf|
|23257|23257|80274916||BL_23257_23257_80274916_20250915_163157.pdf|
|23257|23257|80276197||BL_23257_23257_80276197_20250924_172010.pdf|
|23257|23257|80278965||BL_23257_23257_80278965_20251014_163343.pdf|
|23257|23257|80280003||BL_23257_23257_80280003_20251017_171946.pdf|
|23257|23257|80283367||BL_23257_23257_80283367_20251112_162246.pdf|
|23257|23257|80283659||BL_23257_23257_80283659_20251113_152019.pdf|
|23258|23258|80268510||BL_23258_23258_80268510_20250708_171127.pdf|
|23258|23258|80268900||BL_23258_23258_80268900_20250710_162710.pdf|
|23258|23258|80269703||BL_23258_23258_80269703_20250718_153947.pdf|
|23258|23258|80271610||BL_23258_23258_80271610_20250825_155012.pdf|
|23258|23258|80272032||BL_23258_23258_80272032_20250804_160345.pdf|
|23258|23258|80272242||BL_23258_23258_80272242_20250806_154639.pdf|
|23258|23258|80272951||BL_23258_23258_80272951_20250901_153240.pdf|
|23258|23258|80274228||BL_23258_23258_80274228_20250909_163319.pdf|
|23258|23258|80277797||BL_23258_23258_80277797_20251002_155639.pdf|
|23258|23258|80279072||BL_23258_23258_80279072_20251013_165328.pdf|
|23258|23258|80281032||BL_23258_23258_80281032_20251022_155802.pdf|
|23259|23259|80277453||BL_23259_23259_80277453_20250930_163656.pdf|
|23259|23259|80279125||BL_23259_23259_80279125_20251013_152201.pdf|
|23259|23259|80282807||BL_23259_23259_80282807_20251105_154713.pdf|
|23262|23262|80270253||BL_23262_23262_80270253_20250723_161929.pdf|
|23262|23262|80277922||BL_23262_23262_80277922_20251003_161929.pdf|
|23262|23262|80279151||BL_23262_23262_80279151_20251013_152228.pdf|
|23262|23262|80280046||BL_23262_23262_80280046_20251017_171951.pdf|
|23262|23262|80280856||BL_23262_23262_80280856_20251021_163858.pdf|
|23262|23262|80282755||BL_23262_23262_80282755_20251104_100909.pdf|
|23266|23266|80268875||BL_23266_23266_80268875_20250710_162511.pdf|
|23266|23266|80269857||BL_23266_23266_80269857_20250721_160915.pdf|
|23266|23266|80271435||BL_23266_23266_80271435_20250731_162253.pdf|
|23266|23266|80274106||BL_23266_23266_80274106_20250909_162724.pdf|
|23266|23266|80278127||BL_23266_23266_80278127_20251006_161522.pdf|
|23266|23266|80278824||BL_23266_23266_80278824_20251010_160936.pdf|
|23267|23267|80268480||BL_23267_23267_80268480_20250708_170955.pdf|
|23267|23267|80268847||BL_23267_23267_80268847_20250710_151644.pdf|
|23267|23267|80273045||BL_23267_23267_80273045_20250901_154005.pdf|
|23267|23267|80273513||BL_23267_23267_80273513_20250903_151709.pdf|
|23267|23267|80275971||BL_23267_23267_80275971_20250923_162506.pdf|
|23267|23267|80276563||BL_23267_23267_80276563_20250925_161944.pdf|
|23267|23267|80276922||BL_23267_23267_80276922_20250929_164812.pdf|
|23267|23267|80277159||BL_23267_23267_80277159_20250929_165515.pdf|
|23267|23267|80279143||BL_23267_23267_80279143_20251013_152247.pdf|
|23267|23267|80279732||BL_23267_23267_80279732_20251016_174616.pdf|
|23267|23267|80279933||BL_23267_23267_80279933_20251017_171908.pdf|
|23267|23267|80281705||BL_23267_23267_80281705_20251028_163323.pdf|
|23267|23267|80282130||BL_23267_23267_80282130_20251030_164828.pdf|
|23271|23271|80273887||BL_23271_23271_80273887_20250905_154614.pdf|
|23271|23271|80276557||BL_23271_23271_80276557_20250925_163938.pdf|
|23271|23271|80277244||BL_23271_23271_80277244_20250929_165738.pdf|
|23271|23271|80280459||BL_23271_23271_80280459_20251020_163745.pdf|
|23272|23272|80275976||BL_23272_23272_80275976_20250923_160400.pdf|
|23272|23272|80276179||BL_23272_23272_80276179_20250924_155017.pdf|
|23272|23272|80279189||BL_23272_23272_80279189_20251013_152414.pdf|
|23272|23272|80280089||BL_23272_23272_80280089_20251017_172100.pdf|
|23272|23272|80283641||BL_23272_23272_80283641_20251113_155637.pdf|
|23277|23277|80270232||BL_23277_23277_80270232_20250723_161754.pdf|
|23277|23277|80271748||BL_23277_23277_80271748_20250825_155858.pdf|
|23277|23277|80273222||BL_23277_23277_80273222_20250902_170744.pdf|
|23277|23277|80273632||BL_23277_23277_80273632_20250905_160238.pdf|
|23277|23277|80275551||BL_23277_23277_80275551_20250919_161632.pdf|
|23277|23277|80276244||BL_23277_23277_80276244_20250924_172112.pdf|
|23277|23277|80280628||BL_23277_23277_80280628_20251017_160201.pdf|
|23277|23277|80280725||BL_23277_23277_80280725_20251021_155059.pdf|
|23277|23277|80280761||BL_23277_23277_80280761_20251021_155021.pdf|
|23277|23277|80282851||BL_23277_23277_80282851_20251104_153148.pdf|
|23277|23277|80283264||BL_23277_23277_80283264_20251107_143224.pdf|
|23278|20280|80269679||BL_23278_20280_80269679_20250718_154059.pdf|
|23278|20280|80271639||BL_23278_20280_80271639_20250825_155105.pdf|
|23278|20280|80272309||BL_23278_20280_80272309_20250806_140751.pdf|
|23278|20280|80273746||BL_23278_20280_80273746_20250904_160151.pdf|
|23278|20280|80277430||BL_23278_20280_80277430_20250930_163348.pdf|
|23278|20280|80278315||BL_23278_20280_80278315_20251007_154855.pdf|
|23278|20280|80278873||BL_23278_20280_80278873_20251013_164645.pdf|
|23278|20280|80279545||BL_23278_20280_80279545_20251015_160347.pdf|
|23278|20280|80279665||BL_23278_20280_80279665_20251016_173629.pdf|
|23280|23280|80278093||BL_23280_23280_80278093_20251006_161125.pdf|
|23280|23280|80280261||BL_23280_23280_80280261_20251020_163241.pdf|
|23283|23283|80269659||BL_23283_23283_80269659_20250718_153913.pdf|
|23283|23283|80274430||BL_23283_23283_80274430_20250910_160746.pdf|
|23283|23283|80277237||BL_23283_23283_80277237_20250929_165746.pdf|
|23283|23283|80279770||BL_23283_23283_80279770_20251016_175250.pdf|
|23283|23283|80280603||BL_23283_23283_80280603_20251020_164100.pdf|
|23285|20269|80269799||BL_23285_20269_80269799_20250721_153145.pdf|
|23285|20269|80279841||BL_23285_20269_80279841_20251017_164707.pdf|
|23285|20269|80280405||BL_23285_20269_80280405_20251020_163624.pdf|
|23285|20269|80283032||BL_23285_20269_80283032_20251105_155158.pdf|
|23285|20269|80283603||BL_23285_20269_80283603_20251113_151756.pdf|
|23295|23295|80268683||BL_23295_23295_80268683_20250709_160232.pdf|
|23295|23295|80269807||BL_23295_23295_80269807_20250721_160458.pdf|
|23295|23295|80271559||BL_23295_23295_80271559_20250825_154801.pdf|
|23295|23295|80272150||BL_23295_23295_80272150_20250805_154719.pdf|
|23295|23295|80273270||BL_23295_23295_80273270_20250903_163938.pdf|
|23295|23295|80273425||BL_23295_23295_80273425_20250903_155855.pdf|
|23295|23295|80276315||BL_23295_23295_80276315_20250923_160410.pdf|
|23295|23295|80277541||BL_23295_23295_80277541_20250930_164218.pdf|
|23295|23295|80280838||BL_23295_23295_80280838_20251022_155152.pdf|
|23295|23295|80282027||BL_23295_23295_80282027_20251029_160225.pdf|
|23299|20271|80268396||BL_23299_20271_80268396_20250708_170336.pdf|
|23299|20271|80268958||BL_23299_20271_80268958_20250710_162956.pdf|
|23299|20271|80270259||BL_23299_20271_80270259_20250723_162117.pdf|
|23299|20271|80274212||BL_23299_20271_80274212_20250909_163031.pdf|
|23299|20271|80275950||BL_23299_20271_80275950_20250923_160305.pdf|
|23299|20271|80277452||BL_23299_20271_80277452_20250930_163701.pdf|
|23299|20271|80279359||BL_23299_20271_80279359_20251014_163833.pdf|
|23301|23301|80270634||BL_23301_23301_80270634_20250725_120822.pdf|
|23301|23301|80271168||BL_23301_23301_80271168_20250730_153248.pdf|
|23301|23301|80272008||BL_23301_23301_80272008_20250804_161710.pdf|
|23301|23301|80273627||BL_23301_23301_80273627_20250905_160317.pdf|
|23301|23301|80275003||BL_23301_23301_80275003_20250915_172040.pdf|
|23301|23301|80277056||BL_23301_23301_80277056_20250929_165218.pdf|
|23301|23301|80279320||BL_23301_23301_80279320_20251014_165909.pdf|
|23301|23301|80279473||BL_23301_23301_80279473_20251015_160203.pdf|
|23301|23301|80279872||BL_23301_23301_80279872_20251017_164821.pdf|
|23301|23301|80280305||BL_23301_23301_80280305_20251020_163412.pdf|
|23301|23301|80282656||BL_23301_23301_80282656_20251104_160248.pdf|
|23302|23302|80269771||BL_23302_23302_80269771_20250721_160324.pdf|
|23302|23302|80271506||BL_23302_23302_80271506_20250731_155045.pdf|
|23302|23302|80273132||BL_23302_23302_80273132_20250902_161905.pdf|
|23302|23302|80275924||BL_23302_23302_80275924_20250923_151618.pdf|
|23302|23302|80276182||BL_23302_23302_80276182_20250924_155005.pdf|
|23302|23302|80278991||BL_23302_23302_80278991_20251013_151829.pdf|
|23302|23302|80282120||BL_23302_23302_80282120_20251030_164844.pdf|
|23302|23302|80282338||BL_23302_23302_80282338_20251031_155307.pdf|
|23305|23305|80270515||BL_23305_23305_80270515_20250724_165628.pdf|
|23305|23305|80270867||BL_23305_23305_80270867_20250728_150226.pdf|
|23305|23305|80271700||BL_23305_23305_80271700_20250825_155550.pdf|
|23305|23305|80272713||BL_23305_23305_80272713_20250827_150108.pdf|
|23305|23305|80274514||BL_23305_23305_80274514_20250911_154808.pdf|
|23305|23305|80274934||BL_23305_23305_80274934_20250915_164652.pdf|
|23305|23305|80276217||BL_23305_23305_80276217_20250924_172042.pdf|
|23305|23305|80278879||BL_23305_23305_80278879_20251013_170234.pdf|
|23305|23305|80280030||BL_23305_23305_80280030_20251017_172011.pdf|
|23309|23309|80270895||BL_23309_23309_80270895_20250728_165629.pdf|
|23309|23309|80273508||BL_23309_23309_80273508_20250903_160745.pdf|
|23309|23309|80276072||BL_23309_23309_80276072_20250924_171743.pdf|
|23309|23309|80278564||BL_23309_23309_80278564_20251009_161644.pdf|
|23309|23309|80280114||BL_23309_23309_80280114_20251017_172133.pdf|
|23309|23309|80282117||BL_23309_23309_80282117_20251030_171112.pdf|
|23312|23312|80269824||BL_23312_23312_80269824_20250721_160751.pdf|
|23312|23312|80271602||BL_23312_23312_80271602_20250825_163842.pdf|
|23312|23312|80273333||BL_23312_23312_80273333_20250902_171004.pdf|
|23312|23312|80273414||BL_23312_23312_80273414_20250903_143211.pdf|
|23312|23312|80274071||BL_23312_23312_80274071_20250908_163352.pdf|
|23312|23312|80275219||BL_23312_23312_80275219_20250916_154727.pdf|
|23312|23312|80275279||BL_23312_23312_80275279_20250916_141613.pdf|
|23312|23312|80275337||BL_23312_23312_80275337_20250916_153115.pdf|
|23312|23312|80276036||BL_23312_23312_80276036_20250924_171726.pdf|
|23312|23312|80278289||BL_23312_23312_80278289_20251007_154830.pdf|
|23312|23312|80278537||BL_23312_23312_80278537_20251009_161821.pdf|
|23312|23312|80278995||BL_23312_23312_80278995_20251013_165026.pdf|
|23312|23312|80281962||BL_23312_23312_80281962_20251029_160246.pdf|
|23312|23312|80283335||BL_23312_23312_80283335_20251112_161707.pdf|
|23314|23314|80271032||BL_23314_23314_80271032_20250729_160716.pdf|
|23314|23314|80271147||BL_23314_23314_80271147_20250730_153128.pdf|
|23314|23314|80271825||BL_23314_23314_80271825_20250825_160535.pdf|
|23314|23314|80272228||BL_23314_23314_80272228_20250806_151640.pdf|
|23314|23314|80275944||BL_23314_23314_80275944_20250923_162618.pdf|
|23314|23314|80276180||BL_23314_23314_80276180_20250924_155011.pdf|
|23314|23314|80280103||BL_23314_23314_80280103_20251017_172147.pdf|
|23314|23314|80282115||BL_23314_23314_80282115_20251030_164854.pdf|
|23314|23314|80282336||BL_23314_23314_80282336_20251031_144730.pdf|
|23329|23329|80270079||BL_23329_23329_80270079_20250721_150449.pdf|
|23329|23329|80271412||BL_23329_23329_80271412_20250731_162507.pdf|
|23329|23329|80273135||BL_23329_23329_80273135_20250902_170406.pdf|
|23329|23329|80273720||BL_23329_23329_80273720_20250904_155613.pdf|
|23329|23329|80274583||BL_23329_23329_80274583_20250911_160241.pdf|
|23329|23329|80275415||BL_23329_23329_80275415_20250918_151830.pdf|
|23329|23329|80275588||BL_23329_23329_80275588_20250919_151612.pdf|
|23329|23329|80276174||BL_23329_23329_80276174_20250924_171935.pdf|
|23329|23329|80279013||BL_23329_23329_80279013_20251013_151816.pdf|
|23329|23329|80279849||BL_23329_23329_80279849_20251017_164731.pdf|
|23329|23329|80280083||BL_23329_23329_80280083_20251017_172106.pdf|
|23329|23329|80282133||BL_23329_23329_80282133_20251030_170918.pdf|
|23332|23332|80270438||BL_23332_23332_80270438_20250724_165113.pdf|
|23332|23332|80273015||BL_23332_23332_80273015_20250901_151757.pdf|
|23332|23332|80276497||BL_23332_23332_80276497_20250925_163329.pdf|
|23332|23332|80277082||BL_23332_23332_80277082_20250929_165351.pdf|
|23332|23332|80281254||BL_23332_23332_80281254_20251023_165002.pdf|
|23332|23332|80282887||BL_23332_23332_80282887_20251105_154853.pdf|
|23345|23345|80275725||BL_23345_23345_80275725_20250922_161756.pdf|
|23345|23345|80279667||BL_23345_23345_80279667_20251016_173625.pdf|
|23346|23346|80268825||BL_23346_23346_80268825_20250710_162134.pdf|
|23346|23346|80269647||BL_23346_23346_80269647_20250718_153635.pdf|
|23346|23346|80271018||BL_23346_23346_80271018_20250729_160441.pdf|
|23346|23346|80271142||BL_23346_23346_80271142_20250730_153137.pdf|
|23346|23346|80273644||BL_23346_23346_80273644_20250904_154825.pdf|
|23346|23346|80274272||BL_23346_23346_80274272_20250909_164540.pdf|
|23346|23346|80276393||BL_23346_23346_80276393_20250924_172317.pdf|
|23346|23346|80278607||BL_23346_23346_80278607_20251009_162230.pdf|
|23346|23346|80278677||BL_23346_23346_80278677_20251020_180113.pdf|
|23346|23346|80278972||BL_23346_23346_80278972_20251014_165055.pdf|
|23346|23346|80280494||BL_23346_23346_80280494_20251020_163800.pdf|
|23351|23351|80269674||BL_23351_23351_80269674_20250718_160154.pdf|
|23351|23351|80270378||BL_23351_23351_80270378_20250723_162535.pdf|
|23351|23351|80270578||BL_23351_23351_80270578_20250724_120156.pdf|
|23351|23351|80272343||BL_23351_23351_80272343_20250807_154728.pdf|
|23351|23351|80273336||BL_23351_23351_80273336_20250903_155718.pdf|
|23351|23351|80274864||BL_23351_23351_80274864_20250915_170501.pdf|
|23351|23351|80275058||BL_23351_23351_80275058_20250916_163510.pdf|
|23351|23351|80279434||BL_23351_23351_80279434_20251015_161628.pdf|
|23351|23351|80283148||BL_23351_23351_80283148_20251106_154905.pdf|
|23355|23355|80272234||BL_23355_23355_80272234_20250806_154659.pdf|
|23355|23355|80275191||BL_23355_23355_80275191_20250916_165012.pdf|
|23355|23355|80280808||BL_23355_23355_80280808_20251022_154950.pdf|
|23355|23355|80283539||BL_23355_23355_80283539_20251113_151645.pdf|
|23359|23359|80270862||BL_23359_23359_80270862_20250728_165518.pdf|
|23359|23359|80272045||BL_23359_23359_80272045_20250804_160446.pdf|
|23359|23359|80275940||BL_23359_23359_80275940_20250923_162642.pdf|
|23359|23359|80276104||BL_23359_23359_80276104_20250924_154734.pdf|
|23359|23359|80277466||BL_23359_23359_80277466_20250930_163446.pdf|
|23359|23359|80278587||BL_23359_23359_80278587_20251009_162010.pdf|
|23359|23359|80279075||BL_23359_23359_80279075_20251013_151913.pdf|
|23359|23359|80279288||BL_23359_23359_80279288_20251014_165704.pdf|
|23359|23359|80279479||BL_23359_23359_80279479_20251015_160151.pdf|
|23359|23359|80280102||BL_23359_23359_80280102_20251017_172148.pdf|
|23359|23359|80281387||BL_23359_23359_80281387_20251024_170723.pdf|
|23359|23359|80283413||BL_23359_23359_80283413_20251112_162327.pdf|
|23360|23360|80275869||BL_23360_23360_80275869_20250923_160142.pdf|
|23368|23368|80269833||BL_23368_23368_80269833_20250721_160707.pdf|
|23368|23368|80270276||BL_23368_23368_80270276_20250723_162035.pdf|
|23368|23368|80270428||BL_23368_23368_80270428_20250724_164755.pdf|
|23368|23368|80270803||BL_23368_23368_80270803_20250728_165024.pdf|
|23368|23368|80271611||BL_23368_23368_80271611_20250825_155007.pdf|
|23368|23368|80274776||BL_23368_23368_80274776_20250912_161047.pdf|
|23368|23368|80278547||BL_23368_23368_80278547_20251009_161744.pdf|
|23368|23368|80281453||BL_23368_23368_80281453_20251024_170736.pdf|
|23370|23370|80268983||BL_23370_23370_80268983_20250711_160336.pdf|
|23370|23370|80271654||BL_23370_23370_80271654_20250825_155255.pdf|
|23370|23370|80273150||BL_23370_23370_80273150_20250902_163300.pdf|
|23370|23370|80273451||BL_23370_23370_80273451_20250903_160041.pdf|
|23370|23370|80275946||BL_23370_23370_80275946_20250923_162556.pdf|
|23370|23370|80276081||BL_23370_23370_80276081_20250924_171732.pdf|
|23370|23370|80278942||BL_23370_23370_80278942_20251013_170505.pdf|
|23370|23370|80280162||BL_23370_23370_80280162_20251017_172239.pdf|
|23370|23370|80281083||BL_23370_23370_80281083_20251022_153252.pdf|
|23373|23373|80270488||BL_23373_23373_80270488_20250724_165513.pdf|
|23373|23373|80271892||BL_23373_23373_80271892_20250801_153441.pdf|
|23373|23373|80276499||BL_23373_23373_80276499_20250925_163831.pdf|
|23373|23373|80276728||BL_23373_23373_80276728_20250926_150314.pdf|
|23373|23373|80277124||BL_23373_23373_80277124_20250929_165502.pdf|
|23373|23373|80279047||BL_23373_23373_80279047_20251013_165128.pdf|
|23373|23373|80279447||BL_23373_23373_80279447_20251015_160127.pdf|
|23373|23373|80280078||BL_23373_23373_80280078_20251017_172114.pdf|
|23373|23373|80281434||BL_23373_23373_80281434_20251024_144717.pdf|
|23373|23373|80283656||BL_23373_23373_80283656_20251113_155550.pdf|
|23374|23374|80269613||BL_23374_23374_80269613_20250718_153301.pdf|
|23374|23374|80275425||BL_23374_23374_80275425_20250918_152253.pdf|
|23374|23374|80275711||BL_23374_23374_80275711_20250922_161714.pdf|
|23374|23374|80276250||BL_23374_23374_80276250_20250924_172213.pdf|
|23374|23374|80279102||BL_23374_23374_80279102_20251013_152117.pdf|
|23374|23374|80279721||BL_23374_23374_80279721_20251016_174241.pdf|
|23374|23374|80279853||BL_23374_23374_80279853_20251017_165005.pdf|
|23374|23374|80280062||BL_23374_23374_80280062_20251017_172033.pdf|
|23374|23374|80281104||BL_23374_23374_80281104_20251022_153214.pdf|
|23375|23375|80268299||BL_23375_23375_80268299_20250707_154303.pdf|
|23375|23375|80268906||BL_23375_23375_80268906_20250710_162949.pdf|
|23375|23375|80269221||BL_23375_23375_80269221_20250715_160724.pdf|
|23375|23375|80270795||BL_23375_23375_80270795_20250728_164759.pdf|
|23375|23375|80271603||BL_23375_23375_80271603_20250825_155032.pdf|
|23375|23375|80272803||BL_23375_23375_80272803_20250828_151609.pdf|
|23375|23375|80274293||BL_23375_23375_80274293_20250909_164008.pdf|
|23375|23375|80275295||BL_23375_23375_80275295_20250917_153321.pdf|
|23375|23375|80277421||BL_23375_23375_80277421_20250929_115746.pdf|
|23375|23375|80278119||BL_23375_23375_80278119_20251006_161250.pdf|
|23375|23375|80278376||BL_23375_23375_80278376_20251007_155020.pdf|
|23375|23375|80280678||BL_23375_23375_80280678_20251020_162016.pdf|
|23375|23375|80282077||BL_23375_23375_80282077_20251030_170551.pdf|
|23376|23376|80273140||BL_23376_23376_80273140_20250902_170348.pdf|
|23376|23376|80273872||BL_23376_23376_80273872_20250905_161523.pdf|
|23376|23376|80275777||BL_23376_23376_80275777_20250922_162142.pdf|
|23380|20284|80269946||BL_23380_20284_80269946_20250721_120146.pdf|
|23380|20284|80272602||BL_23380_20284_80272602_20250826_154729.pdf|
|23380|20284|80274434||BL_23380_20284_80274434_20250910_160710.pdf|
|23380|20284|80275444||BL_23380_20284_80275444_20250918_152545.pdf|
|23380|20284|80276993||BL_23380_20284_80276993_20250929_165048.pdf|
|23380|20284|80280260||BL_23380_20284_80280260_20251020_163242.pdf|
|23380|20284|80283271||BL_23380_20284_80283271_20251107_150157.pdf|
|23381|23381|80269675||BL_23381_23381_80269675_20250718_153730.pdf|
|23381|23381|80270814||BL_23381_23381_80270814_20250728_150146.pdf|
|23381|23381|80272121||BL_23381_23381_80272121_20250805_160201.pdf|
|23381|23381|80274157||BL_23381_23381_80274157_20250911_172738.pdf|
|23381|23381|80274158||BL_23381_23381_80274158_20250911_172740.pdf|
|23381|23381|80275648||BL_23381_23381_80275648_20250919_165931.pdf|
|23381|23381|80275861||BL_23381_23381_80275861_20250923_162015.pdf|
|23381|23381|80279254||BL_23381_23381_80279254_20251014_163127.pdf|
|23381|23381|80281548||BL_23381_23381_80281548_20251027_165129.pdf|
|23382|23382|80278131||BL_23382_23382_80278131_20251006_161451.pdf|
|23384|23384|80275917||BL_23384_23384_80275917_20250923_160149.pdf|
|23384|23384|80276546||BL_23384_23384_80276546_20250925_161737.pdf|
|23384|23384|80277175||BL_23384_23384_80277175_20250929_165559.pdf|
|23384|23384|80281735||BL_23384_23384_80281735_20251028_163507.pdf|
|23384|23384|80283334||BL_23384_23384_80283334_20251112_161657.pdf|
|23385|23385|80270829||BL_23385_23385_80270829_20250728_173445.pdf|
|23385|23385|80273822||BL_23385_23385_80273822_20250904_160209.pdf|
|23385|23385|80273824||BL_23385_23385_80273824_20250904_160202.pdf|
|23385|23385|80283549||BL_23385_23385_80283549_20251113_151635.pdf|
|23388|23388|80270245||BL_23388_23388_80270245_20250723_161951.pdf|
|23388|23388|80270617||BL_23388_23388_80270617_20250725_120422.pdf|
|23388|23388|80271698||BL_23388_23388_80271698_20250825_155602.pdf|
|23388|23388|80272870||BL_23388_23388_80272870_20250829_153255.pdf|
|23388|23388|80273517||BL_23388_23388_80273517_20250903_160709.pdf|
|23388|23388|80275898||BL_23388_23388_80275898_20250923_150303.pdf|
|23388|23388|80276099||BL_23388_23388_80276099_20250924_154748.pdf|
|23388|23388|80279023||BL_23388_23388_80279023_20251013_151942.pdf|
|23388|23388|80279084||BL_23388_23388_80279084_20251013_152027.pdf|
|23388|23388|80280099||BL_23388_23388_80280099_20251017_172151.pdf|
|23388|23388|80280712||BL_23388_23388_80280712_20251020_180646.pdf|
|23388|23388|80280901||BL_23388_23388_80280901_20251021_164638.pdf|
|23389|23389|80269330||BL_23389_23389_80269330_20250716_163438.pdf|
|23389|23389|80269579||BL_23389_23389_80269579_20250718_151702.pdf|
|23389|23389|80270228||BL_23389_23389_80270228_20250723_161821.pdf|
|23389|23389|80273209||BL_23389_23389_80273209_20250902_170518.pdf|
|23389|23389|80273892||BL_23389_23389_80273892_20250905_161832.pdf|
|23389|23389|80274306||BL_23389_23389_80274306_20250909_104536.pdf|
|23389|23389|80274592||BL_23389_23389_80274592_20250911_160205.pdf|
|23389|23389|80276057||BL_23389_23389_80276057_20250924_171657.pdf|
|23389|23389|80277447||BL_23389_23389_80277447_20250930_163237.pdf|
|23389|23389|80279287||BL_23389_23389_80279287_20251014_165711.pdf|
|23389|23389|80279466||BL_23389_23389_80279466_20251015_161748.pdf|
|23393|23393|80270446||BL_23393_23393_80270446_20250724_165004.pdf|
|23393|23393|80276470||BL_23393_23393_80276470_20250925_161701.pdf|
|23394|23394|80274505||BL_23394_23394_80274505_20250911_154651.pdf|
|23394|23394|80276926||BL_23394_23394_80276926_20250929_164805.pdf|
|23397|23397|80269696||BL_23397_23397_80269696_20250718_151715.pdf|
|23397|23397|80270688||BL_23397_23397_80270688_20250725_121136.pdf|
|23397|23397|80276591||BL_23397_23397_80276591_20250925_164140.pdf|
|23397|23397|80281018||BL_23397_23397_80281018_20251022_155901.pdf|
|23397|23397|80283532||BL_23397_23397_80283532_20251113_154640.pdf|
|23402|23402|80269813||BL_23402_23402_80269813_20250721_171738.pdf|
|23402|23402|80272149||BL_23402_23402_80272149_20250805_154721.pdf|
|23402|23402|80273345||BL_23402_23402_80273345_20250902_170932.pdf|
|23402|23402|80275643||BL_23402_23402_80275643_20250919_161831.pdf|
|23402|23402|80281835||BL_23402_23402_80281835_20251028_165512.pdf|
|23407|23407|80269135||BL_23407_23407_80269135_20250715_160117.pdf|
|23407|23407|80269148||BL_23407_23407_80269148_20250715_160122.pdf|
|23407|23407|80269584||BL_23407_23407_80269584_20250717_155839.pdf|
|23407|23407|80270799||BL_23407_23407_80270799_20250728_165133.pdf|
|23407|23407|80277776||BL_23407_23407_80277776_20251002_155422.pdf|
|23407|23407|80283546||BL_23407_23407_80283546_20251113_154931.pdf|
|23412|23412|80269619||BL_23412_23412_80269619_20250718_153559.pdf|
|23412|23412|80275408||BL_23412_23412_80275408_20250918_151953.pdf|
|23412|23412|80276973||BL_23412_23412_80276973_20250929_165002.pdf|
|23412|23412|80280368||BL_23412_23412_80280368_20251020_163528.pdf|
|23412|23412|80280689||BL_23412_23412_80280689_20251021_163327.pdf|
|23412|23412|80280906||BL_23412_23412_80280906_20251021_164629.pdf|
|23413|23413|80280721||BL_23413_23413_80280721_20251021_163616.pdf|
|23416|23416|80270039||BL_23416_23416_80270039_20250722_170847.pdf|
|23416|23416|80273617||BL_23416_23416_80273617_20250905_160440.pdf|
|23416|23416|80274528||BL_23416_23416_80274528_20250911_155151.pdf|
|23416|23416|80277295||BL_23416_23416_80277295_20250929_165942.pdf|
|23416|23416|80278209||BL_23416_23416_80278209_20251007_160436.pdf|
|23416|23416|80280521||BL_23416_23416_80280521_20251020_163844.pdf|
|23416|23416|80281273||BL_23416_23416_80281273_20251023_165304.pdf|
|23416|23416|80282681||BL_23416_23416_80282681_20251104_160122.pdf|
|23417|23417|80269692||BL_23417_23417_80269692_20250718_154007.pdf|
|23417|23417|80270123||BL_23417_23417_80270123_20250722_171050.pdf|
|23417|23417|80271279||BL_23417_23417_80271279_20250730_153614.pdf|
|23417|23417|80272408||BL_23417_23417_80272408_20250825_160618.pdf|
|23417|23417|80272863||BL_23417_23417_80272863_20250829_153117.pdf|
|23417|23417|80276302||BL_23417_23417_80276302_20250924_153120.pdf|
|23417|23417|80281826||BL_23417_23417_80281826_20251028_165556.pdf|
|23417|23417|80283515||BL_23417_23417_80283515_20251113_154748.pdf|
|23426|20293|80274903||BL_23426_20293_80274903_20250915_171040.pdf|
|23427|23427|80270301||BL_23427_23427_80270301_20250723_162320.pdf|
|23427|23427|80274121||BL_23427_23427_80274121_20250909_162709.pdf|
|23431|23431|80272958||BL_23431_23431_80272958_20250901_151729.pdf|
|23431|23431|80279873||BL_23431_23431_80279873_20251017_163404.pdf|
|23431|23431|80281776||BL_23431_23431_80281776_20251028_165029.pdf|
|23431|23431|80282850||BL_23431_23431_80282850_20251105_160212.pdf|
|23431|23431|80283642||BL_23431_23431_80283642_20251113_151901.pdf|
|23432|23432|80270404||BL_23432_23432_80270404_20250724_161605.pdf|
|23432|23432|80270454||BL_23432_23432_80270454_20250724_161719.pdf|
|23432|23432|80276882||BL_23432_23432_80276882_20250929_170836.pdf|
|23432|23432|80279505||BL_23432_23432_80279505_20251015_163535.pdf|
|23432|23432|80279898||BL_23432_23432_80279898_20251017_171707.pdf|
|23432|23432|80282906||BL_23432_23432_80282906_20251105_154930.pdf|
|23432|23432|80283366||BL_23432_23432_80283366_20251112_162249.pdf|
|23434|23434|80268545||BL_23434_23434_80268545_20250708_171220.pdf|
|23434|23434|80270810||BL_23434_23434_80270810_20250728_165004.pdf|
|23434|23434|80272954||BL_23434_23434_80272954_20250901_153306.pdf|
|23434|23434|80273925||BL_23434_23434_80273925_20250905_161909.pdf|
|23434|23434|80275276||BL_23434_23434_80275276_20250916_141611.pdf|
|23434|23434|80275329||BL_23434_23434_80275329_20250916_153112.pdf|
|23434|23434|80276033||BL_23434_23434_80276033_20250924_171651.pdf|
|23434|23434|80277790||BL_23434_23434_80277790_20251002_152014.pdf|
|23434|23434|80278546||BL_23434_23434_80278546_20251008_171856.pdf|
|23434|23434|80278713||BL_23434_23434_80278713_20251009_154729.pdf|
|23434|23434|80278799||BL_23434_23434_80278799_20251010_160754.pdf|
|23435|20297|80269605||BL_23435_20297_80269605_20250718_153349.pdf|
|23435|20297|80272651||BL_23435_20297_80272651_20250826_153335.pdf|
|23435|20297|80273171||BL_23435_20297_80273171_20250902_161714.pdf|
|23435|20297|80273480||BL_23435_20297_80273480_20250903_160159.pdf|
|23435|20297|80278242||BL_23435_20297_80278242_20251007_160653.pdf|
|23435|20297|80278560||BL_23435_20297_80278560_20251009_161655.pdf|
|23435|20297|80279005||BL_23435_20297_80279005_20251013_165012.pdf|
|23435|20297|80280154||BL_23435_20297_80280154_20251017_172250.pdf|
|23441|23441|80275510||BL_23441_23441_80275510_20250918_141804.pdf|
|23441|23441|80275511||BL_23441_23441_80275511_20250918_141812.pdf|
|23441|23441|80275521||BL_23441_23441_80275521_20250918_141814.pdf|
|23441|23441|80275534||BL_23441_23441_80275534_20250918_153109.pdf|
|23441|23441|80277497||BL_23441_23441_80277497_20250930_164053.pdf|
|23441|23441|80279552||BL_23441_23441_80279552_20251015_161908.pdf|
|23441|23441|80282698||BL_23441_23441_80282698_20251104_143116.pdf|
|23441|23441|80283069||BL_23441_23441_80283069_20251104_161634.pdf|
|23442|23442|80270630||BL_23442_23442_80270630_20250725_120847.pdf|
|23442|23442|80275311||BL_23442_23442_80275311_20250917_153527.pdf|
|23442|23442|80275434||BL_23442_23442_80275434_20250918_150224.pdf|
|23442|23442|80276258||BL_23442_23442_80276258_20250924_172201.pdf|
|23442|23442|80277724||BL_23442_23442_80277724_20251002_154909.pdf|
|23443|23443|80270544||BL_23443_23443_80270544_20250724_170214.pdf|
|23443|23443|80271233||BL_23443_23443_80271233_20250730_153548.pdf|
|23443|23443|80274997||BL_23443_23443_80274997_20250915_171706.pdf|
|23443|23443|80276994||BL_23443_23443_80276994_20250929_165049.pdf|
|23443|23443|80280283||BL_23443_23443_80280283_20251020_163347.pdf|
|23443|23443|80280927||BL_23443_23443_80280927_20251022_155647.pdf|
|23443|23443|80281058||BL_23443_23443_80281058_20251022_153212.pdf|
|23443|23443|80283340||BL_23443_23443_80283340_20251112_161743.pdf|
|23447|23447|80273114||BL_23447_23447_80273114_20250903_154739.pdf|
|23447|23447|80273475||BL_23447_23447_80273475_20250903_160221.pdf|
|23447|23447|80276376||BL_23447_23447_80276376_20250924_172342.pdf|
|23447|23447|80279283||BL_23447_23447_80279283_20251021_154638.pdf|
|23447|23447|80280467||BL_23447_23447_80280467_20251020_163715.pdf|
|23447|23447|80281078||BL_23447_23447_80281078_20251022_153125.pdf|
|23448|23448|80271422||BL_23448_23448_80271422_20250731_162400.pdf|
|23448|23448|80273900||BL_23448_23448_80273900_20250905_161657.pdf|
|23448|23448|80274107||BL_23448_23448_80274107_20250908_160234.pdf|
|23448|23448|80274731||BL_23448_23448_80274731_20250912_160459.pdf|
|23448|23448|80275067||BL_23448_23448_80275067_20250915_164855.pdf|
|23448|23448|80276186||BL_23448_23448_80276186_20250924_172025.pdf|
|23448|23448|80278752||BL_23448_23448_80278752_20251010_161637.pdf|
|23448|23448|80278904||BL_23448_23448_80278904_20251013_170629.pdf|
|23448|23448|80280051||BL_23448_23448_80280051_20251017_172048.pdf|
|23451|23451|80269421||BL_23451_23451_80269421_20250717_153146.pdf|
|23451|23451|80269588||BL_23451_23451_80269588_20250718_151656.pdf|
|23451|23451|80270214||BL_23451_23451_80270214_20250723_161701.pdf|
|23451|23451|80270532||BL_23451_23451_80270532_20250724_165940.pdf|
|23451|23451|80270973||BL_23451_23451_80270973_20250729_160124.pdf|
|23451|23451|80272396||BL_23451_23451_80272396_20250825_164230.pdf|
|23451|23451|80272703||BL_23451_23451_80272703_20250826_154757.pdf|
|23451|23451|80276029||BL_23451_23451_80276029_20250924_154645.pdf|
|23451|23451|80277569||BL_23451_23451_80277569_20250930_164322.pdf|
|23451|23451|80277798||BL_23451_23451_80277798_20251002_155627.pdf|
|23451|23451|80278296||BL_23451_23451_80278296_20251007_154914.pdf|
|23451|23451|80278452||BL_23451_23451_80278452_20251008_154908.pdf|
|23451|23451|80281024||BL_23451_23451_80281024_20251022_155829.pdf|
|23451|23451|80282085||BL_23451_23451_80282085_20251030_170448.pdf|
|23451|23451|80283698||BL_23451_23451_80283698_20251113_155724.pdf|
|23454|23454|80271012||BL_23454_23454_80271012_20250729_160516.pdf|
|23454|23454|80272159||BL_23454_23454_80272159_20250825_160710.pdf|
|23454|23454|80275858||BL_23454_23454_80275858_20250923_150213.pdf|
|23454|23454|80276011||BL_23454_23454_80276011_20250923_160332.pdf|
|23454|23454|80278301||BL_23454_23454_80278301_20251007_154923.pdf|
|23454|23454|80278321||BL_23454_23454_80278321_20251007_155000.pdf|
|23454|23454|80278353||BL_23454_23454_80278353_20251007_154955.pdf|
|23454|23454|80282697||BL_23454_23454_80282697_20251104_160516.pdf|
|23454|23454|80283068||BL_23454_23454_80283068_20251105_160829.pdf|
|23455|23455|80270853||BL_23455_23455_80270853_20250728_150237.pdf|
|23455|23455|80281382||BL_23455_23455_80281382_20251024_170252.pdf|
|23466|23466|80268475||BL_23466_23466_80268475_20250708_170715.pdf|
|23466|23466|80268853||BL_23466_23466_80268853_20250710_162353.pdf|
|23466|23466|80269456||BL_23466_23466_80269456_20250717_155145.pdf|
|23466|23466|80271164||BL_23466_23466_80271164_20250730_154936.pdf|
|23466|23466|80273472||BL_23466_23466_80273472_20250903_160258.pdf|
|23466|23466|80273695||BL_23466_23466_80273695_20250904_154951.pdf|
|23466|23466|80274531||BL_23466_23466_80274531_20250911_155129.pdf|
|23466|23466|80275962||BL_23466_23466_80275962_20250923_160237.pdf|
|23466|23466|80276372||BL_23466_23466_80276372_20250924_172218.pdf|
|23466|23466|80278982||BL_23466_23466_80278982_20251013_151854.pdf|
|23466|23466|80279767||BL_23466_23466_80279767_20251016_174804.pdf|
|23466|23466|80280470||BL_23466_23466_80280470_20251020_163711.pdf|
|23466|23466|80281250||BL_23466_23466_80281250_20251023_163607.pdf|
|23466|23466|80282556||BL_23466_23466_80282556_20251103_161301.pdf|
|23471|23471|80268640||BL_23471_23471_80268640_20250709_163104.pdf|
|23471|23471|80270603||BL_23471_23471_80270603_20250725_120342.pdf|
|23471|23471|80271823||BL_23471_23471_80271823_20250825_160546.pdf|
|23471|23471|80273148||BL_23471_23471_80273148_20250902_161806.pdf|
|23471|23471|80276743||BL_23471_23471_80276743_20250926_153408.pdf|
|23471|23471|80277265||BL_23471_23471_80277265_20250929_165814.pdf|
|23471|23471|80277923||BL_23471_23471_80277923_20251003_161906.pdf|
|23471|23471|80278243||BL_23471_23471_80278243_20251007_084601.pdf|
|23471|23471|80278571||BL_23471_23471_80278571_20251009_160351.pdf|
|23471|23471|80278671||BL_23471_23471_80278671_20251013_164734.pdf|
|23471|23471|80279065||BL_23471_23471_80279065_20251013_165405.pdf|
|23471|23471|80279353||BL_23471_23471_80279353_20251014_165746.pdf|
|23471|23471|80280159||BL_23471_23471_80280159_20251017_172242.pdf|
|23471|23471|80281084||BL_23471_23471_80281084_20251022_153250.pdf|
|23471|23471|80281591||BL_23471_23471_80281591_20251027_165309.pdf|
|23474|23474|80268917||BL_23474_23474_80268917_20250710_151759.pdf|
|23474|23474|80269537||BL_23474_23474_80269537_20250717_080121.pdf|
|23474|23474|80271856||BL_23474_23474_80271856_20250801_153314.pdf|
|23474|23474|80275486||BL_23474_23474_80275486_20250918_152938.pdf|
|23474|23474|80279671||BL_23474_23474_80279671_20251016_173607.pdf|
|23475|23475|80268279||BL_23475_23475_80268279_20250707_154104.pdf|
|23475|23475|80271927||BL_23475_23475_80271927_20250801_150232.pdf|
|23475|23475|80275160||BL_23475_23475_80275160_20250916_164354.pdf|
|23475|23475|80275370||BL_23475_23475_80275370_20250917_164725.pdf|
|23475|23475|80276199||BL_23475_23475_80276199_20250924_172007.pdf|
|23475|23475|80278340||BL_23475_23475_80278340_20251007_082354.pdf|
|23475|23475|80279999||BL_23475_23475_80279999_20251017_171848.pdf|
|23475|23475|80283039||BL_23475_23475_80283039_20251105_160653.pdf|
|23485|23485|80272655||BL_23485_23485_80272655_20250826_154631.pdf|
|23485|23485|80279445||BL_23485_23485_80279445_20251015_184733.pdf|
|23485|23485|80280058||BL_23485_23485_80280058_20251017_172038.pdf|
|23485|23485|80281304||BL_23485_23485_80281304_20251023_163726.pdf|
|23485|23485|80281355||BL_23485_23485_80281355_20251024_170406.pdf|
|23490|23490|80269698||BL_23490_23490_80269698_20250718_154004.pdf|
|23490|23490|80270780||BL_23490_23490_80270780_20250728_150112.pdf|
|23490|23490|80271588||BL_23490_23490_80271588_20250825_154847.pdf|
|23490|23490|80276917||BL_23490_23490_80276917_20250929_171250.pdf|
|23491|23491|80270650||BL_23491_23491_80270650_20250725_120633.pdf|
|23491|23491|80270931||BL_23491_23491_80270931_20250728_104548.pdf|
|23491|23491|80271225||BL_23491_23491_80271225_20250730_153433.pdf|
|23491|23491|80274599||BL_23491_23491_80274599_20250911_160139.pdf|
|23491|23491|80276515||BL_23491_23491_80276515_20250925_163629.pdf|
|23491|23491|80277068||BL_23491_23491_80277068_20250929_165304.pdf|
|23491|23491|80278987||BL_23491_23491_80278987_20251013_151842.pdf|
|23491|23491|80280082||BL_23491_23491_80280082_20251017_172108.pdf|
|23491|23491|80280646||BL_23491_23491_80280646_20251020_161819.pdf|
|23491|23491|80281047||BL_23491_23491_80281047_20251022_160034.pdf|
|23491|23491|80282068||BL_23491_23491_80282068_20251030_164708.pdf|
|23491|23491|80283607||BL_23491_23491_80283607_20251113_151745.pdf|
|23496|23496|80268834||BL_23496_23496_80268834_20250710_162442.pdf|
|23496|23496|80270952||BL_23496_23496_80270952_20250728_170204.pdf|
|23496|23496|80273120||BL_23496_23496_80273120_20250902_170245.pdf|
|23496|23496|80274093||BL_23496_23496_80274093_20250909_162757.pdf|
|23496|23496|80274611||BL_23496_23496_80274611_20250911_160349.pdf|
|23496|23496|80278895||BL_23496_23496_80278895_20251014_164741.pdf|
|23496|23496|80281151||BL_23496_23496_80281151_20251022_160147.pdf|
|23497|23497|80270884||BL_23497_23497_80270884_20250728_165737.pdf|
|23497|23497|80271710||BL_23497_23497_80271710_20250825_155514.pdf|
|23497|23497|80272719||BL_23497_23497_80272719_20250827_150257.pdf|
|23497|23497|80273502||BL_23497_23497_80273502_20250903_151712.pdf|
|23497|23497|80276270||BL_23497_23497_80276270_20250924_172144.pdf|
|23497|23497|80276481||BL_23497_23497_80276481_20250925_163507.pdf|
|23497|23497|80277093||BL_23497_23497_80277093_20250929_165332.pdf|
|23497|23497|80279140||BL_23497_23497_80279140_20251013_152255.pdf|
|23497|23497|80281904||BL_23497_23497_80281904_20251029_163627.pdf|
|23497|23497|80282345||BL_23497_23497_80282345_20251030_163112.pdf|
|23497|23497|80282522||BL_23497_23497_80282522_20251031_163115.pdf|
|23497|23497|80282860||BL_23497_23497_80282860_20251105_154826.pdf|
|23497|23497|80283275||BL_23497_23497_80283275_20251106_155008.pdf|
|23497|23497|80283397||BL_23497_23497_80283397_20251107_160108.pdf|
|23497|23497|80283635||BL_23497_23497_80283635_20251112_162614.pdf|
|23497|23497|80283778||BL_23497_23497_80283778_20251113_163114.pdf|
|23500|23500|80268221||BL_23500_23500_80268221_20250707_153527.pdf|
|23500|23500|80271679||BL_23500_23500_80271679_20250825_155412.pdf|
|23500|23500|80274852||BL_23500_23500_80274852_20250915_170754.pdf|
|23500|23500|80276195||BL_23500_23500_80276195_20250924_172013.pdf|
|23500|23500|80280000||BL_23500_23500_80280000_20251017_165734.pdf|
|23500|23500|80281409||BL_23500_23500_80281409_20251024_170442.pdf|
|23503|23503|80268896||BL_23503_23503_80268896_20250710_151823.pdf|
|23503|23503|80269271||BL_23503_23503_80269271_20250731_164602.pdf|
|23503|23503|80269272||BL_23503_23503_80269272_20250731_164603.pdf|
|23503|23503|80269338||BL_23503_23503_80269338_20250716_151731.pdf|
|23503|23503|80271493||BL_23503_23503_80271493_20250731_154914.pdf|
|23503|23503|80272345||BL_23503_23503_80272345_20250807_154724.pdf|
|23503|23503|80272736||BL_23503_23503_80272736_20250827_150139.pdf|
|23503|23503|80272947||BL_23503_23503_80272947_20250901_153201.pdf|
|23503|23503|80274101||BL_23503_23503_80274101_20250908_160247.pdf|
|23503|23503|80275222||BL_23503_23503_80275222_20250916_165141.pdf|
|23503|23503|80275364||BL_23503_23503_80275364_20250917_153750.pdf|
|23503|23503|80278370||BL_23503_23503_80278370_20251007_155010.pdf|
|23503|23503|80279566||BL_23503_23503_80279566_20251015_162138.pdf|
|23503|23503|80281822||BL_23503_23503_80281822_20251028_163926.pdf|
|23503|23503|80283517||BL_23503_23503_80283517_20251113_151707.pdf|
|23504|23504|80271917||BL_23504_23504_80271917_20250801_153703.pdf|
|23504|23504|80273462||BL_23504_23504_80273462_20250903_143349.pdf|
|23504|23504|80276426||BL_23504_23504_80276426_20250924_172427.pdf|
|23504|23504|80280502||BL_23504_23504_80280502_20251020_163748.pdf|
|23504|23504|80280703||BL_23504_23504_80280703_20251020_180614.pdf|
|23504|23504|80282330||BL_23504_23504_80282330_20251031_155328.pdf|
|23505|23505|80269801||BL_23505_23505_80269801_20250721_160532.pdf|
|23505|23505|80271198||BL_23505_23505_80271198_20250730_153333.pdf|
|23505|23505|80273990||BL_23505_23505_80273990_20250908_160210.pdf|
|23505|23505|80274338||BL_23505_23505_80274338_20250909_164834.pdf|
|23505|23505|80275978||BL_23505_23505_80275978_20250923_160356.pdf|
|23505|23505|80276125||BL_23505_23505_80276125_20250924_171834.pdf|
|23505|23505|80276833||BL_23505_23505_80276833_20250929_170436.pdf|
|23505|23505|80277732||BL_23505_23505_80277732_20251002_155352.pdf|
|23505|23505|80278559||BL_23505_23505_80278559_20251009_160501.pdf|
|23505|23505|80278695||BL_23505_23505_80278695_20251013_164708.pdf|
|23505|23505|80279007||BL_23505_23505_80279007_20251013_165009.pdf|
|23505|23505|80279866||BL_23505_23505_80279866_20251017_164837.pdf|
|23505|23505|80280171||BL_23505_23505_80280171_20251017_172330.pdf|
|23505|23505|80282197||BL_23505_23505_80282197_20251030_165039.pdf|
|23508|20309|80270529||BL_23508_20309_80270529_20250724_165951.pdf|
|23508|20309|80273023||BL_23508_20309_80273023_20250901_151815.pdf|
|23508|20309|80275289||BL_23508_20309_80275289_20250917_153423.pdf|
|23508|20309|80276507||BL_23508_20309_80276507_20250925_163742.pdf|
|23508|20309|80277119||BL_23508_20309_80277119_20250929_165359.pdf|
|23508|20309|80282155||BL_23508_20309_80282155_20251030_164749.pdf|
|23508|20309|80282361||BL_23508_20309_80282361_20251031_144703.pdf|
|23508|20309|80282866||BL_23508_20309_80282866_20251105_154820.pdf|
|23509|23509|80268246||BL_23509_23509_80268246_20250707_153644.pdf|
|23509|23509|80272799||BL_23509_23509_80272799_20250828_144737.pdf|
|23509|23509|80277740||BL_23509_23509_80277740_20251002_155308.pdf|
|23509|23509|80278548||BL_23509_23509_80278548_20251009_160640.pdf|
|23509|23509|80278999||BL_23509_23509_80278999_20251013_151823.pdf|
|23509|23509|80279196||BL_23509_23509_80279196_20251013_152525.pdf|
|23509|23509|80280269||BL_23509_23509_80280269_20251020_161728.pdf|
|23509|23509|80283144||BL_23509_23509_80283144_20251106_154917.pdf|
|23509|23509|80283675||BL_23509_23509_80283675_20251112_162617.pdf|
|23512|20310|80268984||BL_23512_20310_80268984_20250711_160327.pdf|
|23515|23515|80270009||BL_23515_23515_80270009_20250722_170337.pdf|
|23515|23515|80272647||BL_23515_23515_80272647_20250826_153351.pdf|
|23515|23515|80273678||BL_23515_23515_80273678_20250905_160745.pdf|
|23515|23515|80274431||BL_23515_23515_80274431_20250910_160735.pdf|
|23515|23515|80275002||BL_23515_23515_80275002_20250915_164918.pdf|
|23515|23515|80276996||BL_23515_23515_80276996_20250929_165141.pdf|
|23515|23515|80278591||BL_23515_23515_80278591_20251009_161930.pdf|
|23515|23515|80280286||BL_23515_23515_80280286_20251020_163330.pdf|
|23515|23515|80280889||BL_23515_23515_80280889_20251021_164642.pdf|
|23515|23515|80281060||BL_23515_23515_80281060_20251022_153141.pdf|
|23515|23515|80281307||BL_23515_23515_80281307_20251023_163654.pdf|
|23515|23515|80283661||BL_23515_23515_80283661_20251113_155526.pdf|
|23517|20312|80271829||BL_23517_20312_80271829_20250825_160512.pdf|
|23517|20312|80272967||BL_23517_20312_80272967_20250901_153423.pdf|
|23517|20312|80274394||BL_23517_20312_80274394_20250910_154805.pdf|
|23517|20312|80276113||BL_23517_20312_80276113_20250924_171852.pdf|
|23517|20312|80278936||BL_23517_20312_80278936_20251013_170523.pdf|
|23517|20312|80280182||BL_23517_20312_80280182_20251017_172313.pdf|
|23517|20312|80281958||BL_23517_20312_80281958_20251031_160206.pdf|
|23517|20312|80282569||BL_23517_20312_80282569_20251103_084621.pdf|
|23520|23520|80271923||BL_23520_23520_80271923_20250801_150239.pdf|
|23520|23520|80272807||BL_23520_23520_80272807_20250828_144725.pdf|
|23520|23520|80275728||BL_23520_23520_80275728_20250922_163140.pdf|
|23520|23520|80276282||BL_23520_23520_80276282_20250924_155141.pdf|
|23520|23520|80277188||BL_23520_23520_80277188_20250929_165646.pdf|
|23520|23520|80279092||BL_23520_23520_80279092_20251013_152004.pdf|
|23520|23520|80280340||BL_23520_23520_80280340_20251020_163451.pdf|
|23520|23520|80281296||BL_23520_23520_80281296_20251023_163755.pdf|
|23525|23525|80268410||BL_23525_23525_80268410_20250708_170654.pdf|
|23525|23525|80268557||BL_23525_23525_80268557_20250707_160731.pdf|
|23525|23525|80268747||BL_23525_23525_80268747_20250709_160307.pdf|
|23525|23525|80271884||BL_23525_23525_80271884_20250801_153530.pdf|
|23525|23525|80272012||BL_23525_23525_80272012_20250804_161706.pdf|
|23525|23525|80272787||BL_23525_23525_80272787_20250828_144607.pdf|
|23525|23525|80276710||BL_23525_23525_80276710_20250926_153629.pdf|
|23525|23525|80277095||BL_23525_23525_80277095_20250929_165329.pdf|
|23525|23525|80280060||BL_23525_23525_80280060_20251017_172035.pdf|
|23525|23525|80282307||BL_23525_23525_80282307_20251031_155112.pdf|
|23525|23525|80283137||BL_23525_23525_80283137_20251106_144910.pdf|
|23529|23529|80269172||BL_23529_23529_80269172_20250715_150211.pdf|
|23529|23529|80270857||BL_23529_23529_80270857_20250728_165552.pdf|
|23529|23529|80275120||BL_23529_23529_80275120_20250916_163657.pdf|
|23529|23529|80275385||BL_23529_23529_80275385_20250918_143104.pdf|
|23529|23529|80275981||BL_23529_23529_80275981_20250923_160352.pdf|
|23529|23529|80276259||BL_23529_23529_80276259_20250924_172200.pdf|
|23529|23529|80279868||BL_23529_23529_80279868_20251017_164833.pdf|
|23529|23529|80280023||BL_23529_23529_80280023_20251017_172019.pdf|
|23529|23529|80281277||BL_23529_23529_80281277_20251023_163955.pdf|
|23529|23529|80281440||BL_23529_23529_80281440_20251024_144702.pdf|
|23533|23533|80269178||BL_23533_23533_80269178_20250715_160253.pdf|
|23533|23533|80271494||BL_23533_23533_80271494_20250731_155056.pdf|
|23533|23533|80274600||BL_23533_23533_80274600_20250911_160132.pdf|
|23533|23533|80274966||BL_23533_23533_80274966_20250915_164850.pdf|
|23533|23533|80275548||BL_23533_23533_80275548_20250919_161616.pdf|
|23533|23533|80276243||BL_23533_23533_80276243_20250924_172113.pdf|
|23533|23533|80280092||BL_23533_23533_80280092_20251017_172056.pdf|
|23533|23533|80281247||BL_23533_23533_80281247_20251023_163617.pdf|
|23533|23533|80283042||BL_23533_23533_80283042_20251105_160620.pdf|
|23534|23534|80274108||BL_23534_23534_80274108_20250908_163246.pdf|
|23534|23534|80274780||BL_23534_23534_80274780_20250912_161027.pdf|
|23534|23534|80275852||BL_23534_23534_80275852_20250923_160131.pdf|
|23534|23534|80279943||BL_23534_23534_80279943_20251017_165351.pdf|
|23535|23535|80268447||BL_23535_23535_80268447_20250708_170753.pdf|
|23535|23535|80268813||BL_23535_23535_80268813_20250710_162303.pdf|
|23535|23535|80269748||BL_23535_23535_80269748_20250721_154607.pdf|
|23535|23535|80272227||BL_23535_23535_80272227_20250806_151646.pdf|
|23535|23535|80273215||BL_23535_23535_80273215_20250902_170459.pdf|
|23535|23535|80273705||BL_23535_23535_80273705_20250904_155351.pdf|
|23535|23535|80274432||BL_23535_23535_80274432_20250910_155043.pdf|
|23535|23535|80274924||BL_23535_23535_80274924_20250915_164703.pdf|
|23535|23535|80275338||BL_23535_23535_80275338_20250917_153647.pdf|
|23535|23535|80276111||BL_23535_23535_80276111_20250924_171855.pdf|
|23535|23535|80279769||BL_23535_23535_80279769_20251016_174743.pdf|
|23535|23535|80279910||BL_23535_23535_80279910_20251017_171817.pdf|
|23535|23535|80280018||BL_23535_23535_80280018_20251017_171923.pdf|
|23535|23535|80282205||BL_23535_23535_80282205_20251030_165008.pdf|
|23535|23535|80283258||BL_23535_23535_80283258_20251107_150231.pdf|
|23537|23537|80274524||BL_23537_23537_80274524_20250911_155246.pdf|
|23537|23537|80281543||BL_23537_23537_80281543_20251027_165141.pdf|
|23540|23540|80268228||BL_23540_23540_80268228_20250707_153403.pdf|
|23540|23540|80269443||BL_23540_23540_80269443_20250717_154911.pdf|
|23540|23540|80270218||BL_23540_23540_80270218_20250723_161906.pdf|
|23540|23540|80271205||BL_23540_23540_80271205_20250730_153320.pdf|
|23540|23540|80271349||BL_23540_23540_80271349_20250731_161635.pdf|
|23540|23540|80271716||BL_23540_23540_80271716_20250825_155758.pdf|
|23540|23540|80274328||BL_23540_23540_80274328_20250909_164243.pdf|
|23540|23540|80275388||BL_23540_23540_80275388_20250918_151726.pdf|
|23540|23540|80276255||BL_23540_23540_80276255_20250924_172206.pdf|
|23540|23540|80277762||BL_23540_23540_80277762_20251002_151827.pdf|
|23540|23540|80277930||BL_23540_23540_80277930_20251003_162322.pdf|
|23540|23540|80278749||BL_23540_23540_80278749_20251010_160246.pdf|
|23540|23540|80279193||BL_23540_23540_80279193_20251013_152403.pdf|
|23540|23540|80280024||BL_23540_23540_80280024_20251017_172018.pdf|
|23540|23540|80281905||BL_23540_23540_80281905_20251029_163619.pdf|
|23540|23540|80282636||BL_23540_23540_80282636_20251104_153108.pdf|
|23540|23540|80283622||BL_23540_23540_80283622_20251113_151932.pdf|
|23542|23542|80269991||BL_23542_23542_80269991_20250722_170526.pdf|
|23542|23542|80271024||BL_23542_23542_80271024_20250729_160424.pdf|
|23542|23542|80271480||BL_23542_23542_80271480_20250731_154934.pdf|
|23542|23542|80274145||BL_23542_23542_80274145_20250908_163519.pdf|
|23542|23542|80275431||BL_23542_23542_80275431_20250918_152140.pdf|
|23542|23542|80276151||BL_23542_23542_80276151_20250924_171903.pdf|
|23542|23542|80278055||BL_23542_23542_80278055_20251006_154732.pdf|
|23542|23542|80279738||BL_23542_23542_80279738_20251016_174520.pdf|
|23542|23542|80279934||BL_23542_23542_80279934_20251017_171906.pdf|
|23542|23542|80280209||BL_23542_23542_80280209_20251017_172336.pdf|
|23542|23542|80280857||BL_23542_23542_80280857_20251021_163856.pdf|
|23542|23542|80283590||BL_23542_23542_80283590_20251113_151810.pdf|
|23546|23546|80270818||BL_23546_23546_80270818_20250728_164948.pdf|
|23546|23546|80270819||BL_23546_23546_80270819_20250728_164942.pdf|
|23546|23546|80270820||BL_23546_23546_80270820_20250728_164935.pdf|
|23546|23546|80270821||BL_23546_23546_80270821_20250728_164933.pdf|
|23546|23546|80273846||BL_23546_23546_80273846_20250904_160355.pdf|
|23546|23546|80273847||BL_23546_23546_80273847_20250904_160353.pdf|
|23546|23546|80273848||BL_23546_23546_80273848_20250904_160339.pdf|
|23546|23546|80274453||BL_23546_23546_80274453_20250910_154920.pdf|
|23546|23546|80275884||BL_23546_23546_80275884_20250923_160213.pdf|
|23546|23546|80276307||BL_23546_23546_80276307_20250924_155029.pdf|
|23546|23546|80276308||BL_23546_23546_80276308_20250924_155022.pdf|
|23546|23546|80279631||BL_23546_23546_80279631_20251015_162243.pdf|
|23546|23546|80279632||BL_23546_23546_80279632_20251015_162256.pdf|
|23546|23546|80279633||BL_23546_23546_80279633_20251015_162302.pdf|
|23546|23546|80283065||BL_23546_23546_80283065_20251105_160848.pdf|
|23546|23546|80283066||BL_23546_23546_80283066_20251105_160832.pdf|
|23546|23546|80283520||BL_23546_23546_80283520_20251113_151703.pdf|
|23546|23546|80283521||BL_23546_23546_80283521_20251113_151700.pdf|
|23549|23549|80268389||BL_23549_23549_80268389_20250708_141610.pdf|
|23549|23549|80268783||BL_23549_23549_80268783_20250710_151753.pdf|
|23549|23549|80269983||BL_23549_23549_80269983_20250722_170234.pdf|
|23549|23549|80271832||BL_23549_23549_80271832_20250825_160456.pdf|
|23549|23549|80272303||BL_23549_23549_80272303_20250807_154632.pdf|
|23549|23549|80274602||BL_23549_23549_80274602_20250911_160119.pdf|
|23549|23549|80276223||BL_23549_23549_80276223_20250924_172045.pdf|
|23549|23549|80278211||BL_23549_23549_80278211_20251007_160420.pdf|
|23549|23549|80278964||BL_23549_23549_80278964_20251014_163406.pdf|
|23549|23549|80279452||BL_23549_23549_80279452_20251015_160136.pdf|
|23549|23549|80280192||BL_23549_23549_80280192_20251017_172403.pdf|
|23550|23550|80276906||BL_23550_23550_80276906_20250929_171347.pdf|
|23550|23550|80277407||BL_23550_23550_80277407_20250929_165951.pdf|
|23551|23551|80268680||BL_23551_23551_80268680_20250709_164900.pdf|
|23551|23551|80273770||BL_23551_23551_80273770_20250904_160249.pdf|
|23551|23551|80279281||BL_23551_23551_80279281_20251021_154624.pdf|
|23551|23551|80279405||BL_23551_23551_80279405_20251021_154721.pdf|
|23553|23553|80268548||BL_23553_23553_80268548_20250708_171205.pdf|
|23563|20316|80207955||BL_23563_20316_80207955_20240319_155310.pdf|
|23563|20316|80225674||BL_23563_20316_80225674_20240828_152007.pdf|
|23563|20316|80254406||BL_23563_20316_80254406_20250324_164224.pdf|
|23564|23564|80272795||BL_23564_23564_80272795_20250828_144629.pdf|
|23564|23564|80273032||BL_23564_23564_80273032_20250901_154121.pdf|
|23564|23564|80275225||BL_23564_23564_80275225_20250916_165104.pdf|
|23564|23564|80278796||BL_23564_23564_80278796_20251010_160810.pdf|
|23564|23564|80280839||BL_23564_23564_80280839_20251021_163453.pdf|
|23564|23564|80283537||BL_23564_23564_80283537_20251113_151649.pdf|
|23566|23566|80271633||BL_23566_23566_80271633_20250825_155128.pdf|
|23566|23566|80274777||BL_23566_23566_80274777_20250912_161650.pdf|
|23566|23566|80278800||BL_23566_23566_80278800_20251010_163212.pdf|
|23566|23566|80279543||BL_23566_23566_80279543_20251017_173111.pdf|
|23566|23566|80281450||BL_23566_23566_80281450_20251024_170754.pdf|
|23569|23569|80269187||BL_23569_23569_80269187_20250715_160212.pdf|
|23569|23569|80277712||BL_23569_23569_80277712_20251002_155039.pdf|
|23569|23569|80282123||BL_23569_23569_80282123_20251030_171024.pdf|
|23569|23569|80282893||BL_23569_23569_80282893_20251105_154843.pdf|
|23571|23571|80268994||BL_23571_23571_80268994_20250711_160245.pdf|
|23571|23571|80271806||BL_23571_23571_80271806_20250825_160358.pdf|
|23571|23571|80274842||BL_23571_23571_80274842_20250915_170315.pdf|
|23571|23571|80276193||BL_23571_23571_80276193_20250924_172017.pdf|
|23571|23571|80278893||BL_23571_23571_80278893_20251013_164909.pdf|
|23571|23571|80279998||BL_23571_23571_80279998_20251017_171846.pdf|
|23571|23571|80282189||BL_23571_23571_80282189_20251030_171649.pdf|
|23571|23571|80282237||BL_23571_23571_80282237_20251030_165139.pdf|
|23571|23571|80282538||BL_23571_23571_80282538_20251103_161021.pdf|
|23572|20318|80270887||BL_23572_20318_80270887_20250728_165710.pdf|
|23572|20318|80271149||BL_23572_20318_80271149_20250730_154617.pdf|
|23572|20318|80274329||BL_23572_20318_80274329_20250909_164239.pdf|
|23572|20318|80275239||BL_23572_20318_80275239_20250916_154707.pdf|
|23572|20318|80278235||BL_23572_20318_80278235_20251007_154812.pdf|
|23572|20318|80280071||BL_23572_20318_80280071_20251017_172021.pdf|
|23572|20318|80280862||BL_23572_20318_80280862_20251021_163850.pdf|
|23572|20318|80281596||BL_23572_20318_80281596_20251027_163703.pdf|
|23572|20318|80283142||BL_23572_20318_80283142_20251106_143103.pdf|
|23573|23573|80268416||BL_23573_23573_80268416_20250708_170601.pdf|
|23573|23573|80275299||BL_23573_23573_80275299_20250917_153241.pdf|
|23573|23573|80282664||BL_23573_23573_80282664_20251104_153135.pdf|
|23575|23575|80272815||BL_23575_23575_80272815_20250828_144716.pdf|
|23575|23575|80272977||BL_23575_23575_80272977_20250901_153313.pdf|
|23575|23575|80273323||BL_23575_23575_80273323_20250903_155733.pdf|
|23575|23575|80277774||BL_23575_23575_80277774_20251002_155424.pdf|
|23575|23575|80281960||BL_23575_23575_80281960_20251029_164148.pdf|
|23580|23580|80271246||BL_23580_23580_80271246_20250730_153527.pdf|
|23580|23580|80271327||BL_23580_23580_80271327_20250730_153639.pdf|
|23580|23580|80275310||BL_23580_23580_80275310_20250917_153533.pdf|
|23588|23588|80270449||BL_23588_23588_80270449_20250724_161735.pdf|
|23588|23588|80271232||BL_23588_23588_80271232_20250730_153549.pdf|
|23588|23588|80276865||BL_23588_23588_80276865_20250929_170534.pdf|
|23588|23588|80279474||BL_23588_23588_80279474_20251015_160201.pdf|
|23588|23588|80281929||BL_23588_23588_80281929_20251029_160138.pdf|
|23588|23588|80282918||BL_23588_23588_80282918_20251105_155018.pdf|
|23588|23588|80283021||BL_23588_23588_80283021_20251105_160412.pdf|
|23588|23588|80283618||BL_23588_23588_80283618_20251113_151919.pdf|
|23590|23590|80271126||BL_23590_23590_80271126_20250730_154606.pdf|
|23590|23590|80271276||BL_23590_23590_80271276_20250730_155050.pdf|
|23590|23590|80273758||BL_23590_23590_80273758_20250904_160013.pdf|
|23590|23590|80276771||BL_23590_23590_80276771_20250926_154007.pdf|
|23590|23590|80277967||BL_23590_23590_80277967_20251003_162628.pdf|
|23590|23590|80281832||BL_23590_23590_80281832_20251028_165526.pdf|
|23592|23592|80273204||BL_23592_23592_80273204_20250902_170546.pdf|
|23592|23592|80274996||BL_23592_23592_80274996_20250915_171718.pdf|
|23592|23592|80277058||BL_23592_23592_80277058_20250929_165320.pdf|
|23592|23592|80280279||BL_23592_23592_80280279_20251020_180317.pdf|
|23592|23592|80281101||BL_23592_23592_80281101_20251022_153220.pdf|
|23592|23592|80282309||BL_23592_23592_80282309_20251031_144627.pdf|
|23592|23592|80283333||BL_23592_23592_80283333_20251112_154602.pdf|
|23592|23592|80283466||BL_23592_23592_80283466_20251112_162554.pdf|
|23592|23592|80283686||BL_23592_23592_80283686_20251113_151954.pdf|
|23593|23593|80268265||BL_23593_23593_80268265_20250707_153816.pdf|
|23593|23593|80269757||BL_23593_23593_80269757_20250721_160443.pdf|
|23593|23593|80270899||BL_23593_23593_80270899_20250728_170106.pdf|
|23593|23593|80271945||BL_23593_23593_80271945_20250801_150219.pdf|
|23593|23593|80272009||BL_23593_23593_80272009_20250804_160233.pdf|
|23593|23593|80273495||BL_23593_23593_80273495_20250903_160449.pdf|
|23593|23593|80274744||BL_23593_23593_80274744_20250912_160922.pdf|
|23593|23593|80276181||BL_23593_23593_80276181_20250924_172022.pdf|
|23593|23593|80277470||BL_23593_23593_80277470_20250930_163420.pdf|
|23593|23593|80277622||BL_23593_23593_80277622_20251001_161838.pdf|
|23593|23593|80278603||BL_23593_23593_80278603_20251009_162257.pdf|
|23593|23593|80278680||BL_23593_23593_80278680_20251013_164730.pdf|
|23593|23593|80278974||BL_23593_23593_80278974_20251013_164738.pdf|
|23593|23593|80279462||BL_23593_23593_80279462_20251015_160212.pdf|
|23593|23593|80279766||BL_23593_23593_80279766_20251016_174813.pdf|
|23593|23593|80280049||BL_23593_23593_80280049_20251017_165718.pdf|
|23593|23593|80281095||BL_23593_23593_80281095_20251022_153229.pdf|
|23593|23593|80281909||BL_23593_23593_80281909_20251029_163535.pdf|
|23593|23593|80283133||BL_23593_23593_80283133_20251106_144705.pdf|
|23593|23593|80283342||BL_23593_23593_80283342_20251112_161810.pdf|
|23594|23594|80274867||BL_23594_23594_80274867_20250915_171024.pdf|
|23594|23594|80275212||BL_23594_23594_80275212_20250916_164817.pdf|
|23594|23594|80281971||BL_23594_23594_80281971_20251029_164045.pdf|
|23595|23595|80268849||BL_23595_23595_80268849_20250710_162401.pdf|
|23595|23595|80273894||BL_23595_23595_80273894_20250905_154620.pdf|
|23595|23595|80281005||BL_23595_23595_80281005_20251022_162033.pdf|
|23595|23595|80281049||BL_23595_23595_80281049_20251022_162420.pdf|
|23595|23595|80281713||BL_23595_23595_80281713_20251028_163540.pdf|
|23603|23603|80269984||BL_23603_23603_80269984_20250722_170244.pdf|
|23603|23603|80273014||BL_23603_23603_80273014_20250901_151751.pdf|
|23603|23603|80273173||BL_23603_23603_80273173_20250902_163342.pdf|
|23603|23603|80273482||BL_23603_23603_80273482_20250903_160152.pdf|
|23603|23603|80276387||BL_23603_23603_80276387_20250924_172325.pdf|
|23603|23603|80279302||BL_23603_23603_80279302_20251015_163152.pdf|
|23603|23603|80279640||BL_23603_23603_80279640_20251022_114541.pdf|
|23603|23603|80279641||BL_23603_23603_80279641_20251022_114543.pdf|
|23603|23603|80280510||BL_23603_23603_80280510_20251020_163854.pdf|
|23603|23603|80281203||BL_23603_23603_80281203_20251027_163232.pdf|
|23603|23603|80283030||BL_23603_23603_80283030_20251105_155200.pdf|
|23606|23606|80268920||BL_23606_23606_80268920_20250710_151911.pdf|
|23606|23606|80269346||BL_23606_23606_80269346_20250716_151756.pdf|
|23606|23606|80278112||BL_23606_23606_80278112_20251006_161326.pdf|
|23606|23606|80283241||BL_23606_23606_80283241_20251107_143142.pdf|
|23606|23606|80283314||BL_23606_23606_80283314_20251107_143254.pdf|
|23606|23606|80283415||BL_23606_23606_80283415_20251112_154704.pdf|
|23607|23607|80268437||BL_23607_23607_80268437_20250708_170817.pdf|
|23607|23607|80270004||BL_23607_23607_80270004_20250722_170358.pdf|
|23607|23607|80270241||BL_23607_23607_80270241_20250723_162000.pdf|
|23607|23607|80271063||BL_23607_23607_80271063_20250729_160759.pdf|
|23607|23607|80271420||BL_23607_23607_80271420_20250731_154716.pdf|
|23607|23607|80271763||BL_23607_23607_80271763_20250825_164040.pdf|
|23607|23607|80271993||BL_23607_23607_80271993_20250804_160308.pdf|
|23607|23607|80272748||BL_23607_23607_80272748_20250827_150331.pdf|
|23607|23607|80274900||BL_23607_23607_80274900_20250915_171121.pdf|
|23607|23607|80276196||BL_23607_23607_80276196_20250924_172012.pdf|
|23607|23607|80280002||BL_23607_23607_80280002_20251017_171851.pdf|
|23607|23607|80280877||BL_23607_23607_80280877_20251021_155142.pdf|
|23608|23608|80270920||BL_23608_23608_80270920_20250728_170331.pdf|
|23608|23608|80271156||BL_23608_23608_80271156_20250730_153312.pdf|
|23608|23608|80273698||BL_23608_23608_80273698_20250904_155443.pdf|
|23608|23608|80277614||BL_23608_23608_80277614_20251001_161903.pdf|
|23608|23608|80281575||BL_23608_23608_80281575_20251027_165408.pdf|
|23608|23608|80282051||BL_23608_23608_80282051_20251030_170326.pdf|
|23608|23608|80282809||BL_23608_23608_80282809_20251105_154710.pdf|
|23618|23618|80268213||BL_23618_23618_80268213_20250707_153154.pdf|
|23618|23618|80273609||BL_23618_23618_80273609_20250903_160759.pdf|
|23618|23618|80277516||BL_23618_23618_80277516_20250930_170213.pdf|
|23618|23618|80277793||BL_23618_23618_80277793_20251002_155649.pdf|
|23618|23618|80277794||BL_23618_23618_80277794_20251002_155647.pdf|
|23618|23618|80283343||BL_23618_23618_80283343_20251112_162033.pdf|
|23619|23619|80272731||BL_23619_23619_80272731_20250827_150201.pdf|
|23619|23619|80273696||BL_23619_23619_80273696_20250904_155447.pdf|
|23619|23619|80276556||BL_23619_23619_80276556_20250925_162003.pdf|
|23619|23619|80277266||BL_23619_23619_80277266_20250929_165813.pdf|
|23619|23619|80278758||BL_23619_23619_80278758_20251010_160625.pdf|
|23619|23619|80280478||BL_23619_23619_80280478_20251020_163812.pdf|
|23620|23620|80270781||BL_23620_23620_80270781_20250728_150120.pdf|
|23620|23620|80281224||BL_23620_23620_80281224_20251028_163143.pdf|
|23620|23620|80281320||BL_23620_23620_80281320_20251028_163149.pdf|
|23622|23622|80269812||BL_23622_23622_80269812_20250721_160830.pdf|
|23622|23622|80275274||BL_23622_23622_80275274_20250916_165235.pdf|
|23622|23622|80275275||BL_23622_23622_80275275_20250916_165237.pdf|
|23622|23622|80281821||BL_23622_23622_80281821_20251028_165236.pdf|
|23623|23623|80274326||BL_23623_23623_80274326_20250909_164259.pdf|
|23623|23623|80275207||BL_23623_23623_80275207_20250916_154736.pdf|
|23623|23623|80279829||BL_23623_23623_80279829_20251022_162245.pdf|
|23623|23623|80282297||BL_23623_23623_80282297_20251031_144635.pdf|
|23623|23623|80283070||BL_23623_23623_80283070_20251105_155129.pdf|
|23624|23624|80268688||BL_23624_23624_80268688_20250709_164852.pdf|
|23624|23624|80269663||BL_23624_23624_80269663_20250718_153844.pdf|
|23624|23624|80269664||BL_23624_23624_80269664_20250717_160116.pdf|
|23624|23624|80270540||BL_23624_23624_80270540_20250724_170223.pdf|
|23624|23624|80272024||BL_23624_23624_80272024_20250804_160404.pdf|
|23624|23624|80273343||BL_23624_23624_80273343_20250902_170945.pdf|
|23624|23624|80274905||BL_23624_23624_80274905_20250915_171035.pdf|
|23624|23624|80275715||BL_23624_23624_80275715_20250922_154724.pdf|
|23624|23624|80278366||BL_23624_23624_80278366_20251007_154932.pdf|
|23624|23624|80281238||BL_23624_23624_80281238_20251023_165132.pdf|
|23627|23627|80270282||BL_23627_23627_80270282_20250723_162205.pdf|
|23627|23627|80272252||BL_23627_23627_80272252_20250806_154617.pdf|
|23627|23627|80272270||BL_23627_23627_80272270_20250806_154730.pdf|
|23627|23627|80274239||BL_23627_23627_80274239_20250909_163207.pdf|
|23627|23627|80275227||BL_23627_23627_80275227_20250916_165052.pdf|
|23627|23627|80275860||BL_23627_23627_80275860_20250923_162016.pdf|
|23627|23627|80277872||BL_23627_23627_80277872_20251002_155847.pdf|
|23627|23627|80282704||BL_23627_23627_80282704_20251104_160844.pdf|
|23632|27012|80277949||BL_23632_27012_80277949_20251003_162506.pdf|
|23633|23633|80269170||BL_23633_23633_80269170_20250715_160314.pdf|
|23633|23633|80270926||BL_23633_23633_80270926_20250728_150333.pdf|
|23633|23633|80277636||BL_23633_23633_80277636_20251001_160240.pdf|
|23633|23633|80283251||BL_23633_23633_80283251_20251107_150328.pdf|
|23635|23635|80271428||BL_23635_23635_80271428_20250731_162334.pdf|
|23635|23635|80274102||BL_23635_23635_80274102_20250908_160245.pdf|
|23635|23635|80275716||BL_23635_23635_80275716_20250922_161853.pdf|
|23635|23635|80276008||BL_23635_23635_80276008_20250923_160336.pdf|
|23635|23635|80280817||BL_23635_23635_80280817_20251022_154921.pdf|
|23637|23637|80268805||BL_23637_23637_80268805_20250710_161927.pdf|
|23637|23637|80273258||BL_23637_23637_80273258_20250903_155238.pdf|
|23637|23637|80275395||BL_23637_23637_80275395_20250918_143123.pdf|
|23637|23637|80276864||BL_23637_23637_80276864_20250929_164800.pdf|
|23637|23637|80280255||BL_23637_23637_80280255_20251020_163247.pdf|
|23637|23637|80281570||BL_23637_23637_80281570_20251027_165250.pdf|
|23637|23637|80282176||BL_23637_23637_80282176_20251030_174759.pdf|
|23638|20320|80275968||BL_23638_20320_80275968_20250923_160229.pdf|
|23638|20320|80282455||BL_23638_20320_80282455_20251103_160343.pdf|
|23639|23639|80276718||BL_23639_23639_80276718_20250926_143145.pdf|
|23640|23640|80270629||BL_23640_23640_80270629_20250725_120346.pdf|
|23640|23640|80278891||BL_23640_23640_80278891_20251014_164800.pdf|
|23640|23640|80282797||BL_23640_23640_80282797_20251105_154727.pdf|
|23641|23641|80272237||BL_23641_23641_80272237_20250806_154653.pdf|
|23641|23641|80283533||BL_23641_23641_80283533_20251113_154636.pdf|
|23642|23642|80269871||BL_23642_23642_80269871_20250721_153219.pdf|
|23642|23642|80274778||BL_23642_23642_80274778_20250912_161700.pdf|
|23642|23642|80275774||BL_23642_23642_80275774_20250922_154646.pdf|
|23642|23642|80281452||BL_23642_23642_80281452_20251024_170744.pdf|
|23647|23647|80273128||BL_23647_23647_80273128_20250902_170440.pdf|
|23647|23647|80283385||BL_23647_23647_80283385_20251112_162142.pdf|
|23647|23647|80283667||BL_23647_23647_80283667_20251113_152011.pdf|
|23649|23649|80274917||BL_23649_23649_80274917_20250915_171431.pdf|
|23649|23649|80283377||BL_23649_23649_80283377_20251112_162216.pdf|
|23651|23651|80278070||BL_23651_23651_80278070_20251006_154646.pdf|
|23651|23651|80279454||BL_23651_23651_80279454_20251015_160140.pdf|
|23652|23652|80271184||BL_23652_23652_80271184_20250730_154836.pdf|
|23652|23652|80272876||BL_23652_23652_80272876_20250829_144749.pdf|
|23652|23652|80273203||BL_23652_23652_80273203_20250902_170550.pdf|
|23652|23652|80275911||BL_23652_23652_80275911_20250923_162059.pdf|
|23652|23652|80276538||BL_23652_23652_80276538_20250925_164006.pdf|
|23652|23652|80277180||BL_23652_23652_80277180_20250929_165551.pdf|
|23652|23652|80281730||BL_23652_23652_80281730_20251028_163515.pdf|
|23652|23652|80281900||BL_23652_23652_80281900_20251029_163654.pdf|
|23653|23653|80282831||BL_23653_23653_80282831_20251105_150129.pdf|
|23653|23653|80283623||BL_23653_23653_80283623_20251113_151934.pdf|
|23655|23655|80276277||BL_23655_23655_80276277_20250924_154822.pdf|
|23655|23655|80276487||BL_23655_23655_80276487_20250925_161645.pdf|
|23655|23655|80277087||BL_23655_23655_80277087_20250929_165342.pdf|
|23655|23655|80279134||BL_23655_23655_80279134_20251013_152134.pdf|
|23655|23655|80281738||BL_23655_23655_80281738_20251028_163839.pdf|
|23655|23655|80283669||BL_23655_23655_80283669_20251113_155510.pdf|
|23657|23657|80274242||BL_23657_23657_80274242_20250909_164717.pdf|
|23657|23657|80277242||BL_23657_23657_80277242_20250929_165741.pdf|
|23657|23657|80279469||BL_23657_23657_80279469_20251015_160209.pdf|
|23657|23657|80280607||BL_23657_23657_80280607_20251017_123050.pdf|
|23657|23657|80281721||BL_23657_23657_80281721_20251028_163528.pdf|
|23659|23659|80277955||BL_23659_23659_80277955_20251003_162430.pdf|
|23659|23659|80278539||BL_23659_23659_80278539_20251009_161802.pdf|
|23659|23659|80282299||BL_23659_23659_80282299_20251031_155207.pdf|
|23659|23659|80282563||BL_23659_23659_80282563_20251103_161218.pdf|
|23660|23660|80268314||BL_23660_23660_80268314_20250707_154122.pdf|
|23660|23660|80271889||BL_23660_23660_80271889_20250801_150121.pdf|
|23660|23660|80273048||BL_23660_23660_80273048_20250901_153949.pdf|
|23660|23660|80273049||BL_23660_23660_80273049_20250901_153943.pdf|
|23660|23660|80277513||BL_23660_23660_80277513_20250930_164000.pdf|
|23660|23660|80277823||BL_23660_23660_80277823_20251002_155755.pdf|
|23660|23660|80282466||BL_23660_23660_80282466_20251103_160731.pdf|
|23661|23661|80269155||BL_23661_23661_80269155_20250715_160146.pdf|
|23661|23661|80270681||BL_23661_23661_80270681_20250725_113229.pdf|
|23661|23661|80272054||BL_23661_23661_80272054_20250804_160433.pdf|
|23661|23661|80276595||BL_23661_23661_80276595_20250925_164621.pdf|
|23661|23661|80282495||BL_23661_23661_80282495_20251103_160850.pdf|
|23665|23665|80268509||BL_23665_23665_80268509_20250708_171132.pdf|
|23665|23665|80272033||BL_23665_23665_80272033_20250804_160343.pdf|
|23665|23665|80275201||BL_23665_23665_80275201_20250916_164857.pdf|
|23665|23665|80275891||BL_23665_23665_80275891_20250923_160206.pdf|
|23665|23665|80281015||BL_23665_23665_80281015_20251022_155914.pdf|
|23666|23666|80276885||BL_23666_23666_80276885_20250929_170819.pdf|
|23666|23666|80278084||BL_23666_23666_80278084_20251006_161152.pdf|
|23666|23666|80282879||BL_23666_23666_80282879_20251105_154905.pdf|
|23670|23670|80269213||BL_23670_23670_80269213_20250715_160740.pdf|
|23670|23670|80269834||BL_23670_23670_80269834_20250721_153122.pdf|
|23670|23670|80276578||BL_23670_23670_80276578_20250925_164254.pdf|
|23670|23670|80283560||BL_23670_23670_80283560_20251113_154830.pdf|
|23671|23671|80274876||BL_23671_23671_80274876_20250915_170921.pdf|
|23671|23671|80277036||BL_23671_23671_80277036_20250929_165143.pdf|
|23671|23671|80280311||BL_23671_23671_80280311_20251020_163421.pdf|
|23671|23671|80282137||BL_23671_23671_80282137_20251030_164817.pdf|
|23677|23677|80270615||BL_23677_23677_80270615_20250725_120436.pdf|
|23677|23677|80271726||BL_23677_23677_80271726_20250825_155717.pdf|
|23677|23677|80278195||BL_23677_23677_80278195_20251007_160302.pdf|
|23677|23677|80281293||BL_23677_23677_80281293_20251023_165159.pdf|
|23677|23677|80281421||BL_23677_23677_80281421_20251024_144730.pdf|
|23677|23677|80282786||BL_23677_23677_80282786_20251105_154652.pdf|
|23678|23678|80268857||BL_23678_23678_80268857_20250710_162704.pdf|
|23678|23678|80270533||BL_23678_23678_80270533_20250724_165938.pdf|
|23678|23678|80274915||BL_23678_23678_80274915_20250915_171450.pdf|
|23678|23678|80276198||BL_23678_23678_80276198_20250924_172009.pdf|
|23678|23678|80280004||BL_23678_23678_80280004_20251017_171945.pdf|
|23678|23678|80280642||BL_23678_23678_80280642_20251020_161823.pdf|
|23678|23678|80280896||BL_23678_23678_80280896_20251021_163757.pdf|
|23678|23678|80283577||BL_23678_23678_80283577_20251113_151829.pdf|
|23679|23679|80269607||BL_23679_23679_80269607_20250718_153337.pdf|
|23679|23679|80271402||BL_23679_23679_80271402_20250731_162103.pdf|
|23679|23679|80271730||BL_23679_23679_80271730_20250825_155706.pdf|
|23679|23679|80272915||BL_23679_23679_80272915_20250829_153124.pdf|
|23679|23679|80274908||BL_23679_23679_80274908_20250915_171609.pdf|
|23679|23679|80277041||BL_23679_23679_80277041_20250929_165243.pdf|
|23679|23679|80280317||BL_23679_23679_80280317_20251020_163427.pdf|
|23679|23679|80280665||BL_23679_23679_80280665_20251021_154849.pdf|
|23680|23680|80274769||BL_23680_23680_80274769_20250912_161202.pdf|
|23680|23680|80276476||BL_23680_23680_80276476_20250925_161654.pdf|
|23680|23680|80277013||BL_23680_23680_80277013_20250929_165112.pdf|
|23680|23680|80280540||BL_23680_23680_80280540_20251020_163933.pdf|
|23680|23680|80280715||BL_23680_23680_80280715_20251021_163652.pdf|
|23680|23680|80280904||BL_23680_23680_80280904_20251021_164632.pdf|
|23680|23680|80283117||BL_23680_23680_80283117_20251106_154635.pdf|
|23684|23684|80270609||BL_23684_23684_80270609_20250725_120535.pdf|
|23684|23684|80271171||BL_23684_23684_80271171_20250730_153242.pdf|
|23684|23684|80273868||BL_23684_23684_80273868_20250905_161047.pdf|
|23684|23684|80276741||BL_23684_23684_80276741_20250926_150300.pdf|
|23684|23684|80277303||BL_23684_23684_80277303_20250929_165929.pdf|
|23684|23684|80279157||BL_23684_23684_80279157_20251013_152347.pdf|
|23684|23684|80279883||BL_23684_23684_80279883_20251017_165022.pdf|
|23684|23684|80280555||BL_23684_23684_80280555_20251020_163913.pdf|
|23685|23685|80270910||BL_23685_23685_80270910_20250728_170007.pdf|
|23685|23685|80274147||BL_23685_23685_80274147_20250909_163055.pdf|
|23685|23685|80277287||BL_23685_23685_80277287_20250929_165848.pdf|
|23685|23685|80280450||BL_23685_23685_80280450_20251020_163731.pdf|
|23686|23686|80269487||BL_23686_23686_80269487_20250717_155306.pdf|
|23686|23686|80275596||BL_23686_23686_80275596_20250919_165518.pdf|
|23686|23686|80283034||BL_23686_23686_80283034_20251105_160718.pdf|
|23686|23686|80283640||BL_23686_23686_80283640_20251113_151902.pdf|
|23690|23690|80273229||BL_23690_23690_80273229_20250902_170716.pdf|
|23690|23690|80274344||BL_23690_23690_80274344_20250909_164047.pdf|
|23690|23690|80278205||BL_23690_23690_80278205_20251007_160505.pdf|
|23690|23690|80279840||BL_23690_23690_80279840_20251017_164650.pdf|
|23690|23690|80281176||BL_23690_23690_80281176_20251023_164629.pdf|
|23690|23690|80281714||BL_23690_23690_80281714_20251028_163539.pdf|
|23696|23696|80281761||BL_23696_23696_80281761_20251028_165204.pdf|
|23697|23697|80272890||BL_23697_23697_80272890_20250829_144721.pdf|
|23697|23697|80273190||BL_23697_23697_80273190_20250903_155051.pdf|
|23697|23697|80274743||BL_23697_23697_80274743_20250912_160934.pdf|
|23697|23697|80274943||BL_23697_23697_80274943_20250915_164818.pdf|
|23697|23697|80277003||BL_23697_23697_80277003_20250929_165129.pdf|
|23697|23697|80280293||BL_23697_23697_80280293_20251020_163323.pdf|
|23697|23697|80281669||BL_23697_23697_80281669_20251029_163458.pdf|
|23697|23697|80281861||BL_23697_23697_80281861_20251029_163418.pdf|
|23699|23699|80275102||BL_23699_23699_80275102_20250916_163341.pdf|
|23699|23699|80276952||BL_23699_23699_80276952_20250929_164926.pdf|
|23699|23699|80280234||BL_23699_23699_80280234_20251020_163211.pdf|
|23699|23699|80281741||BL_23699_23699_80281741_20251028_164950.pdf|
|23699|23699|80282167||BL_23699_23699_80282167_20251030_171506.pdf|
|23700|23700|80278047||BL_23700_23700_80278047_20251006_160655.pdf|
|23700|23700|80282986||BL_23700_23700_80282986_20251105_160446.pdf|
|23703|23703|80270888||BL_23703_23703_80270888_20250728_150202.pdf|
|23703|23703|80278203||BL_23703_23703_80278203_20251007_160520.pdf|
|23703|23703|80281554||BL_23703_23703_80281554_20251027_165112.pdf|
|23703|23703|80282781||BL_23703_23703_80282781_20251105_154658.pdf|
|23703|23703|80283108||BL_23703_23703_80283108_20251106_144753.pdf|
|23704|23704|80270925||BL_23704_23704_80270925_20250728_170319.pdf|
|23704|23704|80271151||BL_23704_23704_80271151_20250730_153122.pdf|
|23704|23704|80271746||BL_23704_23704_80271746_20250825_164055.pdf|
|23704|23704|80272744||BL_23704_23704_80272744_20250827_150340.pdf|
|23704|23704|80274389||BL_23704_23704_80274389_20250910_160535.pdf|
|23704|23704|80275778||BL_23704_23704_80275778_20250922_154637.pdf|
|23704|23704|80277230||BL_23704_23704_80277230_20250929_165758.pdf|
|23704|23704|80280595||BL_23704_23704_80280595_20251020_164111.pdf|
|23704|23704|80281531||BL_23704_23704_80281531_20251027_163455.pdf|
|23705|23705|80268679||BL_23705_23705_80268679_20250709_160235.pdf|
|23705|23705|80273313||BL_23705_23705_80273313_20250902_170814.pdf|
|23705|23705|80277488||BL_23705_23705_80277488_20250930_163741.pdf|
|23705|23705|80277828||BL_23705_23705_80277828_20251002_155741.pdf|
|23705|23705|80278096||BL_23705_23705_80278096_20251006_161102.pdf|
|23705|23705|80282701||BL_23705_23705_80282701_20251104_153214.pdf|
|23706|23706|80270320||BL_23706_23706_80270320_20250723_162427.pdf|
|23706|23706|80274441||BL_23706_23706_80274441_20250910_160646.pdf|
|23706|23706|80281012||BL_23706_23706_80281012_20251022_155535.pdf|
|23706|23706|80281468||BL_23706_23706_80281468_20251024_144653.pdf|
|23707|23707|80269976||BL_23707_23707_80269976_20250722_170147.pdf|
|23707|23707|80277901||BL_23707_23707_80277901_20251003_163141.pdf|
|23707|23707|80281119||BL_23707_23707_80281119_20251022_160246.pdf|
|23707|23707|80282808||BL_23707_23707_80282808_20251105_154711.pdf|
|23708|23708|80271434||BL_23708_23708_80271434_20250731_154653.pdf|
|23708|23708|80271555||BL_23708_23708_80271555_20250731_155059.pdf|
|23708|23708|80273050||BL_23708_23708_80273050_20250901_154230.pdf|
|23708|23708|80275460||BL_23708_23708_80275460_20250918_152828.pdf|
|23708|23708|80282090||BL_23708_23708_80282090_20251030_170415.pdf|
|25107|25110|80268429||BL_25107_25110_80268429_20250708_170456.pdf|
|25107|25110|80270013||BL_25107_25110_80270013_20250722_170715.pdf|
|25107|25110|80271500||BL_25107_25110_80271500_20250731_162832.pdf|
|25107|25110|80271862||BL_25107_25110_80271862_20250801_153255.pdf|
|25107|25110|80272230||BL_25107_25110_80272230_20250806_151638.pdf|
|25107|25110|80272785||BL_25107_25110_80272785_20250828_151653.pdf|
|25107|25110|80273614||BL_25107_25110_80273614_20250904_154635.pdf|
|25107|25110|80274236||BL_25107_25110_80274236_20250909_163246.pdf|
|25107|25110|80274555||BL_25107_25110_80274555_20250911_155806.pdf|
|25107|25110|80274951||BL_25107_25110_80274951_20250915_164803.pdf|
|25107|25110|80276140||BL_25107_25110_80276140_20250924_171921.pdf|
|25107|25110|80276511||BL_25107_25110_80276511_20250925_180349.pdf|
|25107|25110|80276730||BL_25107_25110_80276730_20250926_150313.pdf|
|25107|25110|80277483||BL_25107_25110_80277483_20250930_163814.pdf|
|25107|25110|80279524||BL_25107_25110_80279524_20251015_160232.pdf|
|25107|25110|80280174||BL_25107_25110_80280174_20251017_172326.pdf|
|25107|25110|80282346||BL_25107_25110_80282346_20251031_155305.pdf|
|25107|25110|80282668||BL_25107_25110_80282668_20251104_160653.pdf|
|25108|25108|80190644||BL_25108_25108_80190644_20231116_162744.pdf|
|25108|25108|80191123||BL_25108_25108_80191123_20231120_164401.pdf|
|25108|25108|80191361||BL_25108_25108_80191361_20231121_161138.pdf|
|25108|25108|80193087||BL_25108_25108_80193087_20231204_162702.pdf|
|25108|25108|80194443||BL_25108_25108_80194443_20231213_162253.pdf|
|25108|25108|80195513||BL_25108_25108_80195513_20231219_160424.pdf|
|25108|25108|80198291||BL_25108_25108_80198291_20240112_161224.pdf|
|25108|25108|80198808||BL_25108_25108_80198808_20240116_162939.pdf|
|25108|25108|80202044||BL_25108_25108_80202044_20240212_165022.pdf|
|25108|25108|80202482||BL_25108_25108_80202482_20240213_162248.pdf|
|25108|25108|80203012||BL_25108_25108_80203012_20240216_163649.pdf|
|25108|25108|80203450||BL_25108_25108_80203450_20240220_143254.pdf|
|25108|25108|80205209||BL_25108_25108_80205209_20240229_174035.pdf|
|25108|25108|80207656||BL_25108_25108_80207656_20240318_164437.pdf|
|25108|25108|80208266||BL_25108_25108_80208266_20240322_155217.pdf|
|25108|25108|80209823||BL_25108_25108_80209823_20240329_174800.pdf|
|25108|25108|80212095||BL_25108_25108_80212095_20240417_154641.pdf|
|25108|25108|80212886||BL_25108_25108_80212886_20240424_142333.pdf|
|25108|25108|80214474||BL_25108_25108_80214474_20240507_164745.pdf|
|25108|25108|80215616||BL_25108_25108_80215616_20240517_133241.pdf|
|25108|25108|80220029||BL_25108_25108_80220029_20240624_165440.pdf|
|25108|25108|80221848||BL_25108_25108_80221848_20240708_154013.pdf|
|25108|25108|80222575||BL_25108_25108_80222575_20240715_154640.pdf|
|25108|25108|80222709||BL_25108_25108_80222709_20240716_164250.pdf|
|25108|25108|80224123||BL_25108_25108_80224123_20240729_160751.pdf|
|25108|25108|80225786||BL_25108_25108_80225786_20240829_155704.pdf|
|25108|25108|80226205||BL_25108_25108_80226205_20240903_170251.pdf|
|25108|25108|80226718||BL_25108_25108_80226718_20240904_094219.pdf|
|25108|25108|80226719||BL_25108_25108_80226719_20240904_094616.pdf|
|25108|25108|80226722||BL_25108_25108_80226722_20240904_095114.pdf|
|25108|25108|80226724||BL_25108_25108_80226724_20240904_095605.pdf|
|25108|25108|80227529||BL_25108_25108_80227529_20240910_154349.pdf|
|25108|25108|80229653||BL_25108_25108_80229653_20240930_102511.pdf|
|25108|25108|80231508||BL_25108_25108_80231508_20241015_162824.pdf|
|25108|25108|80233129||BL_25108_25108_80233129_20241028_165901.pdf|
|25108|25108|80234237||BL_25108_25108_80234237_20241107_162033.pdf|
|25108|25108|80236403||BL_25108_25108_80236403_20241127_160905.pdf|
|25108|25108|80238412||BL_25108_25108_80238412_20241209_144706.pdf|
|25108|25108|80242604||BL_25108_25108_80242604_20250110_171958.pdf|
|25108|25108|80243020||BL_25108_25108_80243020_20250114_161608.pdf|
|25108|25108|80243606||BL_25108_25108_80243606_20250117_162236.pdf|
|25108|25108|80251263||BL_25108_25108_80251263_20250304_162438.pdf|
|25108|25108|80252701||BL_25108_25108_80252701_20250310_165958.pdf|
|25108|25108|80255767||BL_25108_25108_80255767_20250401_165207.pdf|
|25108|25108|80257010||BL_25108_25108_80257010_20250409_162134.pdf|
|25109|25109|80276272||BL_25109_25109_80276272_20250924_154901.pdf|
|25109|25109|80281399||BL_25109_25109_80281399_20251024_170556.pdf|
|25109|25109|80281802||BL_25109_25109_80281802_20251029_160221.pdf|
|25111|25111|80269307||BL_25111_25111_80269307_20250716_163241.pdf|
|25111|25111|80271212||BL_25111_25111_80271212_20250730_153453.pdf|
|25111|25111|80271662||BL_25111_25111_80271662_20250826_091614.pdf|
|25111|25111|80278557||BL_25111_25111_80278557_20251014_164848.pdf|
|25111|25111|80280691||BL_25111_25111_80280691_20251017_160224.pdf|
|25111|25111|80280758||BL_25111_25111_80280758_20251020_180756.pdf|
|25111|25111|80282792||BL_25111_25111_80282792_20251105_154732.pdf|
|25114|25114|80270445||BL_25114_25114_80270445_20250724_165022.pdf|
|25114|25114|80271785||BL_25114_25114_80271785_20250825_160234.pdf|
|25114|25114|80272739||BL_25114_25114_80272739_20250827_150125.pdf|
|25114|25114|80273164||BL_25114_25114_80273164_20250902_161737.pdf|
|25114|25114|80273460||BL_25114_25114_80273460_20250903_160003.pdf|
|25114|25114|80276077||BL_25114_25114_80276077_20250924_171737.pdf|
|25114|25114|80279296||BL_25114_25114_80279296_20251014_163622.pdf|
|25114|25114|80280165||BL_25114_25114_80280165_20251017_172235.pdf|
|25122|25123|80268387||BL_25122_25123_80268387_20250708_170424.pdf|
|25122|25123|80268772||BL_25122_25123_80268772_20250710_151608.pdf|
|25122|25123|80268980||BL_25122_25123_80268980_20250711_153100.pdf|
|25122|25123|80277439||BL_25122_25123_80277439_20250930_170128.pdf|
|25122|25123|80282445||BL_25122_25123_80282445_20251103_160445.pdf|
|25122|25123|80282776||BL_25122_25123_80282776_20251105_154705.pdf|
|25124|25124|80271744||BL_25124_25124_80271744_20250825_155909.pdf|
|25124|25124|80273715||BL_25124_25124_80273715_20250904_155737.pdf|
|25124|25124|80275960||BL_25124_25124_80275960_20250923_160242.pdf|
|25124|25124|80276155||BL_25124_25124_80276155_20250924_172000.pdf|
|25124|25124|80278595||BL_25124_25124_80278595_20251009_160728.pdf|
|25124|25124|80278970||BL_25124_25124_80278970_20251013_164748.pdf|
|25124|25124|80280138||BL_25124_25124_80280138_20251017_172205.pdf|
|25124|25124|80282662||BL_25124_25124_80282662_20251104_153130.pdf|
|25125|25125|80275745||BL_25125_25125_80275745_20250922_161957.pdf|
|25125|25125|80277126||BL_25125_25125_80277126_20250929_165459.pdf|
|25125|25125|80279097||BL_25125_25125_80279097_20251013_152131.pdf|
|25125|25125|80280344||BL_25125_25125_80280344_20251020_163457.pdf|
|25125|25125|80282498||BL_25125_25125_80282498_20251103_160818.pdf|
|25127|25127|80269700||BL_25127_25127_80269700_20250718_154002.pdf|
|25127|25127|80271490||BL_25127_25127_80271490_20250731_154921.pdf|
|25127|25127|80276304||BL_25127_25127_80276304_20250924_155041.pdf|
|25127|25127|80276604||BL_25127_25127_80276604_20250925_164504.pdf|
|25127|25127|80277505||BL_25127_25127_80277505_20250930_164020.pdf|
|25127|25127|80280806||BL_25127_25127_80280806_20251022_154758.pdf|
|25127|25127|80282516||BL_25127_25127_80282516_20251103_151905.pdf|
|25132|25132|80269301||BL_25132_25132_80269301_20250716_163308.pdf|
|25132|25132|80269575||BL_25132_25132_80269575_20250717_153150.pdf|
|25132|25132|80271139||BL_25132_25132_80271139_20250730_153147.pdf|
|25132|25132|80272856||BL_25132_25132_80272856_20250829_144606.pdf|
|25132|25132|80276681||BL_25132_25132_80276681_20250926_153123.pdf|
|25132|25132|80276929||BL_25132_25132_80276929_20250929_164803.pdf|
|25132|25132|80279289||BL_25132_25132_80279289_20251015_163126.pdf|
|25132|25132|80282303||BL_25132_25132_80282303_20251031_155151.pdf|
|25132|25132|80282775||BL_25132_25132_80282775_20251105_160132.pdf|
|25143|25143|80268819||BL_25143_25143_80268819_20250710_162228.pdf|
|25143|25143|80271414||BL_25143_25143_80271414_20250731_154725.pdf|
|25143|25143|80272759||BL_25143_25143_80272759_20250827_150305.pdf|
|25143|25143|80273100||BL_25143_25143_80273100_20250902_161702.pdf|
|25143|25143|80273531||BL_25143_25143_80273531_20250903_160616.pdf|
|25143|25143|80276122||BL_25143_25143_80276122_20250924_171839.pdf|
|25143|25143|80279350||BL_25143_25143_80279350_20251014_163843.pdf|
|25143|25143|80280149||BL_25143_25143_80280149_20251017_172256.pdf|
|25143|25143|80281045||BL_25143_25143_80281045_20251022_160054.pdf|
|25145|25145|80270432||BL_25145_25145_80270432_20250724_164743.pdf|
|25145|25145|80272275||BL_25145_25145_80272275_20250806_151659.pdf|
|25145|25145|80272872||BL_25145_25145_80272872_20250829_144753.pdf|
|25145|25145|80275723||BL_25145_25145_80275723_20250922_161808.pdf|
|25145|25145|80275985||BL_25145_25145_80275985_20250923_160348.pdf|
|25145|25145|80278125||BL_25145_25145_80278125_20251006_161527.pdf|
|25145|25145|80279945||BL_25145_25145_80279945_20251017_171859.pdf|
|25145|25145|80281876||BL_25145_25145_80281876_20251029_163415.pdf|
|25145|25145|80283213||BL_25145_25145_80283213_20251106_144928.pdf|
|25151|25151|80269030||BL_25151_25151_80269030_20250711_160813.pdf|
|25151|25151|80271385||BL_25151_25151_80271385_20250731_162222.pdf|
|25151|25151|80272833||BL_25151_25151_80272833_20250828_144641.pdf|
|25151|25151|80273526||BL_25151_25151_80273526_20250903_151636.pdf|
|25151|25151|80277700||BL_25151_25151_80277700_20251002_154728.pdf|
|25151|25151|80279522||BL_25151_25151_80279522_20251015_160237.pdf|
|25151|25151|80281933||BL_25151_25151_80281933_20251029_160130.pdf|
|25151|25151|80282049||BL_25151_25151_80282049_20251030_170336.pdf|
|25151|25151|80282050||BL_25151_25151_80282050_20251030_170333.pdf|
|25151|25151|80282943||BL_25151_25151_80282943_20251105_154952.pdf|
|25157|25157|80268638||BL_25157_25157_80268638_20250709_164731.pdf|
|25157|25157|80270673||BL_25157_25157_80270673_20250725_120908.pdf|
|25157|25157|80270932||BL_25157_25157_80270932_20250728_150330.pdf|
|25157|25157|80275331||BL_25157_25157_80275331_20250917_153711.pdf|
|25157|25157|80282458||BL_25157_25157_80282458_20251103_160324.pdf|
|25157|25157|80283022||BL_25157_25157_80283022_20251105_160402.pdf|
|25174|25174|80269439||BL_25174_25174_80269439_20250717_154945.pdf|
|25174|25174|80271447||BL_25174_25174_80271447_20250731_154835.pdf|
|25174|25174|80272132||BL_25174_25174_80272132_20250805_154622.pdf|
|25174|25174|80281035||BL_25174_25174_80281035_20251022_155744.pdf|
|25175|25176|80268940||BL_25175_25176_80268940_20250710_162900.pdf|
|25175|25176|80269062||BL_25175_25176_80269062_20250711_160911.pdf|
|25175|25176|80276329||BL_25175_25176_80276329_20250924_155242.pdf|
|25175|25176|80281243||BL_25175_25176_80281243_20251023_165058.pdf|
|25178|25178|80269785||BL_25178_25178_80269785_20250721_153202.pdf|
|25178|25178|80272015||BL_25178_25178_80272015_20250804_161650.pdf|
|25178|25178|80272330||BL_25178_25178_80272330_20250807_154749.pdf|
|25178|25178|80272620||BL_25178_25178_80272620_20250826_153224.pdf|
|25178|25178|80273640||BL_25178_25178_80273640_20250905_160648.pdf|
|25178|25178|80274124||BL_25178_25178_80274124_20250908_163223.pdf|
|25178|25178|80276110||BL_25178_25178_80276110_20250924_154729.pdf|
|25178|25178|80278420||BL_25178_25178_80278420_20251008_154829.pdf|
|25178|25178|80278602||BL_25178_25178_80278602_20251009_162306.pdf|
|25178|25178|80278681||BL_25178_25178_80278681_20251013_164727.pdf|
|25178|25178|80278978||BL_25178_25178_80278978_20251013_165049.pdf|
|25178|25178|80281076||BL_25178_25178_80281076_20251022_153128.pdf|
|25178|25178|80281607||BL_25178_25178_80281607_20251027_165522.pdf|
|25178|25178|80283388||BL_25178_25178_80283388_20251112_162129.pdf|
|25186|25186|80274752||BL_25186_25186_80274752_20250912_160807.pdf|
|25186|25186|80276870||BL_25186_25186_80276870_20250929_170936.pdf|
|25186|25186|80279754||BL_25186_25186_80279754_20251016_174826.pdf|
|25186|25186|80279912||BL_25186_25186_80279912_20251017_171825.pdf|
|25186|25186|80280037||BL_25186_25186_80280037_20251017_172002.pdf|
|25186|25186|80281430||BL_25186_25186_80281430_20251024_144722.pdf|
|25186|25186|80282639||BL_25186_25186_80282639_20251104_160458.pdf|
|25194|25194|80269779||BL_25194_25194_80269779_20250721_160657.pdf|
|25194|25194|80273677||BL_25194_25194_80273677_20250905_160752.pdf|
|25194|25194|80275972||BL_25194_25194_80275972_20250923_162449.pdf|
|25194|25194|80276532||BL_25194_25194_80276532_20250925_161843.pdf|
|25194|25194|80277184||BL_25194_25194_80277184_20250929_165544.pdf|
|25194|25194|80281725||BL_25194_25194_80281725_20251028_163522.pdf|
|25194|25194|80282143||BL_25194_25194_80282143_20251030_171336.pdf|
|25198|25198|80269776||BL_25198_25198_80269776_20250721_160245.pdf|
|25198|25198|80271505||BL_25198_25198_80271505_20250731_155050.pdf|
|25198|25198|80271909||BL_25198_25198_80271909_20250801_150254.pdf|
|25198|25198|80274871||BL_25198_25198_80274871_20250915_170957.pdf|
|25198|25198|80277932||BL_25198_25198_80277932_20251003_162253.pdf|
|25198|25198|80278066||BL_25198_25198_80278066_20251006_154651.pdf|
|25198|25198|80279198||BL_25198_25198_80279198_20251013_152519.pdf|
|25198|25198|80280225||BL_25198_25198_80280225_20251020_161732.pdf|
|25198|25198|80282126||BL_25198_25198_80282126_20251030_170959.pdf|
|25199|25199|80269822||BL_25199_25199_80269822_20250721_160758.pdf|
|25199|25199|80280638||BL_25199_25199_80280638_20251021_163146.pdf|
|25208|25208|80270524||BL_25208_25208_80270524_20250724_170014.pdf|
|25208|25208|80277905||BL_25208_25208_80277905_20251003_163156.pdf|
|25208|25208|80282952||BL_25208_25208_80282952_20251105_155043.pdf|
|25208|25208|80283337||BL_25208_25208_80283337_20251112_154615.pdf|
|25217|25217|80277946||BL_25217_25217_80277946_20251003_162516.pdf|
|25229|25230|80268247||BL_25229_25230_80268247_20250707_153639.pdf|
|25229|25230|80274399||BL_25229_25230_80274399_20250910_160433.pdf|
|25229|25230|80276830||BL_25229_25230_80276830_20250929_170502.pdf|
|25229|25230|80282484||BL_25229_25230_80282484_20251103_160957.pdf|
|25229|25230|80282904||BL_25229_25230_80282904_20251105_154933.pdf|
|25233|25233|80270855||BL_25233_25233_80270855_20250728_165623.pdf|
|25233|25233|80271708||BL_25233_25233_80271708_20250825_155519.pdf|
|25233|25233|80272734||BL_25233_25233_80272734_20250827_150148.pdf|
|25233|25233|80274511||BL_25233_25233_80274511_20250911_154839.pdf|
|25233|25233|80276128||BL_25233_25233_80276128_20250924_171829.pdf|
|25233|25233|80276698||BL_25233_25233_80276698_20250926_153220.pdf|
|25233|25233|80278933||BL_25233_25233_80278933_20251013_164836.pdf|
|25233|25233|80280028||BL_25233_25233_80280028_20251017_165729.pdf|
|25233|25233|80282657||BL_25233_25233_80282657_20251104_160236.pdf|
|25244|25244|80268374||BL_25244_25244_80268374_20250708_170428.pdf|
|25244|25244|80268938||BL_25244_25244_80268938_20250710_151924.pdf|
|25244|25244|80269193||BL_25244_25244_80269193_20250715_160631.pdf|
|25244|25244|80270346||BL_25244_25244_80270346_20250723_162457.pdf|
|25244|25244|80273305||BL_25244_25244_80273305_20250902_170831.pdf|
|25244|25244|80274002||BL_25244_25244_80274002_20250908_163158.pdf|
|25244|25244|80274882||BL_25244_25244_80274882_20250915_164737.pdf|
|25244|25244|80276043||BL_25244_25244_80276043_20250924_171714.pdf|
|25244|25244|80276616||BL_25244_25244_80276616_20250925_164351.pdf|
|25244|25244|80276793||BL_25244_25244_80276793_20250926_150431.pdf|
|25244|25244|80282071||BL_25244_25244_80282071_20251030_170636.pdf|
|25264|25264|80268705||BL_25264_25264_80268705_20250709_165112.pdf|
|25264|25264|80271451||BL_25264_25264_80271451_20250731_154822.pdf|
|25264|25264|80271981||BL_25264_25264_80271981_20250804_160219.pdf|
|25264|25264|80272130||BL_25264_25264_80272130_20250805_154625.pdf|
|25264|25264|80273047||BL_25264_25264_80273047_20250901_153953.pdf|
|25264|25264|80273391||BL_25264_25264_80273391_20250903_155704.pdf|
|25264|25264|80276325||BL_25264_25264_80276325_20250924_153153.pdf|
|25264|25264|80277568||BL_25264_25264_80277568_20250930_164324.pdf|
|25264|25264|80280810||BL_25264_25264_80280810_20251021_163522.pdf|
|25264|25264|80281963||BL_25264_25264_80281963_20251029_164137.pdf|
|25264|25264|80283701||BL_25264_25264_80283701_20251113_151953.pdf|
|25272|25272|80268708||BL_25272_25272_80268708_20250709_165107.pdf|
|25272|25272|80270790||BL_25272_25272_80270790_20250728_164829.pdf|
|25272|25272|80273278||BL_25272_25272_80273278_20250903_155531.pdf|
|25272|25272|80273939||BL_25272_25272_80273939_20250905_162201.pdf|
|25272|25272|80274004||BL_25272_25272_80274004_20250909_162028.pdf|
|25272|25272|80275640||BL_25272_25272_80275640_20250919_184735.pdf|
|25272|25272|80278919||BL_25272_25272_80278919_20251014_164949.pdf|
|25272|25272|80282474||BL_25272_25272_80282474_20251103_160609.pdf|
|25283|25283|80272020||BL_25283_25283_80272020_20250804_160414.pdf|
|25283|25283|80272175||BL_25283_25283_80272175_20250805_154711.pdf|
|25283|25283|80282062||BL_25283_25283_80282062_20251030_164659.pdf|
|25283|25283|80282063||BL_25283_25283_80282063_20251030_164707.pdf|
|25283|25283|80282928||BL_25283_25283_80282928_20251105_155011.pdf|
|25287|25287|80269509||BL_25287_25287_80269509_20250717_155549.pdf|
|25287|25287|80270945||BL_25287_25287_80270945_20250728_150506.pdf|
|25287|25287|80273717||BL_25287_25287_80273717_20250904_155652.pdf|
|25287|25287|80276402||BL_25287_25287_80276402_20250924_172409.pdf|
|25287|25287|80279538||BL_25287_25287_80279538_20251015_163406.pdf|
|25287|25287|80279900||BL_25287_25287_80279900_20251017_171703.pdf|
|25287|25287|80280501||BL_25287_25287_80280501_20251020_163749.pdf|
|25295|25295|80269678||BL_25295_25295_80269678_20250718_154107.pdf|
|25295|25295|80270349||BL_25295_25295_80270349_20250723_162451.pdf|
|25295|25295|80270831||BL_25295_25295_80270831_20250728_150303.pdf|
|25295|25295|80276326||BL_25295_25295_80276326_20250924_155255.pdf|
|25295|25295|80281844||BL_25295_25295_80281844_20251028_165459.pdf|
|25305|25305|80270903||BL_25305_25305_80270903_20250728_170050.pdf|
|25305|25305|80271811||BL_25305_25305_80271811_20250825_160330.pdf|
|25305|25305|80273195||BL_25305_25305_80273195_20250902_170609.pdf|
|25305|25305|80274891||BL_25305_25305_80274891_20250915_171241.pdf|
|25305|25305|80275580||BL_25305_25305_80275580_20250919_151610.pdf|
|25305|25305|80275973||BL_25305_25305_80275973_20250923_162441.pdf|
|25305|25305|80276200||BL_25305_25305_80276200_20250924_172006.pdf|
|25305|25305|80280006||BL_25305_25305_80280006_20251017_171942.pdf|
|25305|25305|80281755||BL_25305_25305_80281755_20251028_164813.pdf|
|25305|25305|80282169||BL_25305_25305_80282169_20251030_171502.pdf|
|25310|25310|80279327||BL_25310_25310_80279327_20251014_165833.pdf|
|25310|25310|80283274||BL_25310_25310_80283274_20251107_150139.pdf|
|25310|25310|80283643||BL_25310_25310_80283643_20251113_151859.pdf|
|25311|25311|80270007||BL_25311_25311_80270007_20250722_170351.pdf|
|25311|25311|80271482||BL_25311_25311_80271482_20250731_154930.pdf|
|25311|25311|80282054||BL_25311_25311_80282054_20251030_170311.pdf|
|25311|25311|80282055||BL_25311_25311_80282055_20251030_170305.pdf|
|25322|25322|80272244||BL_25322_25322_80272244_20250806_151612.pdf|
|25322|25322|80274637||BL_25322_25322_80274637_20250911_160905.pdf|
|25332|25332|80277632||BL_25332_25332_80277632_20251001_161731.pdf|
|25332|25332|80277777||BL_25332_25332_80277777_20251002_155417.pdf|
|25337|25337|80272640||BL_25337_25337_80272640_20250826_153426.pdf|
|25337|25337|80275117||BL_25337_25337_80275117_20250916_163710.pdf|
|25337|25337|80275264||BL_25337_25337_80275264_20250916_165228.pdf|
|25337|25337|80276208||BL_25337_25337_80276208_20250924_172101.pdf|
|25337|25337|80279889||BL_25337_25337_80279889_20251017_163217.pdf|
|25337|25337|80280015||BL_25337_25337_80280015_20251017_171927.pdf|
|25337|25337|80283010||BL_25337_25337_80283010_20251105_155209.pdf|
|25340|25340|80269655||BL_25340_25340_80269655_20250718_153601.pdf|
|25340|25340|80273241||BL_25340_25340_80273241_20250902_170656.pdf|
|25340|25340|80275423||BL_25340_25340_80275423_20250918_152305.pdf|
|25340|25340|80276930||BL_25340_25340_80276930_20250929_164802.pdf|
|25340|25340|80280273||BL_25340_25340_80280273_20251020_163338.pdf|
|25341|25341|80272914||BL_25341_25341_80272914_20250829_153126.pdf|
|25341|25341|80274041||BL_25341_25341_80274041_20250909_162255.pdf|
|25341|25341|80275756||BL_25341_25341_80275756_20250922_154707.pdf|
|25341|25341|80277284||BL_25341_25341_80277284_20250929_165853.pdf|
|25341|25341|80280447||BL_25341_25341_80280447_20251020_163727.pdf|
|25341|25341|80281783||BL_25341_25341_80281783_20251028_165440.pdf|
|25357|25357|80269825||BL_25357_25357_80269825_20250721_160739.pdf|
|25357|25357|80272026||BL_25357_25357_80272026_20250804_161929.pdf|
|25357|25357|80272991||BL_25357_25357_80272991_20250901_153616.pdf|
|25357|25357|80273443||BL_25357_25357_80273443_20250903_160110.pdf|
|25357|25357|80274636||BL_25357_25357_80274636_20250911_160456.pdf|
|25357|25357|80279050||BL_25357_25357_80279050_20251013_165533.pdf|
|25357|25357|80282105||BL_25357_25357_80282105_20251030_170702.pdf|
|25357|25357|80283302||BL_25357_25357_80283302_20251107_143252.pdf|
|25360|25360|80271375||BL_25360_25360_80271375_20250731_161854.pdf|
|25360|25360|80273176||BL_25360_25360_80273176_20250903_155211.pdf|
|25360|25360|80273740||BL_25360_25360_80273740_20250904_155846.pdf|
|25360|25360|80276389||BL_25360_25360_80276389_20250924_172321.pdf|
|25360|25360|80280509||BL_25360_25360_80280509_20251020_163853.pdf|
|25360|25360|80281285||BL_25360_25360_80281285_20251023_163913.pdf|
|25361|25361|80268478||BL_25361_25361_80268478_20250708_171014.pdf|
|25361|25361|80269333||BL_25361_25361_80269333_20250716_163418.pdf|
|25361|25361|80269489||BL_25361_25361_80269489_20250717_155256.pdf|
|25361|25361|80270665||BL_25361_25361_80270665_20250725_120938.pdf|
|25361|25361|80271682||BL_25361_25361_80271682_20250825_155356.pdf|
|25361|25361|80272117||BL_25361_25361_80272117_20250805_160158.pdf|
|25361|25361|80272899||BL_25361_25361_80272899_20250829_144634.pdf|
|25361|25361|80274995||BL_25361_25361_80274995_20250915_171728.pdf|
|25361|25361|80275150||BL_25361_25361_80275150_20250916_154624.pdf|
|25361|25361|80276190||BL_25361_25361_80276190_20250924_172031.pdf|
|25361|25361|80277755||BL_25361_25361_80277755_20251002_155554.pdf|
|25361|25361|80279167||BL_25361_25361_80279167_20251013_152320.pdf|
|25361|25361|80280181||BL_25361_25361_80280181_20251017_172315.pdf|
|25361|25361|80280925||BL_25361_25361_80280925_20251021_163724.pdf|
|25361|25361|80281059||BL_25361_25361_80281059_20251022_160013.pdf|
|25361|25361|80282680||BL_25361_25361_80282680_20251104_160558.pdf|
|25364|25365|80271433||BL_25364_25365_80271433_20250731_162311.pdf|
|25364|25365|80275133||BL_25364_25365_80275133_20250916_164035.pdf|
|25364|25365|80276207||BL_25364_25365_80276207_20250924_172102.pdf|
|25364|25365|80278588||BL_25364_25365_80278588_20251009_162002.pdf|
|25364|25365|80278684||BL_25364_25365_80278684_20251009_154719.pdf|
|25364|25365|80279066||BL_25364_25365_80279066_20251013_151920.pdf|
|25364|25365|80283387||BL_25364_25365_80283387_20251112_154835.pdf|
|25366|25366|80269494||BL_25366_25366_80269494_20250717_155657.pdf|
|25366|25366|80271089||BL_25366_25366_80271089_20250729_154724.pdf|
|25366|25366|80271345||BL_25366_25366_80271345_20250731_154626.pdf|
|25366|25366|80272102||BL_25366_25366_80272102_20250804_160421.pdf|
|25366|25366|80274561||BL_25366_25366_80274561_20250911_155713.pdf|
|25366|25366|80274949||BL_25366_25366_80274949_20250915_164806.pdf|
|25366|25366|80276686||BL_25366_25366_80276686_20250926_153337.pdf|
|25366|25366|80277106||BL_25366_25366_80277106_20250929_165421.pdf|
|25366|25366|80280664||BL_25366_25366_80280664_20251022_162124.pdf|
|25366|25366|80282964||BL_25366_25366_80282964_20251105_155026.pdf|
|25399|25399|80269869||BL_25399_25399_80269869_20250721_153222.pdf|
|25399|25399|80271632||BL_25399_25399_80271632_20250825_155133.pdf|
|25399|25399|80271957||BL_25399_25399_80271957_20250801_150306.pdf|
|25399|25399|80275865||BL_25399_25399_80275865_20250923_162002.pdf|
|25399|25399|80280798||BL_25399_25399_80280798_20251022_154708.pdf|
|25403|25403|80268797||BL_25403_25403_80268797_20250710_162038.pdf|
|25403|25403|80269387||BL_25403_25403_80269387_20250716_163521.pdf|
|25403|25403|80270877||BL_25403_25403_80270877_20250728_165850.pdf|
|25403|25403|80272658||BL_25403_25403_80272658_20250826_153308.pdf|
|25403|25403|80273055||BL_25403_25403_80273055_20250901_154214.pdf|
|25403|25403|80273142||BL_25403_25403_80273142_20250902_161850.pdf|
|25403|25403|80273688||BL_25403_25403_80273688_20250904_155025.pdf|
|25403|25403|80274522||BL_25403_25403_80274522_20250911_155301.pdf|
|25403|25403|80275567||BL_25403_25403_80275567_20250919_165352.pdf|
|25403|25403|80276175||BL_25403_25403_80276175_20250924_171933.pdf|
|25403|25403|80279059||BL_25403_25403_80279059_20251013_165440.pdf|
|25403|25403|80280142||BL_25403_25403_80280142_20251017_172201.pdf|
|25403|25403|80282356||BL_25403_25403_80282356_20251031_155546.pdf|
|25404|25404|80268210||BL_25404_25404_80268210_20250707_150118.pdf|
|25404|25404|80270425||BL_25404_25404_80270425_20250724_164837.pdf|
|25404|25404|80271448||BL_25404_25404_80271448_20250731_162708.pdf|
|25404|25404|80272391||BL_25404_25404_80272391_20250808_153112.pdf|
|25404|25404|80272732||BL_25404_25404_80272732_20250827_150158.pdf|
|25404|25404|80274336||BL_25404_25404_80274336_20250909_164923.pdf|
|25404|25404|80275281||BL_25404_25404_80275281_20250916_141615.pdf|
|25404|25404|80276431||BL_25404_25404_80276431_20250924_172423.pdf|
|25404|25404|80278285||BL_25404_25404_80278285_20251007_154838.pdf|
|25404|25404|80278853||BL_25404_25404_80278853_20251010_163308.pdf|
|25405|25405|80274027||BL_25405_25405_80274027_20250909_161921.pdf|
|25407|25407|80271096||BL_25407_25407_80271096_20250729_160738.pdf|
|25407|25407|80273113||BL_25407_25407_80273113_20250902_161921.pdf|
|25407|25407|80273735||BL_25407_25407_80273735_20250904_155924.pdf|
|25407|25407|80276173||BL_25407_25407_80276173_20250924_171936.pdf|
|25407|25407|80279535||BL_25407_25407_80279535_20251015_163431.pdf|
|25408|25408|80275857||BL_25408_25408_80275857_20250923_162033.pdf|
|25408|25408|80276316||BL_25408_25408_80276316_20250924_172231.pdf|
|25408|25408|80283529||BL_25408_25408_80283529_20251113_143125.pdf|
|25408|25408|80283795||BL_25408_25408_80283795_20251113_163117.pdf|
|25416|25417|80278219||BL_25416_25417_80278219_20251007_160348.pdf|
|25416|25417|80278430||BL_25416_25417_80278430_20251008_154743.pdf|
|25416|25417|80282978||BL_25416_25417_80282978_20251105_155114.pdf|
|25419|25419|80269524||BL_25419_25419_80269524_20250717_174703.pdf|
|25419|25419|80276495||BL_25419_25419_80276495_20250925_163346.pdf|
|25419|25419|80277071||BL_25419_25419_80277071_20250929_165259.pdf|
|25419|25419|80278086||BL_25419_25419_80278086_20251006_154625.pdf|
|25419|25419|80279876||BL_25419_25419_80279876_20251017_164810.pdf|
|25419|25419|80282941||BL_25419_25419_80282941_20251105_154953.pdf|
|25425|25425|80272050||BL_25425_25425_80272050_20250804_161913.pdf|
|25425|25425|80276746||BL_25425_25425_80276746_20250926_153859.pdf|
|25425|25425|80277116||BL_25425_25425_80277116_20250929_165404.pdf|
|25425|25425|80282868||BL_25425_25425_80282868_20251105_154817.pdf|
|25425|25425|80283401||BL_25425_25425_80283401_20251112_162432.pdf|
|25431|25431|80273619||BL_25431_25431_80273619_20250904_154949.pdf|
|25431|25431|80274116||BL_25431_25431_80274116_20250905_162259.pdf|
|25431|25431|80274301||BL_25431_25431_80274301_20250908_162347.pdf|
|25431|25431|80274954||BL_25431_25431_80274954_20250915_164759.pdf|
|25431|25431|80276134||BL_25431_25431_80276134_20250924_171924.pdf|
|25431|25431|80278594||BL_25431_25431_80278594_20251009_161909.pdf|
|25431|25431|80280124||BL_25431_25431_80280124_20251017_172224.pdf|
|25431|25431|80282649||BL_25431_25431_80282649_20251104_160348.pdf|
|25432|25434|80274214||BL_25432_25434_80274214_20250909_163021.pdf|
|25432|25434|80277550||BL_25432_25434_80277550_20250930_164232.pdf|
|25444|25444|80271882||BL_25444_25444_80271882_20250801_150137.pdf|
|25444|25444|80273138||BL_25444_25444_80273138_20250902_170355.pdf|
|25444|25444|80275759||BL_25444_25444_80275759_20250922_154704.pdf|
|25444|25444|80279506||BL_25444_25444_80279506_20251015_161659.pdf|
|25444|25444|80282961||BL_25444_25444_80282961_20251105_155031.pdf|
|25462|25462|80270848||BL_25462_25462_80270848_20250728_165200.pdf|
|25462|25462|80280882||BL_25462_25462_80280882_20251022_155449.pdf|
|25462|25462|80280997||BL_25462_25462_80280997_20251024_163136.pdf|
|25462|25462|80281923||BL_25462_25462_80281923_20251029_163932.pdf|
|25463|25464|80270015||BL_25463_25464_80270015_20250722_170700.pdf|
|25463|25464|80270408||BL_25463_25464_80270408_20250724_161607.pdf|
|25463|25464|80276520||BL_25463_25464_80276520_20250925_164120.pdf|
|25463|25464|80277064||BL_25463_25464_80277064_20250929_165311.pdf|
|25463|25464|80282932||BL_25463_25464_80282932_20251105_155004.pdf|
|25468|25468|80268775||BL_25468_25468_80268775_20250710_151624.pdf|
|25468|25468|80271508||BL_25468_25468_80271508_20250731_162742.pdf|
|25468|25468|80275418||BL_25468_25468_80275418_20250918_152404.pdf|
|25468|25468|80279712||BL_25468_25468_80279712_20251016_174429.pdf|
|25468|25468|80280699||BL_25468_25468_80280699_20251020_164029.pdf|
|25468|25468|80281810||BL_25468_25468_80281810_20251028_164006.pdf|
|25468|25468|80282044||BL_25468_25468_80282044_20251030_170349.pdf|
|25468|25468|80282937||BL_25468_25468_80282937_20251105_154958.pdf|
|25468|25468|80283382||BL_25468_25468_80283382_20251112_162201.pdf|
|25470|25470|80270525||BL_25470_25470_80270525_20250724_170004.pdf|
|25470|25470|80274334||BL_25470_25470_80274334_20250909_164200.pdf|
|25470|25470|80274929||BL_25470_25470_80274929_20250915_164658.pdf|
|25470|25470|80277200||BL_25470_25470_80277200_20250929_165625.pdf|
|25470|25470|80280567||BL_25470_25470_80280567_20251020_164013.pdf|
|25470|25470|80281813||BL_25470_25470_80281813_20251028_164001.pdf|
|25474|25474|80279701||BL_25474_25474_80279701_20251016_174058.pdf|
|25479|25479|80269165||BL_25479_25479_80269165_20250715_160345.pdf|
|25479|25479|80269326||BL_25479_25479_80269326_20250716_151651.pdf|
|25479|25479|80269635||BL_25479_25479_80269635_20250718_151623.pdf|
|25479|25479|80270874||BL_25479_25479_80270874_20250728_165408.pdf|
|25479|25479|80272630||BL_25479_25479_80272630_20250826_153205.pdf|
|25479|25479|80273638||BL_25479_25479_80273638_20250904_154849.pdf|
|25479|25479|80274956||BL_25479_25479_80274956_20250915_164756.pdf|
|25479|25479|80275327||BL_25479_25479_80275327_20250917_153725.pdf|
|25479|25479|80276101||BL_25479_25479_80276101_20250924_171804.pdf|
|25479|25479|80277914||BL_25479_25479_80277914_20251003_162051.pdf|
|25479|25479|80278604||BL_25479_25479_80278604_20251009_160811.pdf|
|25479|25479|80278679||BL_25479_25479_80278679_20251013_164732.pdf|
|25479|25479|80278973||BL_25479_25479_80278973_20251013_164740.pdf|
|25479|25479|80279803||BL_25479_25479_80279803_20251016_175308.pdf|
|25479|25479|80280122||BL_25479_25479_80280122_20251017_172227.pdf|
|25479|25479|80282684||BL_25479_25479_80282684_20251104_160540.pdf|
|25481|25481|80277480||BL_25481_25481_80277480_20250930_163830.pdf|
|25481|25481|80281530||BL_25481_25481_80281530_20251027_165025.pdf|
|25491|25491|80282693||BL_25491_25491_80282693_20251104_153223.pdf|
|25491|25491|80283628||BL_25491_25491_80283628_20251113_151943.pdf|
|25494|25494|80268869||BL_25494_25494_80268869_20250710_162554.pdf|
|25494|25494|80270698||BL_25494_25494_80270698_20250725_113222.pdf|
|25494|25494|80273930||BL_25494_25494_80273930_20250905_161842.pdf|
|25494|25494|80278316||BL_25494_25494_80278316_20251007_154853.pdf|
|25494|25494|80279668||BL_25494_25494_80279668_20251016_173619.pdf|
|25500|25501|80268229||BL_25500_25501_80268229_20250707_153356.pdf|
|25500|25501|80270251||BL_25500_25501_80270251_20250723_161934.pdf|
|25500|25501|80271992||BL_25500_25501_80271992_20250804_163115.pdf|
|25500|25501|80272607||BL_25500_25501_80272607_20250826_153302.pdf|
|25500|25501|80272717||BL_25500_25501_80272717_20250827_150121.pdf|
|25500|25501|80273983||BL_25500_25501_80273983_20250908_161621.pdf|
|25500|25501|80274759||BL_25500_25501_80274759_20250912_153156.pdf|
|25500|25501|80274975||BL_25500_25501_80274975_20250915_164837.pdf|
|25500|25501|80275897||BL_25500_25501_80275897_20250923_162235.pdf|
|25500|25501|80277618||BL_25500_25501_80277618_20251001_161851.pdf|
|25500|25501|80278227||BL_25500_25501_80278227_20251007_154635.pdf|
|25500|25501|80280213||BL_25500_25501_80280213_20251017_172409.pdf|
|25500|25501|80281428||BL_25500_25501_80281428_20251024_144725.pdf|
|25500|25501|80281600||BL_25500_25501_80281600_20251027_163657.pdf|
|25500|25501|80281789||BL_25500_25501_80281789_20251028_165337.pdf|
|25500|25501|80283248||BL_25500_25501_80283248_20251107_143139.pdf|
|25503|25503|80269341||BL_25503_25503_80269341_20250716_163350.pdf|
|25503|25503|80269437||BL_25503_25503_80269437_20250717_154947.pdf|
|25503|25503|80273434||BL_25503_25503_80273434_20250903_155832.pdf|
|25503|25503|80276912||BL_25503_25503_80276912_20250929_171320.pdf|
|25503|25503|80282483||BL_25503_25503_80282483_20251103_160512.pdf|
|25514|25514|80274572||BL_25514_25514_80274572_20250911_160019.pdf|
|25514|25514|80281252||BL_25514_25514_80281252_20251023_165019.pdf|
|25514|25514|80281605||BL_25514_25514_80281605_20251027_093045.pdf|
|25514|25514|80283051||BL_25514_25514_80283051_20251105_155144.pdf|
|25514|25514|80283140||BL_25514_25514_80283140_20251106_144900.pdf|
|25524|25524|80269476||BL_25524_25524_80269476_20250717_155414.pdf|
|25524|25524|80271719||BL_25524_25524_80271719_20250825_155744.pdf|
|25524|25524|80273874||BL_25524_25524_80273874_20250905_161502.pdf|
|25524|25524|80276888||BL_25524_25524_80276888_20250929_171210.pdf|
|25524|25524|80279178||BL_25524_25524_80279178_20251013_152430.pdf|
|25524|25524|80279517||BL_25524_25524_80279517_20251015_163500.pdf|
|25524|25524|80279908||BL_25524_25524_80279908_20251017_171813.pdf|
|25524|25524|80280416||BL_25524_25524_80280416_20251020_163559.pdf|
|25524|25524|80280694||BL_25524_25524_80280694_20251021_163313.pdf|
|25535|25535|80268804||BL_25535_25535_80268804_20250710_161942.pdf|
|25535|25535|80273207||BL_25535_25535_80273207_20250902_170528.pdf|
|25535|25535|80278073||BL_25535_25535_80278073_20251006_161243.pdf|
|25535|25535|80278599||BL_25535_25535_80278599_20251009_161843.pdf|
|25535|25535|80279209||BL_25535_25535_80279209_20251013_152457.pdf|
|25535|25535|80279865||BL_25535_25535_80279865_20251017_164851.pdf|
|25535|25535|80280307||BL_25535_25535_80280307_20251020_163415.pdf|
|25535|25535|80283045||BL_25535_25535_80283045_20251105_160548.pdf|
|25535|27185|80281673||BL_25535_27185_80281673_20251027_122200.pdf|
|25535|27185|80281683||BL_25535_27185_80281683_20251103_134626.pdf|
|25535|27185|80281684||BL_25535_27185_80281684_20251103_160144.pdf|
|25535|27185|80282927||BL_25535_27185_80282927_20251105_160525.pdf|
|25536|25536|80275463||BL_25536_25536_80275463_20250918_152803.pdf|
|25536|25536|80277963||BL_25536_25536_80277963_20251003_162403.pdf|
|25537|25537|80268449||BL_25537_25537_80268449_20250708_163235.pdf|
|25537|25537|80271046||BL_25537_25537_80271046_20250729_154805.pdf|
|25537|25537|80275437||BL_25537_25537_80275437_20250918_152628.pdf|
|25537|25537|80276939||BL_25537_25537_80276939_20250929_164948.pdf|
|25537|25537|80280267||BL_25537_25537_80280267_20251020_163232.pdf|
|25537|25537|80282461||BL_25537_25537_80282461_20251103_160306.pdf|
|25539|25539|80240548||BL_25539_25539_80240548_20241220_165047.pdf|
|25539|25539|80243243||BL_25539_25539_80243243_20250115_163547.pdf|
|25539|25539|80246454||BL_25539_25539_80246454_20250131_163433.pdf|
|25539|25539|80247243||BL_25539_25539_80247243_20250204_165931.pdf|
|25539|25539|80247617||BL_25539_25539_80247617_20250206_161752.pdf|
|25539|25539|80248793||BL_25539_25539_80248793_20250214_160947.pdf|
|25539|25539|80256297||BL_25539_25539_80256297_20250404_163519.pdf|
|25539|25539|80258117||BL_25539_25539_80258117_20250417_170249.pdf|
|25539|25539|80262486||BL_25539_25539_80262486_20250520_170220.pdf|
|25539|25539|80263271||BL_25539_25539_80263271_20250526_172108.pdf|
|25539|25539|80263601||BL_25539_25539_80263601_20250610_170615.pdf|
|25539|25539|80263793||BL_25539_25539_80263793_20250528_113045.pdf|
|25539|25539|80263969||BL_25539_25539_80263969_20250602_113041.pdf|
|25539|25539|80264131||BL_25539_25539_80264131_20250603_090241.pdf|
|25539|25539|80268547||BL_25539_25539_80268547_20250708_171207.pdf|
|25539|25539|80274808||BL_25539_25539_80274808_20250912_155048.pdf|
|25539|25539|80275048||BL_25539_25539_80275048_20250916_163217.pdf|
|25539|25539|80275850||BL_25539_25539_80275850_20250923_161713.pdf|
|25539|25539|80276584||BL_25539_25539_80276584_20250925_161932.pdf|
|25539|25539|80279959||BL_25539_25539_80279959_20251017_165411.pdf|
|25539|25539|80281344||BL_25539_25539_80281344_20251023_164026.pdf|
|25539|26651|80268046||BL_25539_26651_80268046_20250707_120119.pdf|
|25539|26651|80268531||BL_25539_26651_80268531_20250708_171312.pdf|
|25539|26651|80270468||BL_25539_26651_80270468_20250724_161708.pdf|
|25539|26651|80270843||BL_25539_26651_80270843_20250728_165253.pdf|
|25539|26651|80272122||BL_25539_26651_80272122_20250805_154639.pdf|
|25539|26651|80272240||BL_25539_26651_80272240_20250806_151616.pdf|
|25539|26651|80272361||BL_25539_26651_80272361_20250807_154818.pdf|
|25545|25545|80269395||BL_25545_25545_80269395_20250717_154628.pdf|
|25545|25545|80277495||BL_25545_25545_80277495_20250930_164112.pdf|
|25545|25545|80278105||BL_25545_25545_80278105_20251006_161406.pdf|
|25545|25545|80278859||BL_25545_25545_80278859_20251013_151803.pdf|
|25545|25545|80282279||BL_25545_25545_80282279_20251031_154919.pdf|
|25547|25547|80271868||BL_25547_25547_80271868_20250801_150142.pdf|
|25547|25547|80272365||BL_25547_25547_80272365_20250807_154811.pdf|
|25547|25547|80278807||BL_25547_25547_80278807_20251010_160651.pdf|
|25549|25549|80268438||BL_25549_25549_80268438_20250708_163125.pdf|
|25549|25549|80269033||BL_25549_25549_80269033_20250711_160802.pdf|
|25549|25549|80269369||BL_25549_25549_80269369_20250716_151741.pdf|
|25549|25549|80271496||BL_25549_25549_80271496_20250731_155054.pdf|
|25549|25549|80273175||BL_25549_25549_80273175_20250902_162206.pdf|
|25549|25549|80273713||BL_25549_25549_80273713_20250904_155259.pdf|
|25549|25549|80275933||BL_25549_25549_80275933_20250923_162319.pdf|
|25549|25549|80276138||BL_25549_25549_80276138_20250924_154704.pdf|
|25549|25549|80276736||BL_25549_25549_80276736_20250926_150307.pdf|
|25549|25549|80279144||BL_25549_25549_80279144_20251013_152244.pdf|
|25549|25549|80280107||BL_25549_25549_80280107_20251017_172142.pdf|
|25549|25549|80282153||BL_25549_25549_80282153_20251030_171154.pdf|
|25549|25549|80282359||BL_25549_25549_80282359_20251031_144708.pdf|
|25549|25549|80282559||BL_25549_25549_80282559_20251103_151809.pdf|
|25555|25555|80269168||BL_25555_25555_80269168_20250715_144714.pdf|
|25555|25555|80271977||BL_25555_25555_80271977_20250804_161825.pdf|
|25555|25555|80275772||BL_25555_25555_80275772_20250922_162208.pdf|
|25555|25555|80276185||BL_25555_25555_80276185_20250924_172024.pdf|
|25555|25555|80277472||BL_25555_25555_80277472_20250930_163401.pdf|
|25555|25555|80281114||BL_25555_25555_80281114_20251022_160311.pdf|
|25560|25560|80269400||BL_25560_25560_80269400_20250717_153130.pdf|
|25560|25560|80269694||BL_25560_25560_80269694_20250718_151719.pdf|
|25560|25560|80270340||BL_25560_25560_80270340_20250723_162334.pdf|
|25560|25560|80271605||BL_25560_25560_80271605_20250825_155030.pdf|
|25560|25560|80271929||BL_25560_25560_80271929_20250731_153113.pdf|
|25560|25560|80273274||BL_25560_25560_80273274_20250902_162027.pdf|
|25560|25560|80273444||BL_25560_25560_80273444_20250903_160108.pdf|
|25560|25560|80274885||BL_25560_25560_80274885_20250915_171259.pdf|
|25560|25560|80278099||BL_25560_25560_80278099_20251006_161422.pdf|
|25560|25560|80278915||BL_25560_25560_80278915_20251013_164854.pdf|
|25560|25560|80279431||BL_25560_25560_80279431_20251014_164115.pdf|
|25560|25560|80282456||BL_25560_25560_80282456_20251103_160339.pdf|
|25560|25560|80282726||BL_25560_25560_80282726_20251104_160956.pdf|
|25561|25561|80269616||BL_25561_25561_80269616_20250718_153239.pdf|
|25561|25561|80271722||BL_25561_25561_80271722_20250825_155734.pdf|
|25561|25561|80273240||BL_25561_25561_80273240_20250903_155347.pdf|
|25561|25561|80278247||BL_25561_25561_80278247_20251007_160628.pdf|
|25561|25561|80281123||BL_25561_25561_80281123_20251022_153332.pdf|
|25561|25561|80282326||BL_25561_25561_80282326_20251031_155344.pdf|
|25572|25572|80269464||BL_25572_25572_80269464_20250717_155047.pdf|
|25572|25572|80273208||BL_25572_25572_80273208_20250902_170523.pdf|
|25572|25572|80274770||BL_25572_25572_80274770_20250912_161144.pdf|
|25572|25572|80277015||BL_25572_25572_80277015_20250929_165109.pdf|
|25572|25572|80278619||BL_25572_25572_80278619_20251009_162150.pdf|
|25572|25572|80278698||BL_25572_25572_80278698_20251013_151656.pdf|
|25572|25572|80280542||BL_25572_25572_80280542_20251020_163936.pdf|
|25572|25572|80282324||BL_25572_25572_80282324_20251031_155405.pdf|
|25572|25572|80283629||BL_25572_25572_80283629_20251113_151945.pdf|
|25573|25573|80269032||BL_25573_25573_80269032_20250711_160809.pdf|
|25573|25573|80269380||BL_25573_25573_80269380_20250716_151735.pdf|
|25573|25573|80276183||BL_25573_25573_80276183_20250924_155002.pdf|
|25573|25573|80280105||BL_25573_25573_80280105_20251017_172143.pdf|
|25573|25573|80281941||BL_25573_25573_80281941_20251029_163832.pdf|
|25573|25573|80283585||BL_25573_25573_80283585_20251113_155040.pdf|
|25574|25574|80272821||BL_25574_25574_80272821_20250828_144705.pdf|
|25574|25574|80273197||BL_25574_25574_80273197_20250903_155036.pdf|
|25574|25574|80275145||BL_25574_25574_80275145_20250916_164514.pdf|
|25574|25574|80275764||BL_25574_25574_80275764_20250922_154652.pdf|
|25574|25574|80280993||BL_25574_25574_80280993_20251022_155628.pdf|
|25574|25574|80280994||BL_25574_25574_80280994_20251027_163140.pdf|
|25574|25574|80281394||BL_25574_25574_80281394_20251024_144636.pdf|
|25574|25574|80282995||BL_25574_25574_80282995_20251105_155217.pdf|
|25576|25576|80270851||BL_25576_25576_80270851_20250728_165149.pdf|
|25577|25578|80279724||BL_25577_25578_80279724_20251016_174711.pdf|
|25577|25578|80279922||BL_25577_25578_80279922_20251017_171758.pdf|
|25577|25578|80282960||BL_25577_25578_80282960_20251105_155033.pdf|
|25580|25580|80270401||BL_25580_25580_80270401_20250724_164638.pdf|
|25580|25580|80270514||BL_25580_25580_80270514_20250724_165641.pdf|
|25580|25580|80270647||BL_25580_25580_80270647_20250725_120647.pdf|
|25580|25580|80270943||BL_25580_25580_80270943_20250728_150512.pdf|
|25580|25580|80271342||BL_25580_25580_80271342_20250731_154617.pdf|
|25580|25580|80277924||BL_25580_25580_80277924_20251003_163217.pdf|
|25580|25580|80279204||BL_25580_25580_80279204_20251013_152505.pdf|
|25580|25580|80280047||BL_25580_25580_80280047_20251017_171950.pdf|
|25580|25580|80280855||BL_25580_25580_80280855_20251021_163900.pdf|
|25587|25587|80268272||BL_25587_25587_80268272_20250707_153737.pdf|
|25587|25587|80268702||BL_25587_25587_80268702_20250709_160322.pdf|
|25587|25587|80269850||BL_25587_25587_80269850_20250721_153236.pdf|
|25587|25587|80270050||BL_25587_25587_80270050_20250722_170814.pdf|
|25587|25587|80271629||BL_25587_25587_80271629_20250825_155136.pdf|
|25587|25587|80272272||BL_25587_25587_80272272_20250806_151656.pdf|
|25587|25587|80274619||BL_25587_25587_80274619_20250911_160300.pdf|
|25587|25587|80277555||BL_25587_25587_80277555_20250930_164145.pdf|
|25587|25587|80278264||BL_25587_25587_80278264_20251007_154723.pdf|
|25587|25587|80280650||BL_25587_25587_80280650_20251020_155006.pdf|
|25589|25589|80268697||BL_25589_25589_80268697_20250709_160330.pdf|
|25589|25589|80271607||BL_25589_25589_80271607_20250825_155022.pdf|
|25589|25589|80271894||BL_25589_25589_80271894_20250801_153419.pdf|
|25589|25589|80272162||BL_25589_25589_80272162_20250825_164020.pdf|
|25589|25589|80272254||BL_25589_25589_80272254_20250806_154614.pdf|
|25589|25589|80272427||BL_25589_25589_80272427_20250825_160611.pdf|
|25589|25589|80273825||BL_25589_25589_80273825_20250904_160200.pdf|
|25589|25589|80273826||BL_25589_25589_80273826_20250904_160156.pdf|
|25589|25589|80274253||BL_25589_25589_80274253_20250909_163626.pdf|
|25589|25589|80278949||BL_25589_25589_80278949_20251013_170445.pdf|
|25589|25589|80279276||BL_25589_25589_80279276_20251014_163807.pdf|
|25590|25590|80270659||BL_25590_25590_80270659_20250725_113258.pdf|
|25590|25590|80281393||BL_25590_25590_80281393_20251024_170636.pdf|
|25590|25590|80281584||BL_25590_25590_80281584_20251027_163714.pdf|
|25593|25593|80268699||BL_25593_25593_80268699_20250709_160328.pdf|
|25593|25593|80269851||BL_25593_25593_80269851_20250721_153235.pdf|
|25593|25593|80272140||BL_25593_25593_80272140_20250805_160239.pdf|
|25593|25593|80276592||BL_25593_25593_80276592_20250925_173421.pdf|
|25593|25593|80281227||BL_25593_25593_80281227_20251023_163129.pdf|
|25595|25595|80271370||BL_25595_25595_80271370_20250731_161931.pdf|
|25595|25595|80276694||BL_25595_25595_80276694_20250926_153254.pdf|
|25595|25595|80278986||BL_25595_25595_80278986_20251014_165538.pdf|
|25595|25595|80282305||BL_25595_25595_80282305_20251031_155125.pdf|
|25595|25595|80282959||BL_25595_25595_80282959_20251105_155034.pdf|
|25597|25597|80269337||BL_25597_25597_80269337_20250716_151718.pdf|
|25597|25597|80270266||BL_25597_25597_80270266_20250723_162058.pdf|
|25597|25597|80271661||BL_25597_25597_80271661_20250825_155229.pdf|
|25597|25597|80272962||BL_25597_25597_80272962_20250901_153502.pdf|
|25597|25597|80273109||BL_25597_25597_80273109_20250903_154715.pdf|
|25597|25597|80273509||BL_25597_25597_80273509_20250903_160733.pdf|
|25597|25597|80276411||BL_25597_25597_80276411_20250924_172358.pdf|
|25597|25597|80279349||BL_25597_25597_80279349_20251014_163845.pdf|
|25597|25597|80280481||BL_25597_25597_80280481_20251020_163816.pdf|
|25597|25597|80282633||BL_25597_25597_80282633_20251104_160143.pdf|
|25598|25599|80272985||BL_25598_25599_80272985_20250901_153657.pdf|
|25598|25599|80273730||BL_25598_25599_80273730_20250904_155949.pdf|
|25598|25599|80276420||BL_25598_25599_80276420_20250924_172437.pdf|
|25598|25599|80278866||BL_25598_25599_80278866_20251016_173539.pdf|
|25598|25599|80280473||BL_25598_25599_80280473_20251020_163706.pdf|
|25600|25600|80270011||BL_25600_25600_80270011_20250722_170728.pdf|
|25600|25600|80272648||BL_25600_25600_80272648_20250826_153345.pdf|
|25600|25600|80273667||BL_25600_25600_80273667_20250905_160916.pdf|
|25600|25600|80276840||BL_25600_25600_80276840_20250929_170332.pdf|
|25600|25600|80281535||BL_25600_25600_80281535_20251027_164950.pdf|
|25600|25600|80282958||BL_25600_25600_80282958_20251105_155036.pdf|
|25604|25604|80269491||BL_25604_25604_80269491_20250717_155705.pdf|
|25605|25605|80273722||BL_25605_25605_80273722_20250904_155605.pdf|
|25605|25605|80275958||BL_25605_25605_80275958_20250923_160245.pdf|
|25605|25605|80279012||BL_25605_25605_80279012_20251013_151818.pdf|
|25613|25613|80268401||BL_25613_25613_80268401_20250708_160306.pdf|
|25613|25613|80268846||BL_25613_25613_80268846_20250710_162404.pdf|
|25613|25613|80271684||BL_25613_25613_80271684_20250825_155344.pdf|
|25613|25613|80272975||BL_25613_25613_80272975_20250901_153322.pdf|
|25613|25613|80275146||BL_25613_25613_80275146_20250916_164452.pdf|
|25613|25613|80277032||BL_25613_25613_80277032_20250929_165149.pdf|
|25613|25613|80279340||BL_25613_25613_80279340_20251015_163338.pdf|
|25613|25613|80280306||BL_25613_25613_80280306_20251020_163414.pdf|
|25613|25613|80281150||BL_25613_25613_80281150_20251022_160150.pdf|
|25620|25620|80276841||BL_25620_25620_80276841_20250929_170316.pdf|
|25620|25620|80282355||BL_25620_25620_80282355_20251031_155552.pdf|
|25620|25620|80282956||BL_25620_25620_80282956_20251105_155039.pdf|
|25621|25621|80268521||BL_25621_25621_80268521_20250708_171043.pdf|
|25621|25621|80268712||BL_25621_25621_80268712_20250709_165105.pdf|
|25621|25621|80269128||BL_25621_25621_80269128_20250711_161143.pdf|
|25621|25621|80269864||BL_25621_25621_80269864_20250721_160911.pdf|
|25621|25621|80271578||BL_25621_25621_80271578_20250825_154923.pdf|
|25621|25621|80273275||BL_25621_25621_80273275_20250903_155536.pdf|
|25621|25621|80274025||BL_25621_25621_80274025_20250908_160211.pdf|
|25621|25621|80275217||BL_25621_25621_80275217_20250916_154733.pdf|
|25621|25621|80276901||BL_25621_25621_80276901_20250929_171022.pdf|
|25621|25621|80277584||BL_25621_25621_80277584_20250930_164248.pdf|
|25621|25621|80281036||BL_25621_25621_80281036_20251022_155737.pdf|
|25621|25621|80281841||BL_25621_25621_80281841_20251028_163900.pdf|
|25621|25621|80282098||BL_25621_25621_80282098_20251030_170801.pdf|
|25622|25622|80270330||BL_25622_25622_80270330_20250723_164645.pdf|
|25622|25622|80270678||BL_25622_25622_80270678_20250725_113237.pdf|
|25622|25622|80271286||BL_25622_25622_80271286_20250730_153602.pdf|
|25622|25622|80277795||BL_25622_25622_80277795_20251002_152010.pdf|
|25623|25623|80269048||BL_25623_25623_80269048_20250711_161011.pdf|
|25623|25623|80269589||BL_25623_25623_80269589_20250718_153224.pdf|
|25623|25623|80277489||BL_25623_25623_80277489_20250930_163734.pdf|
|25623|25623|80278253||BL_25623_25623_80278253_20251007_154743.pdf|
|25633|25634|80268897||BL_25633_25634_80268897_20250710_151820.pdf|
|25633|25634|80269431||BL_25633_25634_80269431_20250717_155017.pdf|
|25633|25634|80270342||BL_25633_25634_80270342_20250723_162505.pdf|
|25633|25634|80271869||BL_25633_25634_80271869_20250801_153244.pdf|
|25633|25634|80272880||BL_25633_25634_80272880_20250829_144743.pdf|
|25633|25634|80274084||BL_25633_25634_80274084_20250908_162258.pdf|
|25633|25634|80275620||BL_25633_25634_80275620_20250919_165715.pdf|
|25633|25634|80278447||BL_25633_25634_80278447_20251008_154921.pdf|
|25633|25634|80278854||BL_25633_25634_80278854_20251010_163323.pdf|
|25633|25634|80283512||BL_25633_25634_80283512_20251113_154759.pdf|
|25635|25635|80278433||BL_25635_25635_80278433_20251008_154728.pdf|
|25635|25635|80280675||BL_25635_25635_80280675_20251020_164038.pdf|
|25635|25635|80281153||BL_25635_25635_80281153_20251021_150232.pdf|
|25638|25638|80268420||BL_25638_25638_80268420_20250708_170541.pdf|
|25652|25652|80273993||BL_25652_25652_80273993_20250909_161737.pdf|
|25652|25652|80275280||BL_25652_25652_80275280_20250916_154807.pdf|
|25652|25652|80276037||BL_25652_25652_80276037_20250924_171724.pdf|
|25652|25652|80278829||BL_25652_25652_80278829_20251010_160917.pdf|
|25652|25652|80282292||BL_25652_25652_80282292_20251031_144646.pdf|
|25653|25654|80283346||BL_25653_25654_80283346_20251112_162017.pdf|
|25655|25655|80270054||BL_25655_25655_80270054_20250722_170747.pdf|
|25655|25655|80272998||BL_25655_25655_80272998_20250901_153531.pdf|
|25655|25655|80274845||BL_25655_25655_80274845_20250915_164632.pdf|
|25655|25655|80275211||BL_25655_25655_80275211_20250916_164819.pdf|
|25666|25666|80268520||BL_25666_25666_80268520_20250708_171047.pdf|
|25666|25666|80270052||BL_25666_25666_80270052_20250722_170804.pdf|
|25666|25666|80271288||BL_25666_25666_80271288_20250730_153559.pdf|
|25666|25666|80271637||BL_25666_25666_80271637_20250825_155115.pdf|
|25666|25666|80271975||BL_25666_25666_80271975_20250804_161608.pdf|
|25666|25666|80272314||BL_25666_25666_80272314_20250807_154623.pdf|
|25666|25666|80272371||BL_25666_25666_80272371_20250807_154919.pdf|
|25666|25666|80274638||BL_25666_25666_80274638_20250911_160902.pdf|
|25666|25666|80274784||BL_25666_25666_80274784_20250912_161006.pdf|
|25666|25666|80278947||BL_25666_25666_80278947_20251013_164804.pdf|
|25666|25666|80279953||BL_25666_25666_80279953_20251017_165155.pdf|
|25666|25666|80282718||BL_25666_25666_80282718_20251104_160740.pdf|
|25666|25666|80283151||BL_25666_25666_80283151_20251106_154849.pdf|
|25668|25668|80268711||BL_25668_25668_80268711_20250709_160310.pdf|
|25668|25668|80272243||BL_25668_25668_80272243_20250806_154633.pdf|
|25668|25668|80272364||BL_25668_25668_80272364_20250807_154813.pdf|
|25668|25668|80272990||BL_25668_25668_80272990_20250901_153625.pdf|
|25668|25668|80273284||BL_25668_25668_80273284_20250902_154709.pdf|
|25668|25668|80273440||BL_25668_25668_80273440_20250903_160125.pdf|
|25668|25668|80273592||BL_25668_25668_80273592_20250903_143545.pdf|
|25668|25668|80278292||BL_25668_25668_80278292_20251007_154826.pdf|
|25668|25668|80279045||BL_25668_25668_80279045_20251013_165137.pdf|
|25668|25668|80279574||BL_25668_25668_80279574_20251015_162124.pdf|
|25670|25670|80270549||BL_25670_25670_80270549_20250724_170200.pdf|
|25670|25670|80271295||BL_25670_25670_80271295_20250730_153553.pdf|
|25670|25670|80275158||BL_25670_25670_80275158_20250916_164406.pdf|
|25670|25670|80276265||BL_25670_25670_80276265_20250924_172151.pdf|
|25670|25670|80280016||BL_25670_25670_80280016_20251017_171926.pdf|
|25670|25670|80281121||BL_25670_25670_80281121_20251022_162608.pdf|
|25670|25670|80282009||BL_25670_25670_80282009_20251029_160227.pdf|
|25674|25674|80268808||BL_25674_25674_80268808_20250710_161914.pdf|
|25674|25674|80275393||BL_25674_25674_80275393_20250918_151758.pdf|
|25674|25674|80276990||BL_25674_25674_80276990_20250929_165038.pdf|
|25674|25674|80280257||BL_25674_25674_80280257_20251020_180358.pdf|
|25683|25683|80275909||BL_25683_25683_80275909_20250923_162117.pdf|
|25683|25683|80276537||BL_25683_25683_80276537_20250925_161829.pdf|
|25683|25683|80277181||BL_25683_25683_80277181_20250929_165549.pdf|
|25683|25683|80281310||BL_25683_25683_80281310_20251023_165451.pdf|
|25683|25683|80281358||BL_25683_25683_80281358_20251024_144625.pdf|
|25683|25683|80281729||BL_25683_25683_80281729_20251028_163516.pdf|
|25687|25687|80268845||BL_25687_25687_80268845_20250710_162411.pdf|
|25687|25687|80273899||BL_25687_25687_80273899_20250905_161720.pdf|
|25687|25687|80276425||BL_25687_25687_80276425_20250924_172429.pdf|
|25687|25687|80278394||BL_25687_25687_80278394_20251007_132829.pdf|
|25687|25687|80279515||BL_25687_25687_80279515_20251015_163509.pdf|
|25687|25687|80280337||BL_25687_25687_80280337_20251020_161640.pdf|
|25690|25690|80269455||BL_25690_25690_80269455_20250717_155151.pdf|
|25690|25690|80273052||BL_25690_25690_80273052_20250901_154224.pdf|
|25690|25690|80273519||BL_25690_25690_80273519_20250903_160707.pdf|
|25690|25690|80274576||BL_25690_25690_80274576_20250911_155944.pdf|
|25690|25690|80276467||BL_25690_25690_80276467_20250925_163214.pdf|
|25690|25690|80276873||BL_25690_25690_80276873_20250929_164920.pdf|
|25690|25690|80277079||BL_25690_25690_80277079_20250929_165356.pdf|
|25690|25690|80279343||BL_25690_25690_80279343_20251014_165806.pdf|
|25690|25690|80282944||BL_25690_25690_80282944_20251105_154950.pdf|
|25690|25690|80283571||BL_25690_25690_80283571_20251113_155203.pdf|
|25691|25691|80270034||BL_25691_25691_80270034_20250722_170912.pdf|
|25691|25691|80276492||BL_25691_25691_80276492_20250925_163401.pdf|
|25691|25691|80278988||BL_25691_25691_80278988_20251013_151837.pdf|
|25691|25691|80281190||BL_25691_25691_80281190_20251023_163216.pdf|
|25691|25691|80281191||BL_25691_25691_80281191_20251023_163209.pdf|
|25691|25691|80281812||BL_25691_25691_80281812_20251028_164004.pdf|
|25691|25691|80282992||BL_25691_25691_80282992_20251105_155059.pdf|
|25699|25699|80269797||BL_25699_25699_80269797_20250721_160547.pdf|
|25699|25699|80270940||BL_25699_25699_80270940_20250728_150316.pdf|
|25699|25699|80271985||BL_25699_25699_80271985_20250804_160323.pdf|
|25699|25699|80274340||BL_25699_25699_80274340_20250909_164128.pdf|
|25699|25699|80277203||BL_25699_25699_80277203_20250929_165620.pdf|
|25699|25699|80278240||BL_25699_25699_80278240_20251007_154801.pdf|
|25699|25699|80280355||BL_25699_25699_80280355_20251020_180234.pdf|
|25711|25711|80270409||BL_25711_25711_80270409_20250724_164709.pdf|
|25711|25711|80270521||BL_25711_25711_80270521_20250724_170024.pdf|
|25711|25711|80274998||BL_25711_25711_80274998_20250915_171656.pdf|
|25711|25711|80276995||BL_25711_25711_80276995_20250929_165051.pdf|
|25711|25711|80280284||BL_25711_25711_80280284_20251020_163348.pdf|
|25711|25711|80283383||BL_25711_25711_80283383_20251112_162154.pdf|
|25713|25713|80268560||BL_25713_25713_80268560_20250708_163313.pdf|
|25713|25713|80268561||BL_25713_25713_80268561_20250708_163311.pdf|
|25713|25713|80268618||BL_25713_25713_80268618_20250708_163258.pdf|
|25713|25713|80269398||BL_25713_25713_80269398_20250717_153123.pdf|
|25713|25713|80272888||BL_25713_25713_80272888_20250829_144723.pdf|
|25713|25713|80278377||BL_25713_25713_80278377_20251007_155022.pdf|
|25713|25713|80279920||BL_25713_25713_80279920_20251020_154849.pdf|
|25721|25722|80268468||BL_25721_25722_80268468_20250708_163229.pdf|
|25721|25722|80271712||BL_25721_25722_80271712_20250825_155505.pdf|
|25721|25722|80274581||BL_25721_25722_80274581_20250911_155906.pdf|
|25721|25722|80277225||BL_25721_25722_80277225_20250929_165657.pdf|
|25721|25722|80279321||BL_25721_25722_80279321_20251014_165904.pdf|
|25721|25722|80280534||BL_25721_25722_80280534_20251020_163826.pdf|
|25724|25724|80269191||BL_25724_25724_80269191_20250715_144718.pdf|
|25724|25724|80271392||BL_25724_25724_80271392_20250731_162142.pdf|
|25724|25724|80273039||BL_25724_25724_80273039_20250901_154041.pdf|
|25724|25724|80273684||BL_25724_25724_80273684_20250905_161230.pdf|
|25724|25724|80274097||BL_25724_25724_80274097_20250908_163301.pdf|
|25724|25724|80274980||BL_25724_25724_80274980_20250915_164833.pdf|
|25724|25724|80276170||BL_25724_25724_80276170_20250924_171940.pdf|
|25724|25724|80280201||BL_25724_25724_80280201_20251017_172349.pdf|
|25724|25724|80280684||BL_25724_25724_80280684_20251020_180600.pdf|
|25724|25724|80280907||BL_25724_25724_80280907_20251021_164627.pdf|
|25731|25731|80270686||BL_25731_25731_80270686_20250725_121153.pdf|
|25731|25731|80274150||BL_25731_25731_80274150_20250909_163037.pdf|
|25731|25731|80281207||BL_25731_25731_80281207_20251023_164704.pdf|
|25731|25731|80281469||BL_25731_25731_80281469_20251024_144651.pdf|
|25732|25732|80268710||BL_25732_25732_80268710_20250709_160313.pdf|
|25732|25732|80270680||BL_25732_25732_80270680_20250725_121211.pdf|
|25732|25732|80275853||BL_25732_25732_80275853_20250923_161652.pdf|
|25732|25732|80277948||BL_25732_25732_80277948_20251003_162508.pdf|
|25732|25732|80282301||BL_25732_25732_80282301_20251031_155202.pdf|
|25732|25732|80283076||BL_25732_25732_80283076_20251105_160815.pdf|
|25740|25740|80268943||BL_25740_25740_80268943_20250710_151928.pdf|
|25740|25740|80274883||BL_25740_25740_80274883_20250915_170834.pdf|
|25740|25740|80278100||BL_25740_25740_80278100_20251006_161415.pdf|
|25740|25740|80279965||BL_25740_25740_80279965_20251017_165455.pdf|
|25742|25743|80269388||BL_25742_25743_80269388_20250716_151733.pdf|
|25746|25746|80268987||BL_25746_25746_80268987_20250711_160306.pdf|
|25746|25746|80271653||BL_25746_25746_80271653_20250825_155301.pdf|
|25746|25746|80275159||BL_25746_25746_80275159_20250916_154616.pdf|
|25746|25746|80275737||BL_25746_25746_80275737_20250922_163129.pdf|
|25746|25746|80276253||BL_25746_25746_80276253_20250924_172209.pdf|
|25746|25746|80279090||BL_25746_25746_80279090_20251013_152010.pdf|
|25746|25746|80280098||BL_25746_25746_80280098_20251017_172153.pdf|
|25746|25746|80281255||BL_25746_25746_80281255_20251023_163538.pdf|
|25752|25752|80268309||BL_25752_25752_80268309_20250707_154206.pdf|
|25752|25752|80270331||BL_25752_25752_80270331_20250723_162354.pdf|
|25752|25752|80271281||BL_25752_25752_80271281_20250730_155025.pdf|
|25752|25752|80271888||BL_25752_25752_80271888_20250801_153506.pdf|
|25752|25752|80272016||BL_25752_25752_80272016_20250804_160419.pdf|
|25752|25752|80272858||BL_25752_25752_80272858_20250829_153112.pdf|
|25752|25752|80273312||BL_25752_25752_80273312_20250902_170819.pdf|
|25752|25752|80274457||BL_25752_25752_80274457_20250910_154916.pdf|
|25752|25752|80274653||BL_25752_25752_80274653_20250911_161107.pdf|
|25752|25752|80275268||BL_25752_25752_80275268_20250916_154803.pdf|
|25752|25752|80277553||BL_25752_25752_80277553_20250930_164208.pdf|
|25752|25752|80278038||BL_25752_25752_80278038_20251006_160741.pdf|
|25752|25752|80278375||BL_25752_25752_80278375_20251007_155018.pdf|
|25752|25752|80278464||BL_25752_25752_80278464_20251008_155015.pdf|
|25752|25752|80279436||BL_25752_25752_80279436_20251021_154804.pdf|
|25759|25759|80269188||BL_25759_25759_80269188_20250715_160636.pdf|
|25759|25759|80271659||BL_25759_25759_80271659_20250825_155235.pdf|
|25759|25759|80278246||BL_25759_25759_80278246_20251007_160636.pdf|
|25764|25764|80268541||BL_25764_25764_80268541_20250708_163317.pdf|
|25764|25764|80269056||BL_25764_25764_80269056_20250711_160925.pdf|
|25764|25764|80272846||BL_25764_25764_80272846_20250828_151826.pdf|
|25764|25764|80275488||BL_25764_25764_80275488_20250918_152934.pdf|
|25764|25764|80276327||BL_25764_25764_80276327_20250924_155250.pdf|
|25764|25764|80278948||BL_25764_25764_80278948_20251014_165216.pdf|
|25764|25764|80282708||BL_25764_25764_80282708_20251104_143128.pdf|
|25769|25769|80272134||BL_25769_25769_80272134_20250805_160208.pdf|
|25769|25769|80274465||BL_25769_25769_80274465_20250910_160846.pdf|
|25769|25769|80283566||BL_25769_25769_80283566_20251113_155224.pdf|
|25770|25770|80274726||BL_25770_25770_80274726_20250912_160534.pdf|
|25770|25770|80277001||BL_25770_25770_80277001_20250929_165132.pdf|
|25770|25770|80278782||BL_25770_25770_80278782_20251010_161706.pdf|
|25770|25770|80280291||BL_25770_25770_80280291_20251020_163324.pdf|
|25770|25770|80281937||BL_25770_25770_80281937_20251029_163846.pdf|
|25771|25771|80274574||BL_25771_25771_80274574_20250911_160001.pdf|
|25771|25771|80277304||BL_25771_25771_80277304_20250929_165927.pdf|
|25771|25771|80280528||BL_25771_25771_80280528_20251020_163834.pdf|
|25775|25775|80268862||BL_25775_25775_80268862_20250710_151909.pdf|
|25775|25775|80271691||BL_25775_25775_80271691_20250825_155328.pdf|
|25775|25775|80272996||BL_25775_25775_80272996_20250901_153544.pdf|
|25775|25775|80273727||BL_25775_25775_80273727_20250904_155451.pdf|
|25775|25775|80274724||BL_25775_25775_80274724_20250912_160557.pdf|
|25775|25775|80276164||BL_25775_25775_80276164_20250924_171949.pdf|
|25775|25775|80277477||BL_25775_25775_80277477_20250930_163854.pdf|
|25775|25775|80278585||BL_25775_25775_80278585_20251009_160257.pdf|
|25775|25775|80278682||BL_25775_25775_80278682_20251013_164723.pdf|
|25775|25775|80279028||BL_25775_25775_80279028_20251013_165227.pdf|
|25775|25775|80280050||BL_25775_25775_80280050_20251017_172050.pdf|
|25775|25775|80283581||BL_25775_25775_80283581_20251113_155100.pdf|
|25782|25782|80280710||BL_25782_25782_80280710_20251021_163241.pdf|
|25785|25785|80276565||BL_25785_25785_80276565_20250925_161937.pdf|
|25785|25785|80276688||BL_25785_25785_80276688_20250926_150239.pdf|
|25785|25785|80277108||BL_25785_25785_80277108_20250929_165418.pdf|
|25785|25785|80282962||BL_25785_25785_80282962_20251105_155029.pdf|
|25803|25803|80271900||BL_25803_25803_80271900_20250801_153347.pdf|
|25803|25803|80275627||BL_25803_25803_80275627_20250919_170113.pdf|
|25803|25803|80275793||BL_25803_25803_80275793_20250922_154631.pdf|
|25803|25803|80282728||BL_25803_25803_80282728_20251104_160950.pdf|
|25803|25803|80283713||BL_25803_25803_80283713_20251113_155650.pdf|
|25804|25804|80269826||BL_25804_25804_80269826_20250721_160737.pdf|
|25804|25804|80274051||BL_25804_25804_80274051_20250909_162047.pdf|
|25804|25804|80280637||BL_25804_25804_80280637_20251021_163135.pdf|
|25805|25806|80269410||BL_25805_25806_80269410_20250717_153138.pdf|
|25805|25806|80271292||BL_25805_25806_80271292_20250730_154951.pdf|
|25807|25807|80268479||BL_25807_25807_80268479_20250708_171000.pdf|
|25807|25807|80268848||BL_25807_25807_80268848_20250710_162402.pdf|
|25808|25808|80270431||BL_25808_25808_80270431_20250724_161616.pdf|
|25808|25808|80272389||BL_25808_25808_80272389_20250807_154850.pdf|
|25808|25808|80273765||BL_25808_25808_80273765_20250904_160329.pdf|
|25808|25808|80273817||BL_25808_25808_80273817_20250904_160211.pdf|
|25808|25808|80275855||BL_25808_25808_80275855_20250923_161637.pdf|
|25808|25808|80283543||BL_25808_25808_80283543_20251113_154950.pdf|
|25810|25810|80271734||BL_25810_25810_80271734_20250825_155644.pdf|
|25810|25810|80273233||BL_25810_25810_80273233_20250903_155403.pdf|
|25810|25810|80275435||BL_25810_25810_80275435_20250918_152633.pdf|
|25810|25810|80277768||BL_25810_25810_80277768_20251002_155448.pdf|
|25810|25810|80279194||BL_25810_25810_80279194_20251013_152401.pdf|
|25810|25810|80280268||BL_25810_25810_80280268_20251020_163332.pdf|
|25810|25810|80282468||BL_25810_25810_80282468_20251103_160716.pdf|
|25817|25818|80271022||BL_25817_25818_80271022_20250729_154631.pdf|
|25817|25818|80273002||BL_25817_25818_80273002_20250901_153930.pdf|
|25817|25818|80273131||BL_25817_25818_80273131_20250902_170424.pdf|
|25817|25818|80279348||BL_25817_25818_80279348_20251014_163847.pdf|
|25817|25818|80281007||BL_25817_25818_80281007_20251022_155612.pdf|
|25817|25818|80281122||BL_25817_25818_80281122_20251022_160242.pdf|
|25817|25818|80282994||BL_25817_25818_80282994_20251105_155055.pdf|
|25817|25818|80283595||BL_25817_25818_80283595_20251113_151804.pdf|
|25822|25822|80269814||BL_25822_25822_80269814_20250721_160820.pdf|
|25822|25822|80270350||BL_25822_25822_80270350_20250723_162449.pdf|
|25822|25822|80276615||BL_25822_25822_80276615_20250925_164400.pdf|
|25823|25823|80270697||BL_25823_25823_80270697_20250725_121031.pdf|
|25823|25823|80274491||BL_25823_25823_80274491_20250911_154634.pdf|
|25823|25823|80274878||BL_25823_25823_80274878_20250915_170859.pdf|
|25823|25823|80275208||BL_25823_25823_80275208_20250916_164831.pdf|
|25823|25823|80278461||BL_25823_25823_80278461_20251008_154845.pdf|
|25828|25829|80268414||BL_25828_25829_80268414_20250708_170622.pdf|
|25828|25829|80269990||BL_25828_25829_80269990_20250722_161650.pdf|
|25828|25829|80272302||BL_25828_25829_80272302_20250807_154641.pdf|
|25828|25829|80278194||BL_25828_25829_80278194_20251007_160252.pdf|
|25828|25829|80281127||BL_25828_25829_80281127_20251022_153325.pdf|
|25828|25829|80281549||BL_25828_25829_80281549_20251027_163409.pdf|
|25828|25829|80281945||BL_25828_25829_80281945_20251029_163805.pdf|
|25831|25831|80276842||BL_25831_25831_80276842_20250929_170245.pdf|
|25831|25831|80279322||BL_25831_25831_80279322_20251014_165857.pdf|
|25831|25831|80282926||BL_25831_25831_80282926_20251105_160532.pdf|
|25832|25832|80275864||BL_25832_25832_80275864_20250923_162011.pdf|
|25832|25832|80283364||BL_25832_25832_80283364_20251112_161817.pdf|
|25832|25832|80283684||BL_25832_25832_80283684_20251113_155502.pdf|
|25840|25841|80268703||BL_25840_25841_80268703_20250709_160320.pdf|
|25840|25841|80269552||BL_25840_25841_80269552_20250717_155856.pdf|
|25840|25841|80269553||BL_25840_25841_80269553_20250717_155849.pdf|
|25840|25841|80272887||BL_25840_25841_80272887_20250829_144730.pdf|
|25840|25841|80273054||BL_25840_25841_80273054_20250901_151830.pdf|
|25840|25841|80275633||BL_25840_25841_80275633_20250919_170044.pdf|
|25844|25844|80268371||BL_25844_25844_80268371_20250708_170430.pdf|
|25844|25844|80270507||BL_25844_25844_80270507_20250724_165736.pdf|
|25844|25844|80272311||BL_25844_25844_80272311_20250807_154629.pdf|
|25844|25844|80274945||BL_25844_25844_80274945_20250915_164816.pdf|
|25844|25844|80275646||BL_25844_25844_80275646_20250919_165937.pdf|
|25844|25844|80276319||BL_25844_25844_80276319_20250924_155306.pdf|
|25846|25846|80270690||BL_25846_25846_80270690_20250725_121122.pdf|
|25846|25846|80270823||BL_25846_25846_80270823_20250728_104541.pdf|
|25846|25846|80271594||BL_25846_25846_80271594_20250825_154821.pdf|
|25846|25846|80276896||BL_25846_25846_80276896_20250929_171113.pdf|
|25846|25846|80283553||BL_25846_25846_80283553_20251113_154851.pdf|
|25848|25848|80275786||BL_25848_25848_80275786_20250922_162438.pdf|
|25853|25853|80268512||BL_25853_25853_80268512_20250708_171117.pdf|
|25853|25853|80268931||BL_25853_25853_80268931_20250710_162907.pdf|
|25853|25853|80269425||BL_25853_25853_80269425_20250717_154642.pdf|
|25853|25853|80275192||BL_25853_25853_80275192_20250916_165003.pdf|
|25853|25853|80282099||BL_25853_25853_80282099_20251030_170800.pdf|
|25854|25854|80269469||BL_25854_25854_80269469_20250717_155038.pdf|
|25864|25864|80276776||BL_25864_25864_80276776_20250926_153938.pdf|
|25864|25864|80282078||BL_25864_25864_80282078_20251030_170545.pdf|
|25867|25867|80268508||BL_25867_25867_80268508_20250708_171138.pdf|
|25867|25867|80269399||BL_25867_25867_80269399_20250717_153128.pdf|
|25867|25867|80269865||BL_25867_25867_80269865_20250721_153226.pdf|
|25867|25867|80271289||BL_25867_25867_80271289_20250730_153556.pdf|
|25867|25867|80275200||BL_25867_25867_80275200_20250916_164901.pdf|
|25867|25867|80278367||BL_25867_25867_80278367_20251007_154931.pdf|
|25883|25883|80268391||BL_25883_25883_80268391_20250708_170352.pdf|
|25883|25883|80269521||BL_25883_25883_80269521_20250717_155758.pdf|
|25883|25883|80275901||BL_25883_25883_80275901_20250923_162204.pdf|
|25883|25883|80276729||BL_25883_25883_80276729_20250926_153457.pdf|
|25883|25883|80277072||BL_25883_25883_80277072_20250929_165258.pdf|
|25883|25883|80280108||BL_25883_25883_80280108_20251017_172140.pdf|
|25883|25883|80282348||BL_25883_25883_80282348_20251031_155259.pdf|
|25883|25883|80283135||BL_25883_25883_80283135_20251106_144702.pdf|
|25883|25883|80283639||BL_25883_25883_80283639_20251113_155642.pdf|
|25887|25887|80271359||BL_25887_25887_80271359_20250731_154638.pdf|
|25887|25887|80273192||BL_25887_25887_80273192_20250902_170304.pdf|
|25887|25887|80274011||BL_25887_25887_80274011_20250908_161736.pdf|
|25887|25887|80274979||BL_25887_25887_80274979_20250915_164834.pdf|
|25887|25887|80277277||BL_25887_25887_80277277_20250929_165904.pdf|
|25887|25887|80278598||BL_25887_25887_80278598_20251009_160743.pdf|
|25887|25887|80278705||BL_25887_25887_80278705_20251013_151638.pdf|
|25887|25887|80280440||BL_25887_25887_80280440_20251020_163636.pdf|
|25887|25887|80283613||BL_25887_25887_80283613_20251113_151733.pdf|
|25888|25888|80268633||BL_25888_25888_80268633_20250709_164750.pdf|
|25888|25888|80270229||BL_25888_25888_80270229_20250723_161813.pdf|
|25888|25888|80275571||BL_25888_25888_80275571_20250919_165331.pdf|
|25888|25888|80282129||BL_25888_25888_80282129_20251030_170930.pdf|
|25888|25888|80283588||BL_25888_25888_80283588_20251113_151813.pdf|
|25895|25895|80270559||BL_25895_25895_80270559_20250724_161747.pdf|
|25895|25895|80270896||BL_25895_25895_80270896_20250728_150415.pdf|
|25895|25895|80271810||BL_25895_25895_80271810_20250825_160336.pdf|
|25895|25895|80274554||BL_25895_25895_80274554_20250911_155819.pdf|
|25895|25895|80275240||BL_25895_25895_80275240_20250916_154705.pdf|
|25895|25895|80277308||BL_25895_25895_80277308_20250929_165920.pdf|
|25895|25895|80280562||BL_25895_25895_80280562_20251020_164005.pdf|
|25895|25895|80281768||BL_25895_25895_80281768_20251028_165105.pdf|
|25895|25895|80282165||BL_25895_25895_80282165_20251030_171511.pdf|
|25896|25896|80277749||BL_25896_25896_80277749_20251002_155205.pdf|
|25896|25896|80279169||BL_25896_25896_80279169_20251013_152314.pdf|
|25896|25896|80280571||BL_25896_25896_80280571_20251020_164018.pdf|
|25896|25896|80282132||BL_25896_25896_80282132_20251030_170926.pdf|
|25897|25897|80281748||BL_25897_25897_80281748_20251028_164905.pdf|
|25897|25897|80281951||BL_25897_25897_80281951_20251029_164228.pdf|
|25897|25897|80282060||BL_25897_25897_80282060_20251030_170223.pdf|
|25897|25897|80282931||BL_25897_25897_80282931_20251105_155006.pdf|
|25900|25900|80274224||BL_25900_25900_80274224_20250909_163341.pdf|
|25900|25900|80276139||BL_25900_25900_80276139_20250924_171922.pdf|
|25900|25900|80279325||BL_25900_25900_80279325_20251014_165844.pdf|
|25900|25900|80279850||BL_25900_25900_80279850_20251017_164742.pdf|
|25900|25900|80280176||BL_25900_25900_80280176_20251017_172323.pdf|
|25902|25902|80270066||BL_25902_25902_80270066_20250722_161605.pdf|
|25902|25902|80270343||BL_25902_25902_80270343_20250723_162503.pdf|
|25902|25902|80271903||BL_25902_25902_80271903_20250801_153715.pdf|
|25902|25902|80271969||BL_25902_25902_80271969_20250801_150331.pdf|
|25902|25902|80277952||BL_25902_25902_80277952_20251003_162454.pdf|
|25902|25902|80281828||BL_25902_25902_80281828_20251028_165549.pdf|
|25902|25902|80281973||BL_25902_25902_80281973_20251029_164029.pdf|
|25903|25903|80268863||BL_25903_25903_80268863_20250710_162633.pdf|
|25903|25903|80271416||BL_25903_25903_80271416_20250731_162441.pdf|
|25903|25903|80271692||BL_25903_25903_80271692_20250825_155322.pdf|
|25903|25903|80273006||BL_25903_25903_80273006_20250901_153911.pdf|
|25903|25903|80273137||BL_25903_25903_80273137_20250902_163229.pdf|
|25903|25903|80273712||BL_25903_25903_80273712_20250904_155306.pdf|
|25903|25903|80275595||BL_25903_25903_80275595_20250919_184728.pdf|
|25903|25903|80276161||BL_25903_25903_80276161_20250924_171954.pdf|
|25903|25903|80276794||BL_25903_25903_80276794_20250926_154028.pdf|
|25903|25903|80276854||BL_25903_25903_80276854_20250929_170710.pdf|
|25903|25903|80278967||BL_25903_25903_80278967_20251014_163309.pdf|
|25903|25903|80280160||BL_25903_25903_80280160_20251017_165809.pdf|
|25911|25913|80270883||BL_25911_25913_80270883_20250728_165741.pdf|
|25911|25913|80271468||BL_25911_25913_80271468_20250731_154803.pdf|
|25911|25913|80276858||BL_25911_25913_80276858_20250929_170610.pdf|
|25911|25913|80282936||BL_25911_25913_80282936_20251105_155000.pdf|
|25915|25916|80269415||BL_25915_25916_80269415_20250717_154712.pdf|
|25915|25916|80271565||BL_25915_25916_80271565_20250825_154742.pdf|
|25915|25916|80274897||BL_25915_25916_80274897_20250915_171140.pdf|
|25915|25916|80275206||BL_25915_25916_80275206_20250916_164833.pdf|
|25915|25916|80281593||BL_25915_25916_80281593_20251027_165443.pdf|
|25919|25919|80268696||BL_25919_25919_80268696_20250709_165116.pdf|
|25919|25919|80270047||BL_25919_25919_80270047_20250722_170819.pdf|
|25919|25919|80270299||BL_25919_25919_80270299_20250723_162332.pdf|
|25919|25919|80271864||BL_25919_25919_80271864_20250801_150151.pdf|
|25919|25919|80275204||BL_25919_25919_80275204_20250916_164841.pdf|
|25919|25919|80275874||BL_25919_25919_80275874_20250923_161930.pdf|
|25919|25919|80281448||BL_25919_25919_80281448_20251024_170818.pdf|
|25919|25919|80282487||BL_25919_25919_80282487_20251103_160935.pdf|
|25924|25924|80269007||BL_25924_25924_80269007_20250711_160557.pdf|
|25924|25924|80277464||BL_25924_25924_80277464_20250930_163512.pdf|
|25924|25924|80279525||BL_25924_25924_80279525_20251015_160230.pdf|
|25924|25924|80282507||BL_25924_25924_80282507_20251103_161149.pdf|
|25924|25924|80283141||BL_25924_25924_80283141_20251106_144858.pdf|
|25924|25924|80283280||BL_25924_25924_80283280_20251107_090342.pdf|
|25924|25924|80283396||BL_25924_25924_80283396_20251112_094533.pdf|
|25925|25925|80268700||BL_25925_25925_80268700_20250709_160326.pdf|
|25925|25925|80275451||BL_25925_25925_80275451_20250918_152451.pdf|
|25925|25925|80279658||BL_25925_25925_80279658_20251016_173707.pdf|
|25930|25930|80275479||BL_25930_25930_80275479_20250918_153007.pdf|
|25930|25930|80275824||BL_25930_25930_80275824_20250922_154626.pdf|
|25930|25930|80280820||BL_25930_25930_80280820_20251022_154908.pdf|
|25930|25930|80281965||BL_25930_25930_80281965_20251029_164119.pdf|
|25940|25940|80269802||BL_25940_25940_80269802_20250721_153136.pdf|
|25940|25940|80271457||BL_25940_25940_80271457_20250731_162631.pdf|
|25940|25940|80272941||BL_25940_25940_80272941_20250902_161650.pdf|
|25940|25940|80273731||BL_25940_25940_80273731_20250904_155940.pdf|
|25940|25940|80276167||BL_25940_25940_80276167_20250924_171945.pdf|
|25940|25940|80279049||BL_25940_25940_80279049_20251013_165552.pdf|
|25940|25940|80282191||BL_25940_25940_80282191_20251030_165043.pdf|
|25940|25940|80282266||BL_25940_25940_80282266_20251031_144655.pdf|
|25940|25940|80282971||BL_25940_25940_80282971_20251104_153248.pdf|
|25943|25943|80269171||BL_25943_25943_80269171_20250715_150155.pdf|
|25943|25943|80270854||BL_25943_25943_80270854_20250728_150233.pdf|
|25943|25943|80274518||BL_25943_25943_80274518_20250911_154716.pdf|
|25943|25943|80275384||BL_25943_25943_80275384_20250918_151700.pdf|
|25943|25943|80276261||BL_25943_25943_80276261_20250924_172157.pdf|
|25943|25943|80276504||BL_25943_25943_80276504_20250925_154605.pdf|
|25943|25943|80279879||BL_25943_25943_80279879_20251017_171731.pdf|
|25943|25943|80280022||BL_25943_25943_80280022_20251017_171917.pdf|
|25943|25943|80281279||BL_25943_25943_80281279_20251023_165253.pdf|
|25943|25943|80281443||BL_25943_25943_80281443_20251024_144658.pdf|
|25944|25944|80270646||BL_25944_25944_80270646_20250725_120707.pdf|
|25944|25944|80270930||BL_25944_25944_80270930_20250728_104546.pdf|
|25944|25944|80271047||BL_25944_25944_80271047_20250728_161600.pdf|
|25944|25944|80272637||BL_25944_25944_80272637_20250826_153442.pdf|
|25944|25944|80274129||BL_25944_25944_80274129_20250908_162118.pdf|
|25944|25944|80274982||BL_25944_25944_80274982_20250915_164830.pdf|
|25944|25944|80276148||BL_25944_25944_80276148_20250924_171908.pdf|
|25944|25944|80276658||BL_25944_25944_80276658_20250925_170401.pdf|
|25944|25944|80276856||BL_25944_25944_80276856_20250929_170644.pdf|
|25944|25944|80278907||BL_25944_25944_80278907_20251013_170618.pdf|
|25944|25944|80280195||BL_25944_25944_80280195_20251017_172358.pdf|
|25944|25944|80283660||BL_25944_25944_80283660_20251113_155544.pdf|
|25946|25946|80268251||BL_25946_25946_80268251_20250707_150200.pdf|
|25946|25946|80270179||BL_25946_25946_80270179_20250722_161741.pdf|
|25946|25946|80275290||BL_25946_25946_80275290_20250917_153417.pdf|
|25946|25946|80282104||BL_25946_25946_80282104_20251030_170719.pdf|
|25946|25946|80282295||BL_25946_25946_80282295_20251031_144640.pdf|
|25948|25948|80274894||BL_25948_25948_80274894_20250915_171207.pdf|
|25948|25948|80279576||BL_25948_25948_80279576_20251015_162115.pdf|
|25953|25953|80268698||BL_25953_25953_80268698_20250709_165114.pdf|
|25953|25953|80269828||BL_25953_25953_80269828_20250721_160725.pdf|
|25953|25953|80270381||BL_25953_25953_80270381_20250723_111541.pdf|
|25953|25953|80270505||BL_25953_25953_80270505_20250723_162636.pdf|
|25953|25953|80271558||BL_25953_25953_80271558_20250825_154802.pdf|
|25953|25953|80272989||BL_25953_25953_80272989_20250901_151649.pdf|
|25953|25953|80274218||BL_25953_25953_80274218_20250909_162940.pdf|
|25953|25953|80274634||BL_25953_25953_80274634_20250911_160459.pdf|
|25953|25953|80277552||BL_25953_25953_80277552_20250930_164236.pdf|
|25953|25953|80278821||BL_25953_25953_80278821_20251010_160956.pdf|
|25954|25954|80274587||BL_25954_25954_80274587_20250918_141610.pdf|
|25954|25954|80275545||BL_25954_25954_80275545_20250919_151601.pdf|
|25954|25954|80275948||BL_25954_25954_80275948_20250923_160306.pdf|
|25957|25957|80274256||BL_25957_25957_80274256_20250909_163601.pdf|
|25957|25957|80277219||BL_25957_25957_80277219_20250929_171438.pdf|
|25957|25957|80280608||BL_25957_25957_80280608_20251017_123051.pdf|
|25957|25957|80281720||BL_25957_25957_80281720_20251028_163530.pdf|
|25957|25957|80283250||BL_25957_25957_80283250_20251107_150335.pdf|
|25958|25958|80268421||BL_25958_25958_80268421_20250708_160322.pdf|
|25958|25958|80270911||BL_25958_25958_80270911_20250728_165955.pdf|
|25958|25958|80274053||BL_25958_25958_80274053_20250908_163428.pdf|
|25958|25958|80274320||BL_25958_25958_80274320_20250909_163915.pdf|
|25958|25958|80274669||BL_25958_25958_80274669_20250911_160917.pdf|
|25958|25958|80276144||BL_25958_25958_80276144_20250924_171914.pdf|
|25958|25958|80277722||BL_25958_25958_80277722_20251002_154919.pdf|
|25958|25958|80279498||BL_25958_25958_80279498_20251015_163630.pdf|
|25958|25958|80280194||BL_25958_25958_80280194_20251017_172400.pdf|
|25958|25958|80283353||BL_25958_25958_80283353_20251112_161939.pdf|
|25964|25964|80271388||BL_25964_25964_80271388_20250731_162215.pdf|
|25964|25964|80271812||BL_25964_25964_80271812_20250825_160325.pdf|
|25964|25964|80274549||BL_25964_25964_80274549_20250911_155332.pdf|
|25964|25964|80277024||BL_25964_25964_80277024_20250929_165203.pdf|
|25964|25964|80280550||BL_25964_25964_80280550_20251020_163921.pdf|
|25964|25964|80281111||BL_25964_25964_80281111_20251022_160319.pdf|
|25964|25964|80281775||BL_25964_25964_80281775_20251028_163618.pdf|
|25966|25966|80271676||BL_25966_25966_80271676_20250825_155428.pdf|
|25966|25966|80274125||BL_25966_25966_80274125_20250908_163627.pdf|
|25966|25966|80276146||BL_25966_25966_80276146_20250924_171911.pdf|
|25966|25966|80279884||BL_25966_25966_80279884_20251017_163227.pdf|
|25966|25966|80280200||BL_25966_25966_80280200_20251017_172350.pdf|
|25970|25970|80270023||BL_25970_25970_80270023_20250722_170605.pdf|
|25970|25970|80276850||BL_25970_25970_80276850_20250929_170746.pdf|
|25970|25970|80279323||BL_25970_25970_80279323_20251014_165855.pdf|
|25970|25970|80282946||BL_25970_25970_80282946_20251105_155052.pdf|
|25976|25976|80268395||BL_25976_25976_80268395_20250708_163208.pdf|
|25976|25976|80270880||BL_25976_25976_80270880_20250728_165817.pdf|
|25976|25976|80271469||BL_25976_25976_80271469_20250731_154801.pdf|
|25976|25976|80272632||BL_25976_25976_80272632_20250826_153154.pdf|
|25976|25976|80273181||BL_25976_25976_80273181_20250902_162132.pdf|
|25976|25976|80273739||BL_25976_25976_80273739_20250904_155902.pdf|
|25976|25976|80276166||BL_25976_25976_80276166_20250924_171946.pdf|
|25976|25976|80279295||BL_25976_25976_80279295_20251014_163659.pdf|
|25979|25979|80268298||BL_25979_25979_80268298_20250707_150228.pdf|
|25979|25979|80270068||BL_25979_25979_80270068_20250722_161704.pdf|
|25979|25979|80272387||BL_25979_25979_80272387_20250807_154853.pdf|
|25979|25979|80272388||BL_25979_25979_80272388_20250807_154852.pdf|
|25979|25979|80274020||BL_25979_25979_80274020_20250909_161933.pdf|
|25979|25979|80274021||BL_25979_25979_80274021_20250909_161931.pdf|
|25979|25979|80274022||BL_25979_25979_80274022_20250909_161925.pdf|
|25980|25980|80271803||BL_25980_25980_80271803_20250825_160414.pdf|
|25980|25980|80274072||BL_25980_25980_80274072_20250909_162429.pdf|
|25980|25980|80277279||BL_25980_25980_80277279_20250929_165901.pdf|
|25980|25980|80280442||BL_25980_25980_80280442_20251020_163633.pdf|
|25980|25980|80281384||BL_25980_25980_80281384_20251024_170241.pdf|
|25987|25987|80269940||BL_25987_25987_80269940_20250731_144436.pdf|
|25987|25987|80269941||BL_25987_25987_80269941_20250731_100243.pdf|
|25987|25987|80271498||BL_25987_25987_80271498_20250731_162857.pdf|
|25987|25987|80273701||BL_25987_25987_80273701_20250904_155425.pdf|
|25987|25987|80274077||BL_25987_25987_80274077_20250908_163349.pdf|
|25987|25987|80274312||BL_25987_25987_80274312_20250909_163945.pdf|
|25987|25987|80275767||BL_25987_25987_80275767_20250922_162229.pdf|
|25987|25987|80276137||BL_25987_25987_80276137_20250924_154711.pdf|
|25987|25987|80276890||BL_25987_25987_80276890_20250929_171149.pdf|
|25987|25987|80279058||BL_25987_25987_80279058_20251013_165455.pdf|
|25987|25987|80281609||BL_25987_25987_80281609_20251027_163756.pdf|
|25987|25987|80282354||BL_25987_25987_80282354_20251031_155555.pdf|
|25992|25992|80268833||BL_25992_25992_80268833_20250710_162448.pdf|
|25992|25992|80270622||BL_25992_25992_80270622_20250725_120414.pdf|
|25992|25992|80271690||BL_25992_25992_80271690_20250825_155333.pdf|
|25992|25992|80274768||BL_25992_25992_80274768_20250912_161213.pdf|
|25992|25992|80277014||BL_25992_25992_80277014_20250929_165111.pdf|
|25992|25992|80280541||BL_25992_25992_80280541_20251020_163934.pdf|
|25992|25992|80282491||BL_25992_25992_80282491_20251103_160928.pdf|
|25993|25994|80269525||BL_25993_25994_80269525_20250717_155741.pdf|
|25993|25994|80270531||BL_25993_25994_80270531_20250724_161635.pdf|
|25993|25994|80271474||BL_25993_25994_80271474_20250731_162520.pdf|
|25993|25994|80272788||BL_25993_25994_80272788_20250828_144615.pdf|
|25993|25994|80274932||BL_25993_25994_80274932_20250915_171356.pdf|
|25993|25994|80276142||BL_25993_25994_80276142_20250924_171918.pdf|
|25993|25994|80276737||BL_25993_25994_80276737_20250926_153414.pdf|
|25993|25994|80278773||BL_25993_25994_80278773_20251010_160509.pdf|
|25993|25994|80278979||BL_25993_25994_80278979_20251013_165047.pdf|
|25993|25994|80279516||BL_25993_25994_80279516_20251015_162011.pdf|
|25993|25994|80279928||BL_25993_25994_80279928_20251017_171747.pdf|
|25993|25994|80280169||BL_25993_25994_80280169_20251017_172333.pdf|
|25993|25994|80283644||BL_25993_25994_80283644_20251113_155632.pdf|
|25999|25999|80278434||BL_25999_25999_80278434_20251008_154722.pdf|
|25999|25999|80282485||BL_25999_25999_80282485_20251103_160949.pdf|
|25999|25999|80283233||BL_25999_25999_80283233_20251107_143158.pdf|
|25999|25999|80283345||BL_25999_25999_80283345_20251112_162020.pdf|
|26001|26001|80273629||BL_26001_26001_80273629_20250905_160308.pdf|
|26001|26001|80276375||BL_26001_26001_80276375_20250924_172344.pdf|
|26001|26001|80280487||BL_26001_26001_80280487_20251020_163822.pdf|
|26002|26002|80271511||BL_26002_26002_80271511_20250731_162736.pdf|
|26002|26002|80272895||BL_26002_26002_80272895_20250829_144658.pdf|
|26002|26002|80273646||BL_26002_26002_80273646_20250905_160611.pdf|
|26002|26002|80277263||BL_26002_26002_80277263_20250929_165818.pdf|
|26002|26002|80280428||BL_26002_26002_80280428_20251020_163657.pdf|
|26002|26002|80281132||BL_26002_26002_80281132_20251022_162618.pdf|
|26010|26010|80269527||BL_26010_26010_80269527_20250717_155729.pdf|
|26010|26010|80275412||BL_26010_26010_80275412_20250918_151900.pdf|
|26010|26010|80276982||BL_26010_26010_80276982_20250929_165056.pdf|
|26010|26010|80280377||BL_26010_26010_80280377_20251020_163546.pdf|
|26010|26010|80282145||BL_26010_26010_80282145_20251030_164759.pdf|
|26010|26010|80282651||BL_26010_26010_80282651_20251104_153121.pdf|
|26014|26014|80269993||BL_26014_26014_80269993_20250722_170516.pdf|
|26014|26014|80271906||BL_26014_26014_80271906_20250801_150301.pdf|
|26014|26014|80274890||BL_26014_26014_80274890_20250915_171251.pdf|
|26014|26014|80277034||BL_26014_26014_80277034_20250929_165146.pdf|
|26014|26014|80279725||BL_26014_26014_80279725_20251016_174702.pdf|
|26014|26014|80279923||BL_26014_26014_80279923_20251017_171756.pdf|
|26014|26014|80280309||BL_26014_26014_80280309_20251020_163418.pdf|
|26022|26022|80268288||BL_26022_26022_80268288_20250707_154027.pdf|
|26022|26022|80270433||BL_26022_26022_80270433_20250724_161739.pdf|
|26022|26022|80271702||BL_26022_26022_80271702_20250825_155534.pdf|
|26022|26022|80272831||BL_26022_26022_80272831_20250828_144649.pdf|
|26022|26022|80274028||BL_26022_26022_80274028_20250908_161826.pdf|
|26022|26022|80274933||BL_26022_26022_80274933_20250915_164653.pdf|
|26022|26022|80276143||BL_26022_26022_80276143_20250924_171916.pdf|
|26022|26022|80278777||BL_26022_26022_80278777_20251010_160507.pdf|
|26022|26022|80280168||BL_26022_26022_80280168_20251017_172230.pdf|
|26022|26022|80280661||BL_26022_26022_80280661_20251020_180539.pdf|
|26022|26022|80281147||BL_26022_26022_80281147_20251022_153353.pdf|
|26023|26023|80275724||BL_26023_26023_80275724_20250922_161801.pdf|
|26023|26023|80276006||BL_26023_26023_80276006_20250923_160339.pdf|
|26023|26023|80282501||BL_26023_26023_80282501_20251103_160807.pdf|
|26025|26025|80268925||BL_26025_26025_80268925_20250710_162924.pdf|
|26025|26025|80269401||BL_26025_26025_80269401_20250717_154636.pdf|
|26025|26025|80270794||BL_26025_26025_80270794_20250728_164805.pdf|
|26025|26025|80272142||BL_26025_26025_80272142_20250805_154614.pdf|
|26025|26025|80274291||BL_26025_26025_80274291_20250909_164031.pdf|
|26025|26025|80274881||BL_26025_26025_80274881_20250915_170838.pdf|
|26025|26025|80276905||BL_26025_26025_80276905_20250929_171001.pdf|
|26025|26025|80278098||BL_26025_26025_80278098_20251006_154800.pdf|
|26026|26026|80270637||BL_26026_26026_80270637_20250725_120801.pdf|
|26026|26026|80273155||BL_26026_26026_80273155_20250903_154900.pdf|
|26026|26026|80274136||BL_26026_26026_80274136_20250909_162622.pdf|
|26026|26026|80274594||BL_26026_26026_80274594_20250911_160203.pdf|
|26026|26026|80277282||BL_26026_26026_80277282_20250929_165856.pdf|
|26026|26026|80277481||BL_26026_26026_80277481_20250930_170106.pdf|
|26026|26026|80280445||BL_26026_26026_80280445_20251020_163629.pdf|
|26026|26026|80281763||BL_26026_26026_80281763_20251028_165141.pdf|
|26028|26028|80271036||BL_26028_26028_80271036_20250729_160704.pdf|
|26028|26028|80273130||BL_26028_26028_80273130_20250902_170427.pdf|
|26028|26028|80280921||BL_26028_26028_80280921_20251022_155706.pdf|
|26028|26028|80281141||BL_26028_26028_80281141_20251022_153309.pdf|
|26030|26030|80269614||BL_26030_26030_80269614_20250718_153250.pdf|
|26030|26030|80274715||BL_26030_26030_80274715_20250912_160301.pdf|
|26030|26030|80277012||BL_26030_26030_80277012_20250929_165114.pdf|
|26030|26030|80280539||BL_26030_26030_80280539_20251020_163931.pdf|
|26030|26030|80281283||BL_26030_26030_80281283_20251023_163925.pdf|
|26030|26030|80281368||BL_26030_26030_80281368_20251028_163229.pdf|
|26037|26037|80270556||BL_26037_26037_80270556_20250724_170139.pdf|
|26037|26037|80275371||BL_26037_26037_80275371_20250917_153819.pdf|
|26037|26037|80283047||BL_26037_26037_80283047_20251105_155149.pdf|
|26039|26039|80268394||BL_26039_26039_80268394_20250708_170343.pdf|
|26039|26039|80269180||BL_26039_26039_80269180_20250715_160246.pdf|
|26039|26039|80275941||BL_26039_26039_80275941_20250923_162638.pdf|
|26039|26039|80276531||BL_26039_26039_80276531_20250925_161850.pdf|
|26039|26039|80277166||BL_26039_26039_80277166_20250929_165614.pdf|
|26039|26039|80277469||BL_26039_26039_80277469_20250930_163425.pdf|
|26039|26039|80278908||BL_26039_26039_80278908_20251014_165036.pdf|
|26039|26039|80279076||BL_26039_26039_80279076_20251014_165330.pdf|
|26039|26039|80281204||BL_26039_26039_80281204_20251023_164647.pdf|
|26039|26039|80281282||BL_26039_26039_80281282_20251023_165236.pdf|
|26039|26039|80281699||BL_26039_26039_80281699_20251028_163315.pdf|
|26040|26040|80278045||BL_26040_26040_80278045_20251006_160712.pdf|
|26040|26040|80282987||BL_26040_26040_80282987_20251105_160444.pdf|
|26040|26040|80283044||BL_26040_26040_80283044_20251105_160555.pdf|
|26044|26044|80270504||BL_26044_26044_80270504_20250724_165751.pdf|
|26045|26045|80269633||BL_26045_26045_80269633_20250718_153418.pdf|
|26045|26045|80275430||BL_26045_26045_80275430_20250918_152149.pdf|
|26045|26045|80278746||BL_26045_26045_80278746_20251010_160304.pdf|
|26045|26045|80279069||BL_26045_26045_80279069_20251014_165352.pdf|
|26045|26045|80282972||BL_26045_26045_80282972_20251105_155122.pdf|
|26046|26046|80279361||BL_26046_26046_80279361_20251014_170121.pdf|
|26049|26049|80268893||BL_26049_26049_80268893_20250710_162720.pdf|
|26049|26049|80274624||BL_26049_26049_80274624_20250911_160615.pdf|
|26049|26049|80279575||BL_26049_26049_80279575_20251015_160312.pdf|
|26049|26049|80282512||BL_26049_26049_80282512_20251103_151907.pdf|
|26050|26050|80271792||BL_26050_26050_80271792_20250825_164024.pdf|
|26050|26050|80277730||BL_26050_26050_80277730_20251002_154838.pdf|
|26050|26050|80278233||BL_26050_26050_80278233_20251007_154621.pdf|
|26050|26050|80282924||BL_26050_26050_80282924_20251105_155014.pdf|
|26051|26051|80268486||BL_26051_26051_80268486_20250708_170932.pdf|
|26051|26051|80269977||BL_26051_26051_80269977_20250722_170200.pdf|
|26051|26051|80277912||BL_26051_26051_80277912_20251003_162059.pdf|
|26051|26051|80278962||BL_26051_26051_80278962_20251014_165116.pdf|
|26051|26051|80282967||BL_26051_26051_80282967_20251105_155128.pdf|
|26054|26054|80268860||BL_26054_26054_80268860_20250710_151632.pdf|
|26054|26054|80270864||BL_26054_26054_80270864_20250728_165500.pdf|
|26054|26054|80271470||BL_26054_26054_80271470_20250731_154952.pdf|
|26054|26054|80272606||BL_26054_26054_80272606_20250826_153141.pdf|
|26054|26054|80273217||BL_26054_26054_80273217_20250902_170448.pdf|
|26054|26054|80274321||BL_26054_26054_80274321_20250909_164949.pdf|
|26054|26054|80274765||BL_26054_26054_80274765_20250912_154857.pdf|
|26054|26054|80276210||BL_26054_26054_80276210_20250924_172058.pdf|
|26054|26054|80279839||BL_26054_26054_80279839_20251017_164642.pdf|
|26054|26054|80281139||BL_26054_26054_80281139_20251022_153313.pdf|
|26065|26065|80271280||BL_26065_26065_80271280_20250730_155028.pdf|
|26065|26065|80273317||BL_26065_26065_80273317_20250902_170809.pdf|
|26065|26065|80273943||BL_26065_26065_80273943_20250905_162129.pdf|
|26065|26065|80278312||BL_26065_26065_80278312_20251007_154900.pdf|
|26065|26065|80278832||BL_26065_26065_80278832_20251020_154621.pdf|
|26065|26065|80278833||BL_26065_26065_80278833_20251020_154625.pdf|
|26065|26065|80279006||BL_26065_26065_80279006_20251014_165523.pdf|
|26065|26065|80281836||BL_26065_26065_80281836_20251028_163909.pdf|
|26066|26066|80271765||BL_26066_26066_80271765_20250825_160101.pdf|
|26066|26066|80273106||BL_26066_26066_80273106_20250902_161932.pdf|
|26066|26066|80273732||BL_26066_26066_80273732_20250904_155938.pdf|
|26066|26066|80276169||BL_26066_26066_80276169_20250924_171942.pdf|
|26066|26066|80279510||BL_26066_26066_80279510_20251015_163526.pdf|
|26066|26066|80279935||BL_26066_26066_80279935_20251017_171904.pdf|
|26066|26066|80281690||BL_26066_26066_80281690_20251028_163455.pdf|
|26066|26066|80281914||BL_26066_26066_80281914_20251029_160200.pdf|
|26072|26072|80274550||BL_26072_26072_80274550_20250911_155317.pdf|
|26072|26072|80277023||BL_26072_26072_80277023_20250929_165205.pdf|
|26072|26072|80280549||BL_26072_26072_80280549_20251020_163922.pdf|
|26073|26073|80269006||BL_26073_26073_80269006_20250711_160601.pdf|
|26073|26073|80274582||BL_26073_26073_80274582_20250911_155850.pdf|
|26073|26073|80276684||BL_26073_26073_80276684_20250926_153358.pdf|
|26073|26073|80277104||BL_26073_26073_80277104_20250929_165424.pdf|
|26073|26073|80282966||BL_26073_26073_80282966_20251105_155023.pdf|
|26073|26073|80283371||BL_26073_26073_80283371_20251112_162232.pdf|
|26074|26074|80268249||BL_26074_26074_80268249_20250707_153620.pdf|
|26074|26074|80274464||BL_26074_26074_80274464_20250910_160856.pdf|
|26079|26079|80270552||BL_26079_26079_80270552_20250724_170148.pdf|
|26079|26079|80270871||BL_26079_26079_80270871_20250728_165421.pdf|
|26079|26079|80277726||BL_26079_26079_80277726_20251002_154859.pdf|
|26079|26079|80281505||BL_26079_26079_80281505_20251027_163331.pdf|
|26079|26079|80282984||BL_26079_26079_80282984_20251105_155108.pdf|
|26081|26081|80271000||BL_26081_26081_80271000_20250729_160220.pdf|
|26081|26081|80271597||BL_26081_26081_80271597_20250825_154812.pdf|
|26081|26081|80273752||BL_26081_26081_80273752_20250904_160104.pdf|
|26081|26081|80279989||BL_26081_26081_80279989_20251017_165543.pdf|
|26081|26081|80280624||BL_26081_26081_80280624_20251017_165815.pdf|
|26082|26082|80269459||BL_26082_26082_80269459_20250717_155138.pdf|
|26082|26082|80271667||BL_26082_26082_80271667_20250825_155212.pdf|
|26082|26082|80275392||BL_26082_26082_80275392_20250918_151747.pdf|
|26082|26082|80276931||BL_26082_26082_80276931_20250929_164959.pdf|
|26082|26082|80280275||BL_26082_26082_80280275_20251020_163339.pdf|
|26082|26082|80281769||BL_26082_26082_80281769_20251028_165055.pdf|
|26085|26085|80279961||BL_26085_26085_80279961_20251017_165433.pdf|
|26086|26086|80268839||BL_26086_26086_80268839_20250710_151648.pdf|
|26086|26086|80269447||BL_26086_26086_80269447_20250717_155235.pdf|
|26086|26086|80269642||BL_26086_26086_80269642_20250718_153700.pdf|
|26086|26086|80273901||BL_26086_26086_80273901_20250905_154625.pdf|
|26086|26086|80274558||BL_26086_26086_80274558_20250911_155741.pdf|
|26086|26086|80276176||BL_26086_26086_80276176_20250924_154650.pdf|
|26086|26086|80276216||BL_26086_26086_80276216_20250924_154941.pdf|
|26086|26086|80280141||BL_26086_26086_80280141_20251017_172202.pdf|
|26086|26086|80281778||BL_26086_26086_80281778_20251028_165022.pdf|
|26087|26087|80268276||BL_26087_26087_80268276_20250707_154112.pdf|
|26087|26087|80269051||BL_26087_26087_80269051_20250711_160943.pdf|
|26087|26087|80271626||BL_26087_26087_80271626_20250825_155140.pdf|
|26087|26087|80271897||BL_26087_26087_80271897_20250801_153405.pdf|
|26087|26087|80272143||BL_26087_26087_80272143_20250805_154612.pdf|
|26087|26087|80273748||BL_26087_26087_80273748_20250904_160136.pdf|
|26087|26087|80277491||BL_26087_26087_80277491_20250930_163708.pdf|
|26087|26087|80277575||BL_26087_26087_80277575_20250930_164313.pdf|
|26087|26087|80280652||BL_26087_26087_80280652_20251020_161752.pdf|
|26088|26088|80268313||BL_26088_26088_80268313_20250707_154128.pdf|
|26088|26088|80274285||BL_26088_26088_80274285_20250909_163701.pdf|
|26088|26088|80282667||BL_26088_26088_80282667_20251104_164613.pdf|
|26089|26089|80268516||BL_26089_26089_80268516_20250708_171111.pdf|
|26089|26089|80275184||BL_26089_26089_80275184_20250916_164620.pdf|
|26089|26089|80280834||BL_26089_26089_80280834_20251022_154808.pdf|
|26090|26090|80269751||BL_26090_26090_80269751_20250721_160159.pdf|
|26090|26090|80270934||BL_26090_26090_80270934_20250728_150328.pdf|
|26090|26090|80272017||BL_26090_26090_80272017_20250804_161626.pdf|
|26090|26090|80273021||BL_26090_26090_80273021_20250901_151810.pdf|
|26090|26090|80279048||BL_26090_26090_80279048_20251013_165107.pdf|
|26090|26090|80280077||BL_26090_26090_80280077_20251017_172116.pdf|
|26090|26090|80283273||BL_26090_26090_80283273_20251107_150148.pdf|
|26094|26094|80273186||BL_26094_26094_80273186_20250903_155142.pdf|
|26094|26094|80274497||BL_26094_26094_80274497_20250911_154639.pdf|
|26094|26094|80275930||BL_26094_26094_80275930_20250923_162330.pdf|
|26094|26094|80277476||BL_26094_26094_80277476_20250930_163901.pdf|
|26094|26094|80278943||BL_26094_26094_80278943_20251014_165237.pdf|
|26094|26094|80279185||BL_26094_26094_80279185_20251014_165740.pdf|
|26094|26094|80280507||BL_26094_26094_80280507_20251020_163850.pdf|
|26094|26094|80281426||BL_26094_26094_80281426_20251024_144729.pdf|
|26096|26096|80274652||BL_26096_26096_80274652_20250911_160640.pdf|
|26096|26096|80274816||BL_26096_26096_80274816_20250912_153228.pdf|
|26096|26096|80281842||BL_26096_26096_80281842_20251028_163859.pdf|
|26098|26099|80269356||BL_26098_26099_80269356_20250716_163609.pdf|
|26098|26099|80272053||BL_26098_26099_80272053_20250804_160435.pdf|
|26098|26099|80272727||BL_26098_26099_80272727_20250827_150223.pdf|
|26098|26099|80274439||BL_26098_26099_80274439_20250910_155012.pdf|
|26098|26099|80281222||BL_26098_26099_80281222_20251023_164821.pdf|
|26098|26099|80283562||BL_26098_26099_80283562_20251113_155229.pdf|
|26101|26101|80272007||BL_26101_26101_80272007_20250804_160235.pdf|
|26101|26101|80274466||BL_26101_26101_80274466_20250910_160841.pdf|
|26101|26101|80282467||BL_26101_26101_80282467_20251103_160722.pdf|
|26102|26102|80269453||BL_26102_26102_80269453_20250717_155204.pdf|
|26102|26102|80273643||BL_26102_26102_80273643_20250905_160618.pdf|
|26102|26102|80275237||BL_26102_26102_80275237_20250916_154710.pdf|
|26102|26102|80278765||BL_26102_26102_80278765_20251010_161628.pdf|
|26102|26102|80279056||BL_26102_26102_80279056_20251014_165422.pdf|
|26102|26102|80281758||BL_26102_26102_80281758_20251028_165207.pdf|
|26102|26102|80281943||BL_26102_26102_80281943_20251029_163808.pdf|
|26102|26102|80282970||BL_26102_26102_80282970_20251105_155123.pdf|
|26102|26102|80283354||BL_26102_26102_80283354_20251112_154625.pdf|
|26102|26102|80283764||BL_26102_26102_80283764_20251113_163109.pdf|
|26107|26107|80268464||BL_26107_26107_80268464_20250708_170731.pdf|
|26107|26107|80270551||BL_26107_26107_80270551_20250724_161743.pdf|
|26108|26109|80268392||BL_26108_26109_80268392_20250708_141618.pdf|
|26108|26109|80269620||BL_26108_26109_80269620_20250718_151631.pdf|
|26108|26109|80270627||BL_26108_26109_80270627_20250725_120402.pdf|
|26108|26109|80271916||BL_26108_26109_80271916_20250801_150243.pdf|
|26108|26109|80272062||BL_26108_26109_80272062_20250801_164310.pdf|
|26108|26109|80272063||BL_26108_26109_80272063_20250801_171103.pdf|
|26108|26109|80274586||BL_26108_26109_80274586_20250911_162826.pdf|
|26108|26109|80274705||BL_26108_26109_80274705_20250912_160153.pdf|
|26108|26109|80277226||BL_26108_26109_80277226_20250929_165655.pdf|
|26108|26109|80278689||BL_26108_26109_80278689_20251009_154721.pdf|
|26108|26109|80280535||BL_26108_26109_80280535_20251020_163925.pdf|
|26108|26109|80281395||BL_26108_26109_80281395_20251024_163248.pdf|
|26115|26115|80268267||BL_26115_26115_80268267_20250707_153755.pdf|
|26115|26115|80269107||BL_26115_26115_80269107_20250710_161816.pdf|
|26115|26115|80270057||BL_26115_26115_80270057_20250722_170735.pdf|
|26115|26115|80271631||BL_26115_26115_80271631_20250825_155134.pdf|
|26115|26115|80273297||BL_26115_26115_80273297_20250902_162340.pdf|
|26115|26115|80274140||BL_26115_26115_80274140_20250908_162011.pdf|
|26115|26115|80280651||BL_26115_26115_80280651_20251020_161806.pdf|
|26123|26123|80274992||BL_26123_26123_80274992_20250916_163242.pdf|
|26123|26123|80280687||BL_26123_26123_80280687_20251021_163338.pdf|
|26124|26124|80269526||BL_26124_26124_80269526_20250717_155734.pdf|
|26124|26124|80270021||BL_26124_26124_80270021_20250722_170610.pdf|
|26124|26124|80270412||BL_26124_26124_80270412_20250724_164908.pdf|
|26124|26124|80270554||BL_26124_26124_80270554_20250724_170144.pdf|
|26124|26124|80276284||BL_26124_26124_80276284_20250924_172309.pdf|
|26124|26124|80276822||BL_26124_26124_80276822_20250929_170145.pdf|
|26124|26124|80279874||BL_26124_26124_80279874_20251017_163350.pdf|
|26124|26124|80280081||BL_26124_26124_80280081_20251017_172110.pdf|
|26124|26124|80281804||BL_26124_26124_80281804_20251028_164021.pdf|
|26125|26125|80271800||BL_26125_26125_80271800_20250825_160431.pdf|
|26125|26125|80275741||BL_26125_26125_80275741_20250922_162031.pdf|
|26125|26125|80277185||BL_26125_26125_80277185_20250929_165651.pdf|
|26125|26125|80279088||BL_26125_26125_80279088_20251013_152015.pdf|
|26125|26125|80281724||BL_26125_26125_80281724_20251028_163524.pdf|
|26125|26125|80283381||BL_26125_26125_80283381_20251112_154847.pdf|
|26125|26125|80283767||BL_26125_26125_80283767_20251113_163110.pdf|
|26128|26128|80192655||BL_26128_26128_80192655_20231130_165248.pdf|
|26128|26128|80198998||BL_26128_26128_80198998_20240118_161655.pdf|
|26128|26128|80202524||BL_26128_26128_80202524_20240214_154648.pdf|
|26128|26128|80205654||BL_26128_26128_80205654_20240301_170145.pdf|
|26128|26128|80209580||BL_26128_26128_80209580_20240329_100148.pdf|
|26128|26128|80210084||BL_26128_26128_80210084_20240402_162926.pdf|
|26128|26128|80210085||BL_26128_26128_80210085_20240402_162928.pdf|
|26128|26128|80210086||BL_26128_26128_80210086_20240402_162930.pdf|
|26128|26128|80210087||BL_26128_26128_80210087_20240402_162931.pdf|
|26128|26128|80210088||BL_26128_26128_80210088_20240402_163012.pdf|
|26128|26128|80212211||BL_26128_26128_80212211_20240418_162307.pdf|
|26128|26128|80219158||BL_26128_26128_80219158_20240619_101548.pdf|
|26128|26128|80237025||BL_26128_26128_80237025_20241202_160340.pdf|
|26128|26128|80248538||BL_26128_26128_80248538_20250213_153124.pdf|
|26128|26128|80250518||BL_26128_26128_80250518_20250226_163346.pdf|
|26132|26132|80268275||BL_26132_26132_80268275_20250707_154113.pdf|
|26132|26132|80270682||BL_26132_26132_80270682_20250725_113226.pdf|
|26132|26132|80271595||BL_26132_26132_80271595_20250825_163835.pdf|
|26132|26132|80273296||BL_26132_26132_80273296_20250902_162349.pdf|
|26132|26132|80273379||BL_26132_26132_80273379_20250902_162406.pdf|
|26132|26132|80278290||BL_26132_26132_80278290_20251007_154829.pdf|
|26132|26132|80279577||BL_26132_26132_80279577_20251015_162112.pdf|
|26134|26134|80269899||BL_26134_26134_80269899_20250721_153216.pdf|
|26134|26134|80271272||BL_26134_26134_80271272_20250730_155106.pdf|
|26134|26134|80271376||BL_26134_26134_80271376_20250731_161847.pdf|
|26134|26134|80274227||BL_26134_26134_80274227_20250909_164511.pdf|
|26134|26134|80276038||BL_26134_26134_80276038_20250924_171722.pdf|
|26134|26134|80276576||BL_26134_26134_80276576_20250925_164305.pdf|
|26134|26134|80277792||BL_26134_26134_80277792_20251002_155651.pdf|
|26134|26134|80280627||BL_26134_26134_80280627_20251020_161855.pdf|
|26134|26134|80283565||BL_26134_26134_80283565_20251113_151843.pdf|
|26142|26142|80270846||BL_26142_26142_80270846_20250728_165218.pdf|
|26142|26142|80271467||BL_26142_26142_80271467_20250731_154805.pdf|
|26142|26142|80272780||BL_26142_26142_80272780_20250827_132022.pdf|
|26142|26142|80273689||BL_26142_26142_80273689_20250905_161216.pdf|
|26142|26142|80274079||BL_26142_26142_80274079_20250908_163342.pdf|
|26142|26142|80276157||BL_26142_26142_80276157_20250924_171959.pdf|
|26142|26142|80280202||BL_26142_26142_80280202_20251017_172347.pdf|
|26142|26142|80281611||BL_26142_26142_80281611_20251027_163811.pdf|
|26142|26142|80281801||BL_26142_26142_80281801_20251028_164025.pdf|
|26145|26145|80271606||BL_26145_26145_80271606_20250825_155027.pdf|
|26145|26145|80274243||BL_26145_26145_80274243_20250909_164709.pdf|
|26145|26145|80280842||BL_26145_26145_80280842_20251021_155326.pdf|
|26148|26148|80283404||BL_26148_26148_80283404_20251112_162422.pdf|
|26155|26155|80273031||BL_26155_26155_80273031_20250901_154125.pdf|
|26155|26155|80274787||BL_26155_26155_80274787_20250912_160942.pdf|
|26155|26155|80280709||BL_26155_26155_80280709_20251021_163245.pdf|
|26156|26163|80268707||BL_26156_26163_80268707_20250709_160315.pdf|
|26156|26163|80269438||BL_26156_26163_80269438_20250717_174625.pdf|
|26156|26163|80274786||BL_26156_26163_80274786_20250912_160959.pdf|
|26156|26163|80274872||BL_26156_26163_80274872_20250915_170947.pdf|
|26156|26163|80275050||BL_26156_26163_80275050_20250916_163215.pdf|
|26156|26163|80277578||BL_26156_26163_80277578_20250930_164306.pdf|
|26156|26163|80278364||BL_26156_26163_80278364_20251007_154936.pdf|
|26156|26163|80280775||BL_26156_26163_80280775_20251021_154955.pdf|
|26156|26163|80281232||BL_26156_26163_80281232_20251023_163122.pdf|
|26156|26163|80283077||BL_26156_26163_80283077_20251105_160813.pdf|
|26157|26157|80269470||BL_26157_26157_80269470_20250717_155507.pdf|
|26157|26157|80271033||BL_26157_26157_80271033_20250729_154619.pdf|
|26157|26157|80271867||BL_26157_26157_80271867_20250801_150145.pdf|
|26157|26157|80273174||BL_26157_26157_80273174_20250902_162222.pdf|
|26157|26157|80273738||BL_26157_26157_80273738_20250904_155909.pdf|
|26157|26157|80274828||BL_26157_26157_80274828_20250915_164615.pdf|
|26157|26157|80276172||BL_26157_26157_80276172_20250924_171938.pdf|
|26157|26157|80279312||BL_26157_26157_80279312_20251014_163949.pdf|
|26157|26157|80279540||BL_26157_26157_80279540_20251015_160351.pdf|
|26157|26157|80280155||BL_26157_26157_80280155_20251017_172248.pdf|
|26165|26165|80274238||BL_26165_26165_80274238_20250909_164726.pdf|
|26166|26167|80270019||BL_26166_26167_80270019_20250722_161642.pdf|
|26166|26167|80271739||BL_26166_26167_80271739_20250825_155933.pdf|
|26166|26167|80275100||BL_26166_26167_80275100_20250916_163351.pdf|
|26166|26167|80276205||BL_26166_26167_80276205_20250924_172105.pdf|
|26166|26167|80280013||BL_26166_26167_80280013_20251017_171931.pdf|
|26166|26167|80280633||BL_26166_26167_80280633_20251020_180733.pdf|
|26170|26170|80268436||BL_26170_26170_80268436_20250708_170824.pdf|
|26170|26170|80268841||BL_26170_26170_80268841_20250710_162416.pdf|
|26170|26170|80277733||BL_26170_26170_80277733_20251002_155348.pdf|
|26170|26170|80281290||BL_26170_26170_80281290_20251023_163852.pdf|
|26170|26170|80281365||BL_26170_26170_80281365_20251028_163221.pdf|
|26170|26170|80281606||BL_26170_26170_80281606_20251027_093046.pdf|
|26170|26170|80282925||BL_26170_26170_80282925_20251105_155012.pdf|
|26171|26171|80272912||BL_26171_26171_80272912_20250829_153128.pdf|
|26171|26171|80274661||BL_26171_26171_80274661_20250911_161013.pdf|
|26171|26171|80275885||BL_26171_26171_80275885_20250923_160212.pdf|
|26171|26171|80277814||BL_26171_26171_80277814_20251002_155812.pdf|
|26171|26171|80282290||BL_26171_26171_80282290_20251031_154813.pdf|
|26175|26176|80281152||BL_26175_26176_80281152_20251022_160440.pdf|
|26175|26406|80281116||BL_26175_26406_80281116_20251022_160253.pdf|
|26177|26177|80270031||BL_26177_26177_80270031_20250722_170920.pdf|
|26177|26177|80274509||BL_26177_26177_80274509_20250911_154936.pdf|
|26177|26177|80277300||BL_26177_26177_80277300_20250929_165934.pdf|
|26177|26177|80280515||BL_26177_26177_80280515_20251020_161909.pdf|
|26177|26177|80282122||BL_26177_26177_80282122_20251030_171037.pdf|
|26179|26180|80268491||BL_26179_26180_80268491_20250708_163348.pdf|
|26179|26180|80271053||BL_26179_26180_80271053_20250729_164704.pdf|
|26179|26180|80271799||BL_26179_26180_80271799_20250825_160123.pdf|
|26179|26180|80274593||BL_26179_26180_80274593_20250911_172748.pdf|
|26179|26180|80276226||BL_26179_26180_80276226_20250924_172048.pdf|
|26179|26180|80278077||BL_26179_26180_80278077_20251006_154636.pdf|
|26179|26180|80279163||BL_26179_26180_80279163_20251013_152333.pdf|
|26179|26180|80280190||BL_26179_26180_80280190_20251017_165812.pdf|
|26179|26180|80281569||BL_26179_26180_80281569_20251027_170144.pdf|
|26179|26180|80283129||BL_26179_26180_80283129_20251106_144710.pdf|
|26186|26186|80269577||BL_26186_26186_80269577_20250718_160113.pdf|
|26186|26186|80269790||BL_26186_26186_80269790_20250721_153158.pdf|
|26186|26186|80271489||BL_26186_26186_80271489_20250731_154923.pdf|
|26186|26186|80275094||BL_26186_26186_80275094_20250916_163441.pdf|
|26186|26186|80276954||BL_26186_26186_80276954_20250929_165021.pdf|
|26186|26186|80280236||BL_26186_26186_80280236_20251020_163208.pdf|
|26186|26186|80281760||BL_26186_26186_80281760_20251029_163427.pdf|
|26187|26187|80275721||BL_26187_26187_80275721_20250922_161822.pdf|
|26187|26187|80275875||BL_26187_26187_80275875_20250923_160222.pdf|
|26187|26187|80276571||BL_26187_26187_80276571_20250925_164313.pdf|
|26187|26187|80280807||BL_26187_26187_80280807_20251022_154803.pdf|
|26187|26187|80281982||BL_26187_26187_80281982_20251029_160233.pdf|
|26188|26188|80268935||BL_26188_26188_80268935_20250710_162902.pdf|
|26188|26188|80269841||BL_26188_26188_80269841_20250721_160936.pdf|
|26188|26188|80274323||BL_26188_26188_80274323_20250909_164317.pdf|
|26188|26188|80280814||BL_26188_26188_80280814_20251022_154929.pdf|
|26193|26193|80275390||BL_26193_26193_80275390_20250918_151737.pdf|
|26193|26193|80276983||BL_26193_26193_80276983_20250929_165054.pdf|
|26193|26193|80280378||BL_26193_26193_80280378_20251020_163541.pdf|
|26194|26194|80269514||BL_26194_26194_80269514_20250717_155520.pdf|
|26194|26194|80274710||BL_26194_26194_80274710_20250912_160235.pdf|
|26194|26194|80278613||BL_26194_26194_80278613_20251009_162211.pdf|
|26194|26194|80279154||BL_26194_26194_80279154_20251013_152355.pdf|
|26194|26194|80280298||BL_26194_26194_80280298_20251020_163319.pdf|
|26194|26194|80281413||BL_26194_26194_80281413_20251024_171006.pdf|
|26197|26197|80281130||BL_26197_26197_80281130_20251022_160216.pdf|
|26200|26200|80268701||BL_26200_26200_80268701_20250709_160324.pdf|
|26200|26200|80270689||BL_26200_26200_80270689_20250725_121129.pdf|
|26200|26200|80272395||BL_26200_26200_80272395_20250825_160648.pdf|
|26200|26200|80273442||BL_26200_26200_80273442_20250903_160114.pdf|
|26200|26200|80281446||BL_26200_26200_80281446_20251024_170844.pdf|
|26202|26202|80269848||BL_26202_26202_80269848_20250721_153238.pdf|
|26202|26202|80270424||BL_26202_26202_80270424_20250724_164845.pdf|
|26202|26202|80274467||BL_26202_26202_80274467_20250910_160835.pdf|
|26202|26202|80283534||BL_26202_26202_80283534_20251113_143147.pdf|
|26206|26206|80270882||BL_26206_26206_80270882_20250728_150207.pdf|
|26206|26206|80277927||BL_26206_26206_80277927_20251003_162338.pdf|
|26206|26206|80279113||BL_26206_26206_80279113_20251013_152046.pdf|
|26206|26206|80280393||BL_26206_26206_80280393_20251020_163509.pdf|
|26206|26206|80282534||BL_26206_26206_80282534_20251103_161029.pdf|
|26206|26206|80283579||BL_26206_26206_80283579_20251113_155116.pdf|
|26209|26209|80268574||BL_26209_26209_80268574_20250708_171354.pdf|
|26209|26209|80270336||BL_26209_26209_80270336_20250723_162343.pdf|
|26209|26209|80274003||BL_26209_26209_80274003_20250909_162030.pdf|
|26209|26209|80275999||BL_26209_26209_80275999_20250923_162709.pdf|
|26209|26209|80278250||BL_26209_26209_80278250_20251007_160622.pdf|
|26209|26209|80282432||BL_26209_26209_80282432_20251104_144607.pdf|
|26211|26211|80270530||BL_26211_26211_80270530_20250724_165947.pdf|
|26211|26211|80274614||BL_26211_26211_80274614_20250911_160330.pdf|
|26211|26211|80281506||BL_26211_26211_80281506_20251027_163343.pdf|
|26211|26211|80281953||BL_26211_26211_80281953_20251029_160254.pdf|
|26211|26211|80282935||BL_26211_26211_80282935_20251105_160522.pdf|
|26214|26214|80271424||BL_26214_26214_80271424_20250731_162352.pdf|
|26214|26214|80272721||BL_26214_26214_80272721_20250827_150253.pdf|
|26214|26214|80275155||BL_26214_26214_80275155_20250916_164420.pdf|
|26214|26214|80277474||BL_26214_26214_80277474_20250930_163921.pdf|
|26214|26214|80279201||BL_26214_26214_80279201_20251013_152511.pdf|
|26214|26214|80280288||BL_26214_26214_80280288_20251020_163329.pdf|
|26214|26214|80280911||BL_26214_26214_80280911_20251022_155253.pdf|
|26214|26214|80281002||BL_26214_26214_80281002_20251022_162040.pdf|
|26218|26218|80268493||BL_26218_26218_80268493_20250708_170921.pdf|
|26218|26218|80270547||BL_26218_26218_80270547_20250724_170205.pdf|
|26218|26218|80271361||BL_26218_26218_80271361_20250731_154645.pdf|
|26218|26218|80273685||BL_26218_26218_80273685_20250904_155035.pdf|
|26218|26218|80276468||BL_26218_26218_80276468_20250925_163224.pdf|
|26218|26218|80277078||BL_26218_26218_80277078_20250929_165357.pdf|
|26218|26218|80279784||BL_26218_26218_80279784_20251016_175107.pdf|
|26218|26218|80279927||BL_26218_26218_80279927_20251017_171749.pdf|
|26218|26218|80282013||BL_26218_26218_80282013_20251029_164421.pdf|
|26218|26218|80282945||BL_26218_26218_80282945_20251105_155054.pdf|
|26222|26222|80276564||BL_26222_26222_80276564_20250925_163900.pdf|
|26222|26222|80277468||BL_26222_26222_80277468_20250930_163427.pdf|
|26223|26223|80269944||BL_26223_26223_80269944_20250721_114927.pdf|
|26223|26223|80271059||BL_26223_26223_80271059_20250729_154746.pdf|
|26223|26223|80271783||BL_26223_26223_80271783_20250825_164028.pdf|
|26223|26223|80272816||BL_26223_26223_80272816_20250828_144715.pdf|
|26223|26223|80274516||BL_26223_26223_80274516_20250911_154728.pdf|
|26223|26223|80277311||BL_26223_26223_80277311_20250929_165915.pdf|
|26223|26223|80280513||BL_26223_26223_80280513_20251020_163858.pdf|
|26223|26223|80281620||BL_26223_26223_80281620_20251027_165627.pdf|
|26224|26224|80269625||BL_26224_26224_80269625_20250718_153543.pdf|
|26224|26224|80271728||BL_26224_26224_80271728_20250825_164119.pdf|
|26224|26224|80272828||BL_26224_26224_80272828_20250828_144653.pdf|
|26224|26224|80276714||BL_26224_26224_80276714_20250926_153556.pdf|
|26224|26224|80277099||BL_26224_26224_80277099_20250929_165433.pdf|
|26224|26224|80279692||BL_26224_26224_80279692_20251016_173726.pdf|
|26224|26224|80282939||BL_26224_26224_80282939_20251105_160519.pdf|
|26224|26224|80283583||BL_26224_26224_80283583_20251113_151825.pdf|
|26225|26225|80269810||BL_26225_26225_80269810_20250721_160838.pdf|
|26225|26225|80270076||BL_26225_26225_80270076_20250722_161707.pdf|
|26225|26225|80271269||BL_26225_26225_80271269_20250730_155134.pdf|
|26225|26225|80271367||BL_26225_26225_80271367_20250731_162001.pdf|
|26225|26225|80271615||BL_26225_26225_80271615_20250825_154950.pdf|
|26225|26225|80271956||BL_26225_26225_80271956_20250801_150211.pdf|
|26225|26225|80274244||BL_26225_26225_80274244_20250909_163157.pdf|
|26225|26225|80274657||BL_26225_26225_80274657_20250911_161051.pdf|
|26225|26225|80278355||BL_26225_26225_80278355_20251007_154951.pdf|
|26225|26225|80278536||BL_26225_26225_80278536_20251009_113045.pdf|
|26225|26225|80278716||BL_26225_26225_80278716_20251013_170119.pdf|
|26225|26225|80278813||BL_26225_26225_80278813_20251013_170134.pdf|
|26225|26225|80279391||BL_26225_26225_80279391_20251014_170302.pdf|
|26225|26225|80283406||BL_26225_26225_80283406_20251112_154711.pdf|
|26226|26226|80270328||BL_26226_26226_80270328_20250723_162408.pdf|
|26226|26226|80270705||BL_26226_26226_80270705_20250725_113216.pdf|
|26226|26226|80271003||BL_26226_26226_80271003_20250729_160207.pdf|
|26226|26226|80282288||BL_26226_26226_80282288_20251031_154824.pdf|
|26226|26226|80282510||BL_26226_26226_80282510_20251103_161131.pdf|
|26227|26227|80276704||BL_26227_26227_80276704_20250926_153159.pdf|
|26227|26227|80276883||BL_26227_26227_80276883_20250929_170827.pdf|
|26227|26227|80282128||BL_26227_26227_80282128_20251030_164837.pdf|
|26227|26227|80282340||BL_26227_26227_80282340_20251031_144725.pdf|
|26227|26227|80282979||BL_26227_26227_80282979_20251105_155112.pdf|
|26228|26228|80283278||BL_26228_26228_80283278_20251107_150502.pdf|
|26228|26228|80283632||BL_26228_26228_80283632_20251113_151915.pdf|
|26230|26230|80269621||BL_26230_26230_80269621_20250718_160121.pdf|
|26230|26230|80273101||BL_26230_26230_80273101_20250903_154637.pdf|
|26230|26230|80273693||BL_26230_26230_80273693_20250904_155003.pdf|
|26230|26230|80276413||BL_26230_26230_80276413_20250924_172355.pdf|
|26230|26230|80279514||BL_26230_26230_80279514_20251015_162021.pdf|
|26230|26230|80280477||BL_26230_26230_80280477_20251020_163810.pdf|
|26233|26233|80269186||BL_26233_26233_80269186_20250715_160218.pdf|
|26233|26233|80269672||BL_26233_26233_80269672_20250718_153743.pdf|
|26233|26233|80270070||BL_26233_26233_80270070_20250722_171008.pdf|
|26233|26233|80270348||BL_26233_26233_80270348_20250723_162452.pdf|
|26233|26233|80272155||BL_26233_26233_80272155_20250805_160236.pdf|
|26233|26233|80277938||BL_26233_26233_80277938_20251003_162211.pdf|
|26233|26233|80278825||BL_26233_26233_80278825_20251010_160925.pdf|
|26233|26233|80281472||BL_26233_26233_80281472_20251024_171038.pdf|
|26242|26242|80270553||BL_26242_26242_80270553_20250724_170147.pdf|
|26242|26242|80274137||BL_26242_26242_80274137_20250909_163134.pdf|
|26242|26242|80274569||BL_26242_26242_80274569_20250911_160042.pdf|
|26242|26242|80276558||BL_26242_26242_80276558_20250925_163930.pdf|
|26242|26242|80277283||BL_26242_26242_80277283_20250929_165854.pdf|
|26242|26242|80280446||BL_26242_26242_80280446_20251020_163627.pdf|
|26242|26242|80280683||BL_26242_26242_80280683_20251021_154903.pdf|
|26242|26242|80280908||BL_26242_26242_80280908_20251021_164625.pdf|
|26242|26242|80283269||BL_26242_26242_80283269_20251107_143238.pdf|
|26247|26247|80268452||BL_26247_26247_80268452_20250708_163241.pdf|
|26247|26247|80269151||BL_26247_26247_80269151_20250715_120200.pdf|
|26247|26247|80270476||BL_26247_26247_80270476_20250724_161700.pdf|
|26247|26247|80271703||BL_26247_26247_80271703_20250825_155527.pdf|
|26247|26247|80273718||BL_26247_26247_80273718_20250904_155628.pdf|
|26247|26247|80274588||BL_26247_26247_80274588_20250911_162805.pdf|
|26247|26247|80277227||BL_26247_26247_80277227_20250929_165653.pdf|
|26247|26247|80279306||BL_26247_26247_80279306_20251015_163225.pdf|
|26247|26247|80280536||BL_26247_26247_80280536_20251020_163927.pdf|
|26254|26254|80271406||BL_26254_26254_80271406_20250731_162051.pdf|
|26254|26254|80271773||BL_26254_26254_80271773_20250825_160014.pdf|
|26254|26254|80272814||BL_26254_26254_80272814_20250828_144718.pdf|
|26254|26254|80273633||BL_26254_26254_80273633_20250905_160235.pdf|
|26254|26254|80276130||BL_26254_26254_80276130_20250924_171930.pdf|
|26254|26254|80280120||BL_26254_26254_80280120_20251017_172123.pdf|
|26254|26254|80280630||BL_26254_26254_80280630_20251020_161843.pdf|
|26254|26254|80281144||BL_26254_26254_80281144_20251022_090245.pdf|
|26259|26259|80269985||BL_26259_26259_80269985_20250722_160121.pdf|
|26259|26259|80270410||BL_26259_26259_80270410_20250724_161609.pdf|
|26259|26259|80271483||BL_26259_26259_80271483_20250731_154928.pdf|
|26259|26259|80272902||BL_26259_26259_80272902_20250829_153137.pdf|
|26259|26259|80275563||BL_26259_26259_80275563_20250919_164843.pdf|
|26259|26259|80277154||BL_26259_26259_80277154_20250929_165524.pdf|
|26259|26259|80280403||BL_26259_26259_80280403_20251020_163621.pdf|
|26261|26261|80269499||BL_26261_26261_80269499_20250717_155629.pdf|
|26261|26261|80275167||BL_26261_26261_80275167_20250916_164251.pdf|
|26261|26261|80277030||BL_26261_26261_80277030_20250929_165153.pdf|
|26261|26261|80278934||BL_26261_26261_80278934_20251014_165319.pdf|
|26261|26261|80280247||BL_26261_26261_80280247_20251020_163303.pdf|
|26262|26262|80271833||BL_26262_26262_80271833_20250825_160451.pdf|
|26262|26262|80271866||BL_26262_26262_80271866_20250801_153248.pdf|
|26262|26262|80274589||BL_26262_26262_80274589_20250911_162756.pdf|
|26262|26262|80276231||BL_26262_26262_80276231_20250924_172132.pdf|
|26262|26262|80280186||BL_26262_26262_80280186_20251017_172307.pdf|
|26262|26262|80281519||BL_26262_26262_80281519_20251027_163403.pdf|
|26264|26264|80276845||BL_26264_26264_80276845_20250929_164746.pdf|
|26264|26264|80282443||BL_26264_26264_80282443_20251103_160248.pdf|
|26264|26264|80282934||BL_26264_26264_80282934_20251105_155001.pdf|
|26264|26264|80283049||BL_26264_26264_80283049_20251105_160534.pdf|
|26264|26264|80283636||BL_26264_26264_80283636_20251113_151908.pdf|
|26268|26268|80281126||BL_26268_26268_80281126_20251022_160230.pdf|
|26277|26277|80272110||BL_26277_26277_80272110_20250805_154608.pdf|
|26277|26277|80275420||BL_26277_26277_80275420_20250918_152338.pdf|
|26277|26277|80276401||BL_26277_26277_80276401_20250924_172411.pdf|
|26277|26277|80282514||BL_26277_26277_80282514_20251103_161116.pdf|
|26277|26277|80282672||BL_26277_26277_80282672_20251104_153147.pdf|
|26277|26277|80283505||BL_26277_26277_80283505_20251113_154815.pdf|
|26278|26278|80268282||BL_26278_26278_80268282_20250707_154045.pdf|
|26278|26278|80268443||BL_26278_26278_80268443_20250708_170803.pdf|
|26278|26278|80270955||BL_26278_26278_80270955_20250728_150454.pdf|
|26278|26278|80276887||BL_26278_26278_80276887_20250929_173628.pdf|
|26278|26278|80281907||BL_26278_26278_80281907_20251029_163553.pdf|
|26279|26279|80269222||BL_26279_26279_80269222_20250715_160713.pdf|
|26279|26279|80270792||BL_26279_26279_80270792_20250728_164821.pdf|
|26279|26279|80275641||BL_26279_26279_80275641_20250919_170023.pdf|
|26279|26279|80276903||BL_26279_26279_80276903_20250929_171012.pdf|
|26279|26279|80278435||BL_26279_26279_80278435_20251008_154716.pdf|
|26279|26279|80282469||BL_26279_26279_80282469_20251103_160705.pdf|
|26286|26286|80274342||BL_26286_26286_80274342_20250909_164102.pdf|
|26291|26291|80273885||BL_26291_26291_80273885_20250905_161329.pdf|
|26291|26291|80274090||BL_26291_26291_80274090_20250909_162807.pdf|
|26291|26291|80277268||BL_26291_26291_80277268_20250929_165810.pdf|
|26291|26291|80280457||BL_26291_26291_80280457_20251020_163742.pdf|
|26297|26297|80271675||BL_26297_26297_80271675_20250825_155433.pdf|
|26297|26297|80273102||BL_26297_26297_80273102_20250903_154648.pdf|
|26297|26297|80278216||BL_26297_26297_80278216_20251007_160405.pdf|
|26297|26297|80279326||BL_26297_26297_80279326_20251014_165838.pdf|
|26297|26297|80282977||BL_26297_26297_80282977_20251105_155116.pdf|
|26297|26297|80283652||BL_26297_26297_80283652_20251113_155605.pdf|
|26311|26311|80268902||BL_26311_26311_80268902_20250710_151815.pdf|
|26311|26311|80275709||BL_26311_26311_80275709_20250922_161651.pdf|
|26311|26311|80275872||BL_26311_26311_80275872_20250923_160226.pdf|
|26311|26311|80276007||BL_26311_26311_80276007_20250923_160338.pdf|
|26311|26311|80277804||BL_26311_26311_80277804_20251002_151953.pdf|
|26311|26311|80277935||BL_26311_26311_80277935_20251003_162226.pdf|
|26311|26311|80282497||BL_26311_26311_80282497_20251103_160830.pdf|
|26311|26311|80283558||BL_26311_26311_80283558_20251113_151625.pdf|
|26315|26315|80268785||BL_26315_26315_80268785_20250710_161816.pdf|
|26315|26315|80270636||BL_26315_26315_80270636_20250725_113122.pdf|
|26315|26315|80272908||BL_26315_26315_80272908_20250829_144826.pdf|
|26315|26315|80275125||BL_26315_26315_80275125_20250916_163543.pdf|
|26315|26315|80278617||BL_26315_26315_80278617_20251009_162205.pdf|
|26315|26315|80278699||BL_26315_26315_80278699_20251020_180120.pdf|
|26315|26315|80281195||BL_26315_26315_80281195_20251023_163148.pdf|
|26315|26315|80281197||BL_26315_26315_80281197_20251023_163140.pdf|
|26315|26315|80282989||BL_26315_26315_80282989_20251105_155103.pdf|
|26319|26319|80268277||BL_26319_26319_80268277_20250707_154110.pdf|
|26319|26319|80270509||BL_26319_26319_80270509_20250724_165726.pdf|
|26319|26319|80272635||BL_26319_26319_80272635_20250826_153453.pdf|
|26319|26319|80273223||BL_26319_26319_80273223_20250902_170740.pdf|
|26319|26319|80275552||BL_26319_26319_80275552_20250919_160117.pdf|
|26319|26319|80276245||BL_26319_26319_80276245_20250924_172110.pdf|
|26319|26319|80280793||BL_26319_26319_80280793_20251021_163553.pdf|
|26319|26319|80280898||BL_26319_26319_80280898_20251021_163750.pdf|
|26319|26319|80282999||BL_26319_26319_80282999_20251104_153249.pdf|
|26319|26319|80283265||BL_26319_26319_80283265_20251107_143226.pdf|
|26327|26327|80269497||BL_26327_26327_80269497_20250717_155640.pdf|
|26327|26327|80269644||BL_26327_26327_80269644_20250718_153655.pdf|
|26327|26327|80272896||BL_26327_26327_80272896_20250829_144653.pdf|
|26327|26327|80275936||BL_26327_26327_80275936_20250923_162301.pdf|
|26327|26327|80276536||BL_26327_26327_80276536_20250925_164014.pdf|
|26327|26327|80277168||BL_26327_26327_80277168_20250929_165610.pdf|
|26327|26327|80279080||BL_26327_26327_80279080_20251013_152038.pdf|
|26327|26327|80281695||BL_26327_26327_80281695_20251028_163501.pdf|
|26327|26327|80282018||BL_26327_26327_80282018_20251029_164448.pdf|
|26327|26327|80282341||BL_26327_26327_80282341_20251031_144723.pdf|
|26331|26331|80269496||BL_26331_26331_80269496_20250717_155646.pdf|
|26331|26331|80269646||BL_26331_26331_80269646_20250718_153646.pdf|
|26331|26331|80274969||BL_26331_26331_80274969_20250915_171838.pdf|
|26331|26331|80275427||BL_26331_26331_80275427_20250918_083133.pdf|
|26331|26331|80276152||BL_26331_26331_80276152_20250924_171902.pdf|
|26331|26331|80276633||BL_26331_26331_80276633_20250925_085216.pdf|
|26331|26331|80280196||BL_26331_26331_80280196_20251017_172357.pdf|
|26331|26331|80282349||BL_26331_26331_80282349_20251031_155253.pdf|
|26331|26331|80283056||BL_26331_26331_80283056_20251105_160939.pdf|
|26332|26332|80270691||BL_26332_26332_80270691_20250725_121109.pdf|
|26332|26332|80270822||BL_26332_26332_80270822_20250728_104540.pdf|
|26332|26332|80276586||BL_26332_26332_80276586_20250925_164213.pdf|
|26332|26332|80278857||BL_26332_26332_80278857_20251013_151808.pdf|
|26332|26332|80281345||BL_26332_26332_80281345_20251023_111547.pdf|
|26332|26332|80281347||BL_26332_26332_80281347_20251023_165505.pdf|
|26332|26332|80281348||BL_26332_26332_80281348_20251023_165508.pdf|
|26332|26332|80281459||BL_26332_26332_80281459_20251024_144655.pdf|
|26334|26334|80268998||BL_26334_26334_80268998_20250711_160219.pdf|
|26334|26334|80269458||BL_26334_26334_80269458_20250718_091603.pdf|
|26334|26334|80269794||BL_26334_26334_80269794_20250721_153153.pdf|
|26334|26334|80271666||BL_26334_26334_80271666_20250826_091611.pdf|
|26334|26334|80272623||BL_26334_26334_80272623_20250826_154712.pdf|
|26334|26334|80274605||BL_26334_26334_80274605_20250911_160433.pdf|
|26334|26334|80275763||BL_26334_26334_80275763_20250922_162254.pdf|
|26334|26334|80277136||BL_26334_26334_80277136_20250929_165444.pdf|
|26334|26334|80279110||BL_26334_26334_80279110_20251013_152055.pdf|
|26334|26334|80279860||BL_26334_26334_80279860_20251017_164907.pdf|
|26334|26334|80280384||BL_26334_26334_80280384_20251020_163522.pdf|
|26334|26334|80282136||BL_26334_26334_80282136_20251030_171415.pdf|
|26334|26334|80282232||BL_26334_26334_80282232_20251030_092304.pdf|
|26334|26334|80282333||BL_26334_26334_80282333_20251031_144735.pdf|
|26337|26337|80212483||BL_26337_26337_80212483_20240423_090429.pdf|
|26337|26337|80212484||BL_26337_26337_80212484_20240423_093044.pdf|
|26337|26337|80212485||BL_26337_26337_80212485_20240423_090440.pdf|
|26337|26337|80212486||BL_26337_26337_80212486_20240423_093052.pdf|
|26337|26337|80212487||BL_26337_26337_80212487_20240423_090451.pdf|
|26337|26337|80212488||BL_26337_26337_80212488_20240423_093108.pdf|
|26337|26337|80212489||BL_26337_26337_80212489_20240423_090501.pdf|
|26337|26337|80212490||BL_26337_26337_80212490_20240423_090458.pdf|
|26337|26337|80212491||BL_26337_26337_80212491_20240423_093100.pdf|
|26337|26337|80212492||BL_26337_26337_80212492_20240423_090447.pdf|
|26337|26337|80212493||BL_26337_26337_80212493_20240423_093118.pdf|
|26337|26337|80212494||BL_26337_26337_80212494_20240423_090436.pdf|
|26337|26337|80212495||BL_26337_26337_80212495_20240423_093010.pdf|
|26337|26362|80224556||BL_26337_26362_80224556_20240801_164616.pdf|
|26337|26362|80227572||BL_26337_26362_80227572_20240911_160643.pdf|
|26337|26362|80235101||BL_26337_26362_80235101_20241118_114548.pdf|
|26337|26362|80239163||BL_26337_26362_80239163_20241217_121405.pdf|
|26337|26373|80211413||BL_26337_26373_80211413_20240412_100144.pdf|
|26337|26373|80211817||BL_26337_26373_80211817_20240415_163203.pdf|
|26337|26373|80229048||BL_26337_26373_80229048_20240923_172632.pdf|
|26337|26498|80211135||BL_26337_26498_80211135_20240410_172914.pdf|
|26337|26498|80211136||BL_26337_26498_80211136_20240410_172900.pdf|
|26337|26498|80211849||BL_26337_26498_80211849_20240415_113722.pdf|
|26337|26498|80211862||BL_26337_26498_80211862_20240415_141302.pdf|
|26340|26340|80275761||BL_26340_26340_80275761_20250922_154659.pdf|
|26341|26341|80278218||BL_26341_26341_80278218_20251007_160356.pdf|
|26344|26344|80272241||BL_26344_26344_80272241_20250806_154646.pdf|
|26344|26344|80277779||BL_26344_26344_80277779_20251002_155413.pdf|
|26347|26348|80270961||BL_26347_26348_80270961_20250728_150441.pdf|
|26347|26348|80273891||BL_26347_26348_80273891_20250905_161246.pdf|
|26347|26348|80278050||BL_26347_26348_80278050_20251006_160609.pdf|
|26347|26348|80282982||BL_26347_26348_80282982_20251105_155109.pdf|
|26350|26350|80271502||BL_26350_26350_80271502_20250731_162813.pdf|
|26350|26350|80271747||BL_26350_26350_80271747_20250825_155903.pdf|
|26350|26350|80272798||BL_26350_26350_80272798_20250828_151615.pdf|
|26350|26350|80273169||BL_26350_26350_80273169_20250903_154805.pdf|
|26350|26350|80275442||BL_26350_26350_80275442_20250918_150232.pdf|
|26350|26350|80276386||BL_26350_26350_80276386_20250924_172326.pdf|
|26350|26350|80280511||BL_26350_26350_80280511_20251020_163856.pdf|
|26350|26350|80281897||BL_26350_26350_80281897_20251029_163720.pdf|
|26352|26352|80269634||BL_26352_26352_80269634_20250718_153412.pdf|
|26352|26352|80271826||BL_26352_26352_80271826_20250825_160529.pdf|
|26352|26352|80274735||BL_26352_26352_80274735_20250912_154754.pdf|
|26352|26352|80276187||BL_26352_26352_80276187_20250924_172027.pdf|
|26352|26352|80280053||BL_26352_26352_80280053_20251017_172045.pdf|
|26352|26352|80281350||BL_26352_26352_80281350_20251024_163424.pdf|
|26357|26357|80271510||BL_26357_26357_80271510_20250731_155035.pdf|
|26357|26357|80277739||BL_26357_26357_80277739_20251002_155320.pdf|
|26357|26357|80281764||BL_26357_26357_80281764_20251028_165131.pdf|
|26357|26357|80282953||BL_26357_26357_80282953_20251105_155042.pdf|
|26398|26398|80273624||BL_26398_26398_80273624_20250904_154912.pdf|
|26398|26398|80275967||BL_26398_26398_80275967_20250923_162524.pdf|
|26398|26398|80276533||BL_26398_26398_80276533_20250925_164029.pdf|
|26398|26398|80277183||BL_26398_26398_80277183_20250929_165546.pdf|
|26398|26398|80281418||BL_26398_26398_80281418_20251024_170943.pdf|
|26398|26398|80281727||BL_26398_26398_80281727_20251028_163519.pdf|
|26402|26402|80275104||BL_26402_26402_80275104_20250916_163315.pdf|
|26402|26402|80278449||BL_26402_26402_80278449_20251008_154918.pdf|
|26402|26402|80279200||BL_26402_26402_80279200_20251013_152514.pdf|
|26402|26402|80279718||BL_26402_26402_80279718_20251016_174319.pdf|
|26402|26402|80280237||BL_26402_26402_80280237_20251020_163207.pdf|
|26403|26403|80274839||BL_26403_26403_80274839_20250915_170337.pdf|
|26403|26403|80275428||BL_26403_26403_80275428_20250918_152234.pdf|
|26403|26403|80277045||BL_26403_26403_80277045_20250929_165236.pdf|
|26403|26403|80279507||BL_26403_26403_80279507_20251015_161643.pdf|
|26403|26403|80279932||BL_26403_26403_80279932_20251017_171910.pdf|
|26403|26403|80280321||BL_26403_26403_80280321_20251020_163408.pdf|
|26407|26407|80283126||BL_26407_26407_80283126_20251106_154944.pdf|
|26407|26407|80283670||BL_26407_26407_80283670_20251113_152007.pdf|
|26412|26412|80268873||BL_26412_26412_80268873_20250710_162523.pdf|
|26412|26412|80272160||BL_26412_26412_80272160_20250825_160705.pdf|
|26412|26412|80275717||BL_26412_26412_80275717_20250922_161842.pdf|
|26412|26412|80275878||BL_26412_26412_80275878_20250923_160218.pdf|
|26412|26412|80281237||BL_26412_26412_80281237_20251023_163627.pdf|
|26412|26412|80281466||BL_26412_26412_80281466_20251024_171120.pdf|
|26422|26422|80268497||BL_26422_26422_80268497_20250708_170917.pdf|
|26422|26422|80269139||BL_26422_26422_80269139_20250711_112250.pdf|
|26422|26422|80272660||BL_26422_26422_80272660_20250826_153503.pdf|
|26422|26422|80273529||BL_26422_26422_80273529_20250903_160618.pdf|
|26422|26422|80274745||BL_26422_26422_80274745_20250912_160912.pdf|
|26422|26422|80276127||BL_26422_26422_80276127_20250924_171831.pdf|
|26422|26422|80278586||BL_26422_26422_80278586_20251009_160659.pdf|
|26422|26422|80278683||BL_26422_26422_80278683_20251013_164721.pdf|
|26422|26422|80279067||BL_26422_26422_80279067_20251013_165404.pdf|
|26423|26423|80270474||BL_26423_26423_80270474_20250724_165206.pdf|
|26423|26423|80270708||BL_26423_26423_80270708_20250725_113215.pdf|
|26423|26423|80273339||BL_26423_26423_80273339_20250903_155707.pdf|
|26423|26423|80276907||BL_26423_26423_80276907_20250929_171336.pdf|
|26423|26423|80282271||BL_26423_26423_80282271_20251031_155010.pdf|
|26423|26423|80282549||BL_26423_26423_80282549_20251103_151818.pdf|
|26424|26356|80234999||BL_26424_26356_80234999_20241115_150320.pdf|
|26424|26356|80235501||BL_26424_26356_80235501_20241120_164802.pdf|
|26424|26356|80236877||BL_26424_26356_80236877_20241129_153543.pdf|
|26424|26356|80240940||BL_26424_26356_80240940_20250103_161206.pdf|
|26424|26356|80242246||BL_26424_26356_80242246_20250109_173139.pdf|
|26424|26356|80242474||BL_26424_26356_80242474_20250110_170652.pdf|
|26424|26356|80243893||BL_26424_26356_80243893_20250121_160928.pdf|
|26424|26356|80244503||BL_26424_26356_80244503_20250123_161812.pdf|
|26424|26356|80245244||BL_26424_26356_80245244_20250128_172723.pdf|
|26424|26356|80249156||BL_26424_26356_80249156_20250217_172637.pdf|
|26424|26356|80250913||BL_26424_26356_80250913_20250228_165518.pdf|
|26424|26356|80251276||BL_26424_26356_80251276_20250304_162401.pdf|
|26424|26356|80252634||BL_26424_26356_80252634_20250310_165830.pdf|
|26424|26356|80253073||BL_26424_26356_80253073_20250312_155300.pdf|
|26424|26356|80253244||BL_26424_26356_80253244_20250313_160520.pdf|
|26424|26356|80254808||BL_26424_26356_80254808_20250326_155604.pdf|
|26424|26356|80255180||BL_26424_26356_80255180_20250328_171150.pdf|
|26424|26356|80258357||BL_26424_26356_80258357_20250417_171820.pdf|
|26424|26356|80259376||BL_26424_26356_80259376_20250424_151825.pdf|
|26424|26356|80261373||BL_26424_26356_80261373_20250515_170450.pdf|
|26424|26356|80261715||BL_26424_26356_80261715_20250516_152141.pdf|
|26424|26356|80261735||BL_26424_26356_80261735_20250516_163345.pdf|
|26424|26356|80261839||BL_26424_26356_80261839_20250519_164657.pdf|
|26424|26356|80262173||BL_26424_26356_80262173_20250520_164735.pdf|
|26424|26356|80267061||BL_26424_26356_80267061_20250626_171210.pdf|
|26424|26356|80267322||BL_26424_26356_80267322_20250627_172141.pdf|
|26424|26356|80267457||BL_26424_26356_80267457_20250630_163952.pdf|
|26424|26356|80268317||BL_26424_26356_80268317_20250707_081828.pdf|
|26424|26356|80268840||BL_26424_26356_80268840_20250710_162420.pdf|
|26424|26356|80271353||BL_26424_26356_80271353_20250731_161710.pdf|
|26424|26356|80271918||BL_26424_26356_80271918_20250801_150241.pdf|
|26424|26356|80273018||BL_26424_26356_80273018_20250901_153835.pdf|
|26424|26356|80274577||BL_26424_26356_80274577_20250911_155938.pdf|
|26424|26356|80276230||BL_26424_26356_80276230_20250924_172134.pdf|
|26424|26356|80279536||BL_26424_26356_80279536_20251015_163421.pdf|
|26424|26356|80279924||BL_26424_26356_80279924_20251017_171754.pdf|
|26424|26356|80280187||BL_26424_26356_80280187_20251017_172306.pdf|
|26424|26798|80268316||BL_26424_26798_80268316_20250707_081718.pdf|
|26424|26798|80269127||BL_26424_26798_80269127_20250711_090225.pdf|
|26424|26798|80274606||BL_26424_26798_80274606_20250911_160427.pdf|
|26424|26798|80276228||BL_26424_26798_80276228_20250924_172138.pdf|
|26424|26798|80280188||BL_26424_26798_80280188_20251017_172304.pdf|
|26426|26426|80270927||BL_26426_26426_80270927_20250728_170312.pdf|
|26426|26426|80271817||BL_26426_26426_80271817_20250825_164021.pdf|
|26426|26426|80273230||BL_26426_26426_80273230_20250903_155418.pdf|
|26426|26426|80274346||BL_26426_26426_80274346_20250909_165104.pdf|
|26426|26426|80274930||BL_26426_26426_80274930_20250915_164656.pdf|
|26426|26426|80277202||BL_26426_26426_80277202_20250929_165622.pdf|
|26426|26426|80280569||BL_26426_26426_80280569_20251020_164015.pdf|
|26426|26426|80280781||BL_26426_26426_80280781_20251022_154654.pdf|
|26426|26426|80281055||BL_26426_26426_80281055_20251022_153207.pdf|
|26426|26426|80282147||BL_26426_26426_80282147_20251030_171324.pdf|
|26427|26427|80269661||BL_26427_26427_80269661_20250718_150101.pdf|
|26427|26427|80271720||BL_26427_26427_80271720_20250825_155739.pdf|
|26427|26427|80273694||BL_26427_26427_80273694_20250904_154955.pdf|
|26427|26427|80275439||BL_26427_26427_80275439_20250918_152614.pdf|
|26427|26427|80276992||BL_26427_26427_80276992_20250929_165046.pdf|
|26427|26427|80279731||BL_26427_26427_80279731_20251016_174626.pdf|
|26427|26427|80279918||BL_26427_26427_80279918_20251017_171803.pdf|
|26427|26427|80280259||BL_26427_26427_80280259_20251020_163244.pdf|
|26429|26429|80277796||BL_26429_26429_80277796_20251002_155645.pdf|
|26429|26429|80283545||BL_26429_26429_80283545_20251113_154934.pdf|
|26430|26430|80207135||BL_26430_26430_80207135_20240315_114712.pdf|
|26430|26430|80207559||BL_26430_26430_80207559_20240318_162705.pdf|
|26430|26430|80209281||BL_26430_26430_80209281_20240327_165017.pdf|
|26430|26430|80211024||BL_26430_26430_80211024_20240411_170359.pdf|
|26430|26430|80211025||BL_26430_26430_80211025_20240411_170416.pdf|
|26430|26430|80212551||BL_26430_26430_80212551_20240422_164905.pdf|
|26430|26430|80220288||BL_26430_26430_80220288_20240624_152750.pdf|
|26430|26430|80222658||BL_26430_26430_80222658_20240716_163440.pdf|
|26430|26430|80229885||BL_26430_26430_80229885_20241001_160258.pdf|
|26430|26430|80235165||BL_26430_26430_80235165_20241118_160544.pdf|
|26430|26430|80237061||BL_26430_26430_80237061_20241202_160509.pdf|
|26430|26430|80247921||BL_26430_26430_80247921_20250207_160320.pdf|
|26430|26430|80249428||BL_26430_26430_80249428_20250218_181716.pdf|
|26430|26430|80250362||BL_26430_26430_80250362_20250226_161653.pdf|
|26430|26430|80250873||BL_26430_26430_80250873_20250228_164943.pdf|
|26430|26430|80252101||BL_26430_26430_80252101_20250307_161415.pdf|
|26430|26430|80255690||BL_26430_26430_80255690_20250331_171532.pdf|
|26430|26430|80257289||BL_26430_26430_80257289_20250411_165130.pdf|
|26430|26430|80257648||BL_26430_26430_80257648_20250414_162823.pdf|
|26430|26430|80262850||BL_26430_26430_80262850_20250522_164729.pdf|
|26430|26430|80273630||BL_26430_26430_80273630_20250905_160250.pdf|
|26430|26430|80276373||BL_26430_26430_80276373_20250924_172347.pdf|
|26430|26430|80280461||BL_26430_26430_80280461_20251020_163724.pdf|
|26430|26431|80277751||BL_26430_26431_80277751_20251002_155143.pdf|
|26430|26431|80280658||BL_26430_26431_80280658_20251021_154825.pdf|
|26430|26431|80280659||BL_26430_26431_80280659_20251021_154830.pdf|
|26432|26432|80270003||BL_26432_26432_80270003_20250722_170404.pdf|
|26432|26432|80271481||BL_26432_26432_80271481_20250731_154932.pdf|
|26432|26432|80274040||BL_26432_26432_80274040_20250908_160315.pdf|
|26432|26432|80276881||BL_26432_26432_80276881_20250929_170838.pdf|
|26432|26432|80278601||BL_26432_26432_80278601_20251009_162318.pdf|
|26432|26432|80279782||BL_26432_26432_80279782_20251016_175123.pdf|
|26432|26432|80280075||BL_26432_26432_80280075_20251017_172119.pdf|
|26432|26432|80281595||BL_26432_26432_80281595_20251027_163705.pdf|
|26432|26432|80282652||BL_26432_26432_80282652_20251104_160320.pdf|
|26438|26438|80269606||BL_26438_26438_80269606_20250718_153346.pdf|
|26438|26438|80271758||BL_26438_26438_80271758_20250825_155815.pdf|
|26438|26438|80272818||BL_26438_26438_80272818_20250828_144710.pdf|
|26438|26438|80273118||BL_26438_26438_80273118_20250903_155003.pdf|
|26438|26438|80273736||BL_26438_26438_80273736_20250904_155918.pdf|
|26438|26438|80275919||BL_26438_26438_80275919_20250923_160145.pdf|
|26438|26438|80276382||BL_26438_26438_80276382_20250924_172333.pdf|
|26438|26438|80279639||BL_26438_26438_80279639_20251021_154813.pdf|
|26438|26438|80280463||BL_26438_26438_80280463_20251020_163721.pdf|
|26447|26447|80274775||BL_26447_26447_80274775_20250912_161054.pdf|
|26447|26447|80280836||BL_26447_26447_80280836_20251022_155219.pdf|
|26448|26448|80273179||BL_26448_26448_80273179_20250902_170320.pdf|
|26449|26449|80274879||BL_26449_26449_80274879_20250915_170853.pdf|
|26449|26449|80277816||BL_26449_26449_80277816_20251002_155809.pdf|
|26449|26449|80282720||BL_26449_26449_80282720_20251104_160735.pdf|
|26449|26449|80283152||BL_26449_26449_80283152_20251106_154843.pdf|
|26450|26450|80268918||BL_26450_26450_80268918_20250710_162939.pdf|
|26450|26450|80270443||BL_26450_26450_80270443_20250724_165040.pdf|
|26450|26450|80275449||BL_26450_26450_80275449_20250918_152510.pdf|
|26457|26458|80268861||BL_26457_26458_80268861_20250710_162640.pdf|
|26457|26458|80269021||BL_26457_26458_80269021_20250711_160851.pdf|
|26457|26458|80270513||BL_26457_26458_80270513_20250724_161639.pdf|
|26457|26458|80274535||BL_26457_26458_80274535_20250911_155044.pdf|
|26457|26458|80275443||BL_26457_26458_80275443_20250918_150240.pdf|
|26457|26458|80276933||BL_26457_26458_80276933_20250929_164956.pdf|
|26457|26458|80280276||BL_26457_26458_80280276_20251020_180341.pdf|
|26459|26459|80268924||BL_26459_26459_80268924_20250710_162934.pdf|
|26459|26459|80269859||BL_26459_26459_80269859_20250721_160914.pdf|
|26459|26459|80272379||BL_26459_26459_80272379_20250807_154909.pdf|
|26459|26459|80276317||BL_26459_26459_80276317_20250924_172226.pdf|
|26459|26459|80282103||BL_26459_26459_80282103_20251030_170731.pdf|
|26466|26466|80281819||BL_26466_26466_80281819_20251028_163946.pdf|
|26469|26469|80270787||BL_26469_26469_80270787_20250728_164840.pdf|
|26469|26469|80273332||BL_26469_26469_80273332_20250902_171006.pdf|
|26469|26469|80278432||BL_26469_26469_80278432_20251008_154731.pdf|
|26469|26469|80282448||BL_26469_26469_80282448_20251103_160435.pdf|
|26469|26469|80283221||BL_26469_26469_80283221_20251106_144930.pdf|
|26470|26470|80281193||BL_26470_26470_80281193_20251023_163200.pdf|
|26470|26470|80281194||BL_26470_26470_80281194_20251023_163153.pdf|
|26470|26470|80282991||BL_26470_26470_80282991_20251105_155100.pdf|
|26472|26472|80268803||BL_26472_26472_80268803_20250710_161950.pdf|
|26472|26472|80269783||BL_26472_26472_80269783_20250721_154653.pdf|
|26472|26472|80271487||BL_26472_26472_80271487_20250731_154925.pdf|
|26472|26472|80273001||BL_26472_26472_80273001_20250901_153935.pdf|
|26472|26472|80273225||BL_26472_26472_80273225_20250902_170734.pdf|
|26472|26472|80273622||BL_26472_26472_80273622_20250904_154931.pdf|
|26472|26472|80274115||BL_26472_26472_80274115_20250905_162258.pdf|
|26472|26472|80274302||BL_26472_26472_80274302_20250908_162349.pdf|
|26472|26472|80274953||BL_26472_26472_80274953_20250915_164800.pdf|
|26472|26472|80275124||BL_26472_26472_80275124_20250916_163546.pdf|
|26472|26472|80276192||BL_26472_26472_80276192_20250924_172028.pdf|
|26472|26472|80277735||BL_26472_26472_80277735_20251002_155336.pdf|
|26472|26472|80278623||BL_26472_26472_80278623_20251009_160946.pdf|
|26472|26472|80278706||BL_26472_26472_80278706_20251013_164702.pdf|
|26472|26472|80278969||BL_26472_26472_80278969_20251013_164750.pdf|
|26472|26472|80280126||BL_26472_26472_80280126_20251017_172221.pdf|
|26472|26472|80281292||BL_26472_26472_80281292_20251023_165205.pdf|
|26472|26472|80281955||BL_26472_26472_80281955_20251029_160252.pdf|
|26472|26472|80283041||BL_26472_26472_80283041_20251105_160624.pdf|
|26481|26481|80269027||BL_26481_26481_80269027_20250711_160827.pdf|
|26481|26481|80270898||BL_26481_26481_80270898_20250728_150412.pdf|
|26481|26481|80275601||BL_26481_26481_80275601_20250919_165438.pdf|
|26481|26481|80276977||BL_26481_26481_80276977_20250929_165104.pdf|
|26481|26481|80280372||BL_26481_26481_80280372_20251020_163534.pdf|
|26483|26483|80268441||BL_26483_26483_80268441_20250708_170807.pdf|
|26483|26483|80274044||BL_26483_26483_80274044_20250909_162203.pdf|
|26483|26483|80282463||BL_26483_26483_80282463_20251103_160747.pdf|
|26490|26490|80276485||BL_26490_26490_80276485_20250925_163433.pdf|
|26490|26490|80277089||BL_26490_26490_80277089_20250929_165339.pdf|
|26490|26490|80279136||BL_26490_26490_80279136_20251013_152306.pdf|
|26490|26490|80281710||BL_26490_26490_80281710_20251028_163330.pdf|
|26490|26490|80282659||BL_26490_26490_80282659_20251104_160720.pdf|
|26491|26491|80269174||BL_26491_26491_80269174_20250715_160301.pdf|
|26491|26491|80277707||BL_26491_26491_80277707_20251002_154646.pdf|
|26491|26491|80279897||BL_26491_26491_80279897_20251017_171709.pdf|
|26491|26491|80282480||BL_26491_26491_80282480_20251103_160535.pdf|
|26491|26491|80282976||BL_26491_26491_80282976_20251105_155117.pdf|
|26509|26509|80270390||BL_26509_26509_80270390_20250723_162522.pdf|
|26509|26509|80270393||BL_26509_26509_80270393_20250723_162608.pdf|
|26509|26509|80272382||BL_26509_26509_80272382_20250807_154903.pdf|
|26509|26509|80274462||BL_26509_26509_80274462_20250910_160901.pdf|
|26509|26509|80275483||BL_26509_26509_80275483_20250918_150308.pdf|
|26509|26509|80282076||BL_26509_26509_80282076_20251030_170559.pdf|
|26509|26509|80282727||BL_26509_26509_80282727_20251104_160952.pdf|
|26509|26510|80270391||BL_26509_26510_80270391_20250723_162510.pdf|
|26513|26513|80268417||BL_26513_26513_80268417_20250708_170555.pdf|
|26513|26513|80271503||BL_26513_26513_80271503_20250731_162804.pdf|
|26513|26513|80271688||BL_26513_26513_80271688_20250826_091601.pdf|
|26513|26513|80272960||BL_26513_26513_80272960_20250901_153507.pdf|
|26513|26513|80273692||BL_26513_26513_80273692_20250904_155010.pdf|
|26513|26513|80276162||BL_26513_26513_80276162_20250924_171953.pdf|
|26513|26513|80280148||BL_26513_26513_80280148_20251017_172258.pdf|
|26513|26513|80281118||BL_26513_26513_80281118_20251022_162554.pdf|
|26513|26513|80281612||BL_26513_26513_80281612_20251027_165537.pdf|
|26516|26516|80270332||BL_26516_26516_80270332_20250723_162352.pdf|
|26516|26516|80270376||BL_26516_26516_80270376_20250723_162538.pdf|
|26516|26516|80273744||BL_26516_26516_80273744_20250904_155811.pdf|
|26516|26516|80283542||BL_26516_26516_80283542_20251113_154954.pdf|
|26519|26519|80269070||BL_26519_26519_80269070_20250711_161116.pdf|
|26519|26519|80271350||BL_26519_26519_80271350_20250731_161644.pdf|
|26519|26519|80272280||BL_26519_26519_80272280_20250806_151713.pdf|
|26519|26519|80272385||BL_26519_26519_80272385_20250807_154857.pdf|
|26519|26519|80274296||BL_26519_26519_80274296_20250909_165010.pdf|
|26519|26519|80274655||BL_26519_26519_80274655_20250911_161103.pdf|
|26519|26519|80279053||BL_26519_26519_80279053_20251013_151926.pdf|
|26519|26519|80279390||BL_26519_26519_80279390_20251014_170315.pdf|
|26519|26519|80282047||BL_26519_26519_80282047_20251030_164646.pdf|
|26529|26529|80269003||BL_26529_26529_80269003_20250711_160618.pdf|
|26529|26529|80273261||BL_26529_26529_80273261_20250903_155603.pdf|
|26529|26529|80273873||BL_26529_26529_80273873_20250905_161509.pdf|
|26529|26529|80275231||BL_26529_26529_80275231_20250916_154725.pdf|
|26529|26529|80277251||BL_26529_26529_80277251_20250929_171419.pdf|
|26529|26529|80278740||BL_26529_26529_80278740_20251010_160342.pdf|
|26529|26529|80280414||BL_26529_26529_80280414_20251020_163556.pdf|
|26529|26529|80282350||BL_26529_26529_80282350_20251031_155238.pdf|
|26535|26535|80268502||BL_26535_26535_80268502_20250708_170910.pdf|
|26535|26535|80269762||BL_26535_26535_80269762_20250721_160416.pdf|
|26535|26535|80270550||BL_26535_26535_80270550_20250724_161741.pdf|
|26535|26535|80270858||BL_26535_26535_80270858_20250728_165546.pdf|
|26535|26535|80271507||BL_26535_26535_80271507_20250731_155041.pdf|
|26535|26535|80272611||BL_26535_26535_80272611_20250826_153248.pdf|
|26535|26535|80274013||BL_26535_26535_80274013_20250908_163207.pdf|
|26535|26535|80274513||BL_26535_26535_80274513_20250911_154820.pdf|
|26535|26535|80276141||BL_26535_26535_80276141_20250924_171919.pdf|
|26535|26535|80276705||BL_26535_26535_80276705_20250926_153156.pdf|
|26535|26535|80278932||BL_26535_26535_80278932_20251013_170532.pdf|
|26535|26535|80280029||BL_26535_26535_80280029_20251017_172013.pdf|
|26536|26536|80269631||BL_26536_26536_80269631_20250718_153431.pdf|
|26536|26536|80269792||BL_26536_26536_80269792_20250721_153156.pdf|
|26536|26536|80273239||BL_26536_26536_80273239_20250903_155350.pdf|
|26536|26536|80277705||BL_26536_26536_80277705_20251002_154658.pdf|
|26536|26536|80281538||BL_26536_26536_80281538_20251027_164933.pdf|
|26538|26538|80270341||BL_26538_26538_80270341_20250723_162507.pdf|
|26538|26538|80271645||BL_26538_26538_80271645_20250825_155040.pdf|
|26538|26538|80274649||BL_26538_26538_80274649_20250911_160706.pdf|
|26538|26538|80274793||BL_26538_26538_80274793_20250912_161333.pdf|
|26538|26538|80275043||BL_26538_26538_80275043_20250916_163224.pdf|
|26538|26538|80277786||BL_26538_26538_80277786_20251002_155708.pdf|
|26538|26538|80278921||BL_26538_26538_80278921_20251013_151908.pdf|
|26538|26538|80279572||BL_26538_26538_80279572_20251015_174621.pdf|
|26545|26545|80269836||BL_26545_26545_80269836_20250721_153121.pdf|
|26545|26545|80273994||BL_26545_26545_80273994_20250909_161728.pdf|
|26547|26547|80271389||BL_26547_26547_80271389_20250731_162202.pdf|
|26547|26547|80271749||BL_26547_26547_80271749_20250825_155852.pdf|
|26547|26547|80274580||BL_26547_26547_80274580_20250911_155918.pdf|
|26547|26547|80277224||BL_26547_26547_80277224_20250929_165658.pdf|
|26547|26547|80279513||BL_26547_26547_80279513_20251015_184649.pdf|
|26547|26547|80279931||BL_26547_26547_80279931_20251017_171911.pdf|
|26547|26547|80280533||BL_26547_26547_80280533_20251020_163828.pdf|
|26548|26548|80268836||BL_26548_26548_80268836_20250710_162424.pdf|
|26548|26548|80274575||BL_26548_26548_80274575_20250911_155954.pdf|
|26548|26548|80277236||BL_26548_26548_80277236_20250929_165748.pdf|
|26548|26548|80279775||BL_26548_26548_80279775_20251016_175217.pdf|
|26548|26548|80280602||BL_26548_26548_80280602_20251020_164101.pdf|
|26549|26549|80278463||BL_26549_26549_80278463_20251008_155024.pdf|
|26550|26550|80271802||BL_26550_26550_80271802_20250825_160420.pdf|
|26550|26550|80274073||BL_26550_26550_80274073_20250909_162419.pdf|
|26550|26550|80276780||BL_26550_26550_80276780_20250926_150428.pdf|
|26550|26550|80277245||BL_26550_26550_80277245_20250929_165736.pdf|
|26550|26550|80280460||BL_26550_26550_80280460_20251020_163726.pdf|
|26550|26550|80281752||BL_26550_26550_80281752_20251028_164835.pdf|
|26550|26550|80281895||BL_26550_26550_80281895_20251029_163732.pdf|
|26551|26553|80216590||BL_26551_26553_80216590_20240528_165043.pdf|
|26551|26553|80216591||BL_26551_26553_80216591_20240528_165047.pdf|
|26551|26553|80217030||BL_26551_26553_80217030_20240530_164406.pdf|
|26557|26558|80216592||BL_26557_26558_80216592_20240528_165049.pdf|
|26557|26558|80216593||BL_26557_26558_80216593_20240528_174018.pdf|
|26557|26558|80217026||BL_26557_26558_80217026_20240530_163807.pdf|
|26557|26561|80216606||BL_26557_26561_80216606_20240528_165354.pdf|
|26557|26561|80216607||BL_26557_26561_80216607_20240528_170016.pdf|
|26557|26561|80217027||BL_26557_26561_80217027_20240530_163803.pdf|
|26557|26562|80216594||BL_26557_26562_80216594_20240528_165223.pdf|
|26557|26562|80216595||BL_26557_26562_80216595_20240528_165227.pdf|
|26557|26562|80217028||BL_26557_26562_80217028_20240530_163758.pdf|
|26557|26562|80221526||BL_26557_26562_80221526_20240704_164910.pdf|
|26565|26565|80216598||BL_26565_26565_80216598_20240528_165841.pdf|
|26565|26565|80216599||BL_26565_26565_80216599_20240528_165712.pdf|
|26565|26565|80217023||BL_26565_26565_80217023_20240530_163822.pdf|
|26565|26565|80264302||BL_26565_26565_80264302_20250604_165135.pdf|
|26565|26567|80216600||BL_26565_26567_80216600_20240528_165708.pdf|
|26565|26567|80216601||BL_26565_26567_80216601_20240528_165541.pdf|
|26565|26567|80217024||BL_26565_26567_80217024_20240530_163817.pdf|
|26576|26576|80270337||BL_26576_26576_80270337_20250723_162341.pdf|
|26576|26576|80275485||BL_26576_26576_80275485_20250918_152957.pdf|
|26576|26576|80276318||BL_26576_26576_80276318_20250924_172224.pdf|
|26576|26576|80277582||BL_26576_26576_80277582_20250930_164251.pdf|
|26576|26576|80282234||BL_26576_26576_80282234_20251031_151628.pdf|
|26576|26576|80282408||BL_26576_26576_80282408_20251031_151636.pdf|
|26578|26578|80270334||BL_26578_26578_80270334_20250723_162348.pdf|
|26578|26578|80276904||BL_26578_26578_80276904_20250929_171010.pdf|
|26578|26578|80277585||BL_26578_26578_80277585_20250930_164247.pdf|
|26578|26578|80278917||BL_26578_26578_80278917_20251013_150108.pdf|
|26581|26581|80269943||BL_26581_26581_80269943_20250721_113548.pdf|
|26581|26581|80278625||BL_26581_26581_80278625_20251009_162137.pdf|
|26581|26581|80278673||BL_26581_26581_80278673_20251013_151718.pdf|
|26583|26583|80270051||BL_26583_26583_80270051_20250722_164642.pdf|
|26583|26583|80270702||BL_26583_26583_80270702_20250725_113218.pdf|
|26583|26583|80273441||BL_26583_26583_80273441_20250903_160123.pdf|
|26583|26583|80276761||BL_26583_26583_80276761_20250926_153638.pdf|
|26583|26583|80276790||BL_26583_26583_80276790_20250926_150429.pdf|
|26583|26583|80280813||BL_26583_26583_80280813_20251021_155338.pdf|
|26583|26583|80281234||BL_26583_26583_80281234_20251023_163629.pdf|
|26583|26583|80283154||BL_26583_26583_80283154_20251106_154832.pdf|
|26584|26584|80271492||BL_26584_26584_80271492_20250731_162916.pdf|
|26588|26588|80275113||BL_26588_26588_80275113_20250916_163742.pdf|
|26588|26588|80276956||BL_26588_26588_80276956_20250929_165024.pdf|
|26588|26588|80280239||BL_26588_26588_80280239_20251020_163251.pdf|
|26588|26588|80280860||BL_26588_26588_80280860_20251022_155035.pdf|
|26589|26589|80269190||BL_26589_26589_80269190_20250715_130059.pdf|
|26589|26589|80269787||BL_26589_26589_80269787_20250721_160625.pdf|
|26589|26589|80273157||BL_26589_26589_80273157_20250902_170329.pdf|
|26589|26589|80274098||BL_26589_26589_80274098_20250909_162741.pdf|
|26589|26589|80275433||BL_26589_26589_80275433_20250918_152127.pdf|
|26589|26589|80275963||BL_26589_26589_80275963_20250923_160235.pdf|
|26589|26589|80276409||BL_26589_26589_80276409_20250924_172401.pdf|
|26589|26589|80277898||BL_26589_26589_80277898_20251003_161745.pdf|
|26589|26589|80278468||BL_26589_26589_80278468_20251007_160835.pdf|
|26589|26589|80278764||BL_26589_26589_80278764_20251010_160600.pdf|
|26589|26589|80279055||BL_26589_26589_80279055_20251014_165429.pdf|
|26589|26589|80280482||BL_26589_26589_80280482_20251020_163817.pdf|
|26589|26589|80282194||BL_26589_26589_80282194_20251030_171640.pdf|
|26589|26589|80283116||BL_26589_26589_80283116_20251106_144733.pdf|
|26591|26591|80276554||BL_26591_26591_80276554_20250925_163946.pdf|
|26591|26591|80277158||BL_26591_26591_80277158_20250929_165517.pdf|
|26591|26591|80279142||BL_26591_26591_80279142_20251013_152250.pdf|
|26591|26591|80281706||BL_26591_26591_80281706_20251028_163324.pdf|
|26600|26600|80268440||BL_26600_26600_80268440_20250708_170814.pdf|
|26600|26600|80269029||BL_26600_26600_80269029_20250711_153127.pdf|
|26600|26600|80273013||BL_26600_26600_80273013_20250901_151741.pdf|
|26600|26600|80273112||BL_26600_26600_80273112_20250902_161923.pdf|
|26600|26600|80273734||BL_26600_26600_80273734_20250904_155926.pdf|
|26600|26600|80276171||BL_26600_26600_80276171_20250924_171939.pdf|
|26600|26600|80279533||BL_26600_26600_80279533_20251015_160358.pdf|
|26600|26600|80279734||BL_26600_26600_80279734_20251016_174546.pdf|
|26600|26600|80280700||BL_26600_26600_80280700_20251020_162011.pdf|
|26600|26600|80281136||BL_26600_26600_80281136_20251022_090244.pdf|
|26600|26600|80283050||BL_26600_26600_80283050_20251105_160954.pdf|
|26600|26600|80283139||BL_26600_26600_80283139_20251106_144907.pdf|
|26604|26604|80275218||BL_26604_26604_80275218_20250916_154731.pdf|
|26604|26604|80276667||BL_26604_26604_80276667_20250925_163134.pdf|
|26604|26604|80277510||BL_26604_26604_80277510_20250930_164005.pdf|
|26604|26604|80280697||BL_26604_26604_80280697_20251020_164035.pdf|
|26604|26604|80280832||BL_26604_26604_80280832_20251021_164700.pdf|
|26608|26608|80269039||BL_26608_26608_80269039_20250711_160706.pdf|
|26608|26608|80275171||BL_26608_26608_80275171_20250916_164810.pdf|
|26608|26608|80277031||BL_26608_26608_80277031_20250929_165151.pdf|
|26608|26608|80279733||BL_26608_26608_80279733_20251016_174557.pdf|
|26608|26608|80280248||BL_26608_26608_80280248_20251020_163305.pdf|
|26608|26608|80281671||BL_26608_26608_80281671_20251029_163450.pdf|
|26608|26608|80281888||BL_26608_26608_80281888_20251029_163300.pdf|
|26612|26612|80268235||BL_26612_26612_80268235_20250707_153307.pdf|
|26612|26612|80272905||BL_26612_26612_80272905_20250829_144810.pdf|
|26612|26612|80274739||BL_26612_26612_80274739_20250912_154818.pdf|
|26612|26612|80275065||BL_26612_26612_80275065_20250915_164858.pdf|
|26612|26612|80276232||BL_26612_26612_80276232_20250924_172130.pdf|
|26612|26612|80280045||BL_26612_26612_80280045_20251017_171953.pdf|
|26612|26612|80281138||BL_26612_26612_80281138_20251022_162647.pdf|
|26613|26613|80275462||BL_26613_26613_80275462_20250918_152807.pdf|
|26613|26613|80282725||BL_26613_26613_80282725_20251104_161003.pdf|
|26618|26619|80269001||BL_26618_26619_80269001_20250711_160158.pdf|
|26618|26619|80272629||BL_26618_26619_80272629_20250826_154648.pdf|
|26618|26619|80274760||BL_26618_26619_80274760_20250912_160706.pdf|
|26618|26619|80281198||BL_26618_26619_80281198_20251027_163212.pdf|
|26618|26619|80281199||BL_26618_26619_80281199_20251027_163223.pdf|
|26618|26619|80281200||BL_26618_26619_80281200_20251027_163230.pdf|
|26618|26619|80282988||BL_26618_26619_80282988_20251105_155105.pdf|
|26620|26620|80281425||BL_26620_26620_80281425_20251024_170916.pdf|
|26622|26622|80268310||BL_26622_26622_80268310_20250707_154204.pdf|
|26622|26622|80271403||BL_26622_26622_80271403_20250731_162059.pdf|
|26622|26622|80272645||BL_26622_26622_80272645_20250826_153401.pdf|
|26622|26622|80274094||BL_26622_26622_80274094_20250908_162157.pdf|
|26622|26622|80274562||BL_26622_26622_80274562_20250911_155707.pdf|
|26622|26622|80274986||BL_26622_26622_80274986_20250915_164824.pdf|
|26622|26622|80276153||BL_26622_26622_80276153_20250924_171900.pdf|
|26622|26622|80280218||BL_26622_26622_80280218_20251017_172417.pdf|
|26622|26622|80281512||BL_26622_26622_80281512_20251027_164911.pdf|
|26622|26622|80282180||BL_26622_26622_80282180_20251030_165058.pdf|
|26623|26623|80269718||BL_26623_26623_80269718_20250718_154140.pdf|
|26623|26623|80274000||BL_26623_26623_80274000_20250909_162043.pdf|
|26623|26623|80276323||BL_26623_26623_80276323_20250924_155300.pdf|
|26623|26623|80278000||BL_26623_26623_80278000_20251003_162530.pdf|
|26623|26623|80281216||BL_26623_26623_80281216_20251023_164916.pdf|
|26623|26623|80282478||BL_26623_26623_80282478_20251103_160547.pdf|
|26626|26626|80270501||BL_26626_26626_80270501_20250724_165830.pdf|
|26626|26626|80271476||BL_26626_26626_80271476_20250731_154942.pdf|
|26626|26626|80274756||BL_26626_26626_80274756_20250912_160724.pdf|
|26626|26626|80279776||BL_26626_26626_80279776_20251016_175209.pdf|
|26626|26626|80283409||BL_26626_26626_80283409_20251112_162354.pdf|
|26630|26630|80268774||BL_26630_26630_80268774_20250710_161650.pdf|
|26630|26630|80275411||BL_26630_26630_80275411_20250918_151911.pdf|
|26630|26630|80276969||BL_26630_26630_80276969_20250929_165009.pdf|
|26630|26630|80278554||BL_26630_26630_80278554_20251009_161708.pdf|
|26630|26630|80280364||BL_26630_26630_80280364_20251020_163435.pdf|
|26630|26630|80282351||BL_26630_26630_80282351_20251031_144715.pdf|
|26634|26634|80268899||BL_26634_26634_80268899_20250710_151817.pdf|
|26634|26634|80278458||BL_26634_26634_80278458_20251008_154851.pdf|
|26635|26635|80268455||BL_26635_26635_80268455_20250708_163247.pdf|
|26635|26635|80269506||BL_26635_26635_80269506_20250717_155602.pdf|
|26635|26635|80270666||BL_26635_26635_80270666_20250725_113254.pdf|
|26635|26635|80272940||BL_26635_26635_80272940_20250829_153332.pdf|
|26635|26635|80273043||BL_26635_26635_80273043_20250901_154016.pdf|
|26635|26635|80274530||BL_26635_26635_80274530_20250911_155141.pdf|
|26635|26635|80276880||BL_26635_26635_80276880_20250929_170849.pdf|
|26635|26635|80277301||BL_26635_26635_80277301_20250929_165932.pdf|
|26635|26635|80277451||BL_26635_26635_80277451_20250930_163124.pdf|
|26635|26635|80278592||BL_26635_26635_80278592_20251009_160710.pdf|
|26635|26635|80278675||BL_26635_26635_80278675_20251013_151712.pdf|
|26635|26635|80279858||BL_26635_26635_80279858_20251017_164931.pdf|
|26635|26635|80280520||BL_26635_26635_80280520_20251020_163845.pdf|
|26635|26635|80283256||BL_26635_26635_80283256_20251107_150309.pdf|
|26640|26640|80268283||BL_26640_26640_80268283_20250707_154041.pdf|
|26640|26640|80275636||BL_26640_26640_80275636_20250919_170034.pdf|
|26640|26640|80282079||BL_26640_26640_80282079_20251030_170534.pdf|
|26646|26646|80268300||BL_26646_26646_80268300_20250707_154257.pdf|
|26646|26646|80268928||BL_26646_26646_80268928_20250710_162919.pdf|
|26646|26646|80269217||BL_26646_26646_80269217_20250715_160736.pdf|
|26646|26646|80269430||BL_26646_26646_80269430_20250717_155018.pdf|
|26646|26646|80269951||BL_26646_26646_80269951_20250722_170136.pdf|
|26646|26646|80270329||BL_26646_26646_80270329_20250723_162401.pdf|
|26646|26646|80271581||BL_26646_26646_80271581_20250825_154919.pdf|
|26646|26646|80272430||BL_26646_26646_80272430_20250808_154615.pdf|
|26646|26646|80272431||BL_26646_26646_80272431_20250808_154608.pdf|
|26646|26646|80274489||BL_26646_26646_80274489_20250910_114745.pdf|
|26646|26646|80274880||BL_26646_26646_80274880_20250915_170847.pdf|
|26646|26646|80278132||BL_26646_26646_80278132_20251006_161443.pdf|
|26646|26646|80281461||BL_26646_26646_80281461_20251024_171200.pdf|
|26646|26646|80282096||BL_26646_26646_80282096_20251030_170817.pdf|
|26646|26646|80283094||BL_26646_26646_80283094_20251105_161004.pdf|
|26648|26648|80268889||BL_26648_26648_80268889_20250710_162746.pdf|
|26648|26648|80269583||BL_26648_26648_80269583_20250717_153148.pdf|
|26648|26648|80270344||BL_26648_26648_80270344_20250723_162500.pdf|
|26648|26648|80273754||BL_26648_26648_80273754_20250904_160033.pdf|
|26648|26648|80276795||BL_26648_26648_80276795_20250926_154031.pdf|
|26648|26648|80276796||BL_26648_26648_80276796_20250926_154033.pdf|
|26648|26648|80282709||BL_26648_26648_80282709_20251104_160819.pdf|
|26648|26648|80282710||BL_26648_26648_80282710_20251104_160812.pdf|
|26648|26648|80282711||BL_26648_26648_80282711_20251104_160810.pdf|
|26648|26648|80283074||BL_26648_26648_80283074_20251105_155227.pdf|
|26648|26648|80283563||BL_26648_26648_80283563_20251113_151849.pdf|
|26648|26648|80283564||BL_26648_26648_80283564_20251113_151847.pdf|
|26669|26669|80269450||BL_26669_26669_80269450_20250717_155225.pdf|
|26669|26669|80276685||BL_26669_26669_80276685_20250926_153349.pdf|
|26669|26669|80277105||BL_26669_26669_80277105_20250929_165423.pdf|
|26669|26669|80281743||BL_26669_26669_80281743_20251028_164944.pdf|
|26669|26669|80282965||BL_26669_26669_80282965_20251105_155024.pdf|
|26670|26670|80271756||BL_26670_26670_80271756_20250825_155826.pdf|
|26670|26670|80273884||BL_26670_26670_80273884_20250905_161345.pdf|
|26670|26670|80277292||BL_26670_26670_80277292_20250929_165839.pdf|
|26670|26670|80280456||BL_26670_26670_80280456_20251020_163740.pdf|
|26670|26670|80282550||BL_26670_26670_80282550_20251103_161314.pdf|
|26670|26670|80282689||BL_26670_26670_80282689_20251104_153229.pdf|
|26672|26672|80269892||BL_26672_26672_80269892_20250723_173126.pdf|
|26672|26672|80269893||BL_26672_26672_80269893_20250723_174726.pdf|
|26672|26672|80270074||BL_26672_26672_80270074_20250722_170953.pdf|
|26672|26672|80271090||BL_26672_26672_80271090_20250729_154721.pdf|
|26672|26672|80276599||BL_26672_26672_80276599_20250925_164548.pdf|
|26673|26673|80271789||BL_26673_26673_80271789_20250825_160215.pdf|
|26673|26673|80275577||BL_26673_26673_80275577_20250919_165205.pdf|
|26673|26673|80277139||BL_26673_26673_80277139_20250929_165439.pdf|
|26673|26673|80278577||BL_26673_26673_80278577_20251009_162044.pdf|
|26673|26673|80278709||BL_26673_26673_80278709_20251013_151811.pdf|
|26673|26673|80280387||BL_26673_26673_80280387_20251020_163518.pdf|
|26673|26673|80281110||BL_26673_26673_80281110_20251022_160326.pdf|
|26674|26674|80270561||BL_26674_26674_80270561_20250725_113205.pdf|
|26674|26674|80277821||BL_26674_26674_80277821_20251002_151940.pdf|
|26674|26674|80280676||BL_26674_26674_80280676_20251022_162102.pdf|
|26674|26674|80281037||BL_26674_26674_80281037_20251022_160140.pdf|
|26677|26677|80268364||BL_26677_26677_80268364_20250707_154448.pdf|
|26677|26677|80270804||BL_26677_26677_80270804_20250728_165020.pdf|
|26677|26677|80274801||BL_26677_26677_80274801_20250912_153223.pdf|
|26677|26677|80276611||BL_26677_26677_80276611_20250925_164433.pdf|
|26677|26677|80281824||BL_26677_26677_80281824_20251028_165215.pdf|
|26677|26677|80282302||BL_26677_26677_80282302_20251031_155156.pdf|
|26681|26681|80274240||BL_26681_26681_80274240_20250909_164723.pdf|
|26681|26681|80277465||BL_26681_26681_80277465_20250930_163501.pdf|
|26681|26681|80282951||BL_26681_26681_80282951_20251105_160512.pdf|
|26685|26687|80268278||BL_26685_26687_80268278_20250707_154107.pdf|
|26685|26687|80269852||BL_26685_26687_80269852_20250721_160929.pdf|
|26685|26687|80270071||BL_26685_26687_80270071_20250722_171006.pdf|
|26685|26687|80271283||BL_26685_26687_80271283_20250730_155010.pdf|
|26685|26687|80271638||BL_26685_26687_80271638_20250825_155110.pdf|
|26685|26687|80273438||BL_26685_26687_80273438_20250903_155802.pdf|
|26685|26687|80274463||BL_26685_26687_80274463_20250910_154856.pdf|
|26685|26687|80275498||BL_26685_26687_80275498_20250918_152856.pdf|
|26685|26687|80277936||BL_26685_26687_80277936_20251003_162224.pdf|
|26685|26687|80278267||BL_26685_26687_80278267_20251007_154849.pdf|
|26685|26687|80279382||BL_26685_26687_80279382_20251014_164028.pdf|
|26685|26687|80280797||BL_26685_26687_80280797_20251021_163539.pdf|
|26698|26699|80269508||BL_26698_26699_80269508_20250717_153154.pdf|
|26698|26699|80270942||BL_26698_26699_80270942_20250728_170239.pdf|
|26698|26699|80271471||BL_26698_26699_80271471_20250731_154950.pdf|
|26698|26699|80275397||BL_26698_26699_80275397_20250918_151820.pdf|
|26698|26699|80276749||BL_26698_26699_80276749_20250926_150411.pdf|
|26698|26699|80277115||BL_26698_26699_80277115_20250929_165406.pdf|
|26698|26699|80282955||BL_26698_26699_80282955_20251105_155040.pdf|
|26700|26700|80269650||BL_26700_26700_80269650_20250718_153630.pdf|
|26700|26700|80270035||BL_26700_26700_80270035_20250722_170906.pdf|
|26700|26700|80270670||BL_26700_26700_80270670_20250725_113245.pdf|
|26700|26700|80270956||BL_26700_26700_80270956_20250728_150452.pdf|
|26700|26700|80272064||BL_26700_26700_80272064_20250804_160426.pdf|
|26700|26700|80272300||BL_26700_26700_80272300_20250807_154659.pdf|
|26700|26700|80273398||BL_26700_26700_80273398_20250902_142238.pdf|
|26700|26700|80277340||BL_26700_26700_80277340_20250929_103035.pdf|
|26700|26700|80277580||BL_26700_26700_80277580_20250930_164302.pdf|
|26704|26706|80275409||BL_26704_26706_80275409_20250918_151940.pdf|
|26704|26706|80276972||BL_26704_26706_80276972_20250929_165004.pdf|
|26704|26706|80280356||BL_26704_26706_80280356_20251020_161628.pdf|
|26705|26705|80275495||BL_26705_26705_80275495_20250918_152911.pdf|
|26713|26713|80270338||BL_26713_26713_80270338_20250723_162339.pdf|
|26713|26713|80270712||BL_26713_26713_80270712_20250725_121306.pdf|
|26713|26713|80271995||BL_26713_26713_80271995_20250804_160255.pdf|
|26713|26713|80273338||BL_26713_26713_80273338_20250902_170954.pdf|
|26713|26713|80276913||BL_26713_26713_80276913_20250929_171313.pdf|
|26713|26713|80282473||BL_26713_26713_80282473_20251103_151706.pdf|
|26713|26713|80282627||BL_26713_26713_80282627_20251104_153107.pdf|
|26713|26713|80282754||BL_26713_26713_80282754_20251104_153151.pdf|
|26729|26729|80269173||BL_26729_26729_80269173_20250715_160309.pdf|
|26729|26729|80271460||BL_26729_26729_80271460_20250731_162602.pdf|
|26729|26729|80271660||BL_26729_26729_80271660_20250826_091538.pdf|
|26729|26729|80276517||BL_26729_26729_80276517_20250925_163606.pdf|
|26729|26729|80277067||BL_26729_26729_80277067_20250929_165306.pdf|
|26729|26729|80278996||BL_26729_26729_80278996_20251014_163248.pdf|
|26729|26729|80280076||BL_26729_26729_80280076_20251017_172117.pdf|
|26729|26729|80281435||BL_26729_26729_80281435_20251024_144715.pdf|
|26731|26732|80270467||BL_26731_26732_80270467_20250724_165227.pdf|
|26731|26732|80274014||BL_26731_26732_80274014_20250909_161953.pdf|
|26731|26732|80275004||BL_26731_26732_80275004_20250915_172027.pdf|
|26731|26732|80277057||BL_26731_26732_80277057_20250929_165322.pdf|
|26731|26732|80280278||BL_26731_26732_80280278_20251020_163342.pdf|
|26731|26732|80280917||BL_26731_26732_80280917_20251022_155734.pdf|
|26733|26734|80272245||BL_26733_26734_80272245_20250806_151609.pdf|
|26733|26734|80272386||BL_26733_26734_80272386_20250807_154855.pdf|
|26733|26734|80274141||BL_26733_26734_80274141_20250909_163127.pdf|
|26733|26734|80278429||BL_26733_26734_80278429_20251008_154747.pdf|
|26733|26734|80283230||BL_26733_26734_80283230_20251107_150115.pdf|
|26753|26753|80274993||BL_26753_26753_80274993_20250915_171741.pdf|
|26753|26753|80280686||BL_26753_26753_80280686_20251021_163340.pdf|
|26756|26756|80277718||BL_26756_26756_80277718_20251002_154929.pdf|
|26756|26756|80282933||BL_26756_26756_80282933_20251105_155003.pdf|
|26757|26757|80269774||BL_26757_26757_80269774_20250721_160258.pdf|
|26757|26757|80271922||BL_26757_26757_80271922_20250801_153630.pdf|
|26757|26757|80276877||BL_26757_26757_80276877_20250929_170911.pdf|
|26757|26757|80278341||BL_26757_26757_80278341_20251007_082730.pdf|
|26757|26757|80280795||BL_26757_26757_80280795_20251021_163549.pdf|
|26757|26757|80280884||BL_26757_26757_80280884_20251021_163823.pdf|
|26757|26757|80282996||BL_26757_26757_80282996_20251104_161025.pdf|
|26757|26757|80283009||BL_26757_26757_80283009_20251105_155211.pdf|
|26758|26758|80269154||BL_26758_26758_80269154_20250715_160139.pdf|
|26758|26758|80272825||BL_26758_26758_80272825_20250828_151722.pdf|
|26758|26758|80274732||BL_26758_26758_80274732_20250912_160435.pdf|
|26758|26758|80276998||BL_26758_26758_80276998_20250929_165138.pdf|
|26758|26758|80280287||BL_26758_26758_80280287_20251020_180302.pdf|
|26760|26760|80275475||BL_26760_26760_80275475_20250918_152657.pdf|
|26760|26760|80281038||BL_26760_26760_80281038_20251022_131603.pdf|
|26760|26760|80281845||BL_26760_26760_80281845_20251028_165455.pdf|
|26760|26760|80281863||BL_26760_26760_80281863_20251028_163846.pdf|
|26765|26765|80270455||BL_26765_26765_80270455_20250724_164923.pdf|
|26765|26765|80270660||BL_26765_26765_80270660_20250725_113256.pdf|
|26765|26765|80273247||BL_26765_26765_80273247_20250902_170644.pdf|
|26765|26765|80276696||BL_26765_26765_80276696_20250926_153251.pdf|
|26765|26765|80277113||BL_26765_26765_80277113_20250929_165409.pdf|
|26765|26765|80282957||BL_26765_26765_80282957_20251105_155037.pdf|
|26765|26765|80283351||BL_26765_26765_80283351_20251112_161953.pdf|
|26766|26767|80271717||BL_26766_26767_80271717_20250825_155752.pdf|
|26766|26767|80271976||BL_26766_26767_80271976_20250804_161835.pdf|
|26766|26767|80272784||BL_26766_26767_80272784_20250828_144605.pdf|
|26766|26767|80275135||BL_26766_26767_80275135_20250916_164007.pdf|
|26766|26767|80276945||BL_26766_26767_80276945_20250929_164938.pdf|
|26766|26767|80280226||BL_26766_26767_80280226_20251020_163223.pdf|
|26766|26767|80281922||BL_26766_26767_80281922_20251029_163947.pdf|
|26772|26772|80268534||BL_26772_26772_80268534_20250708_171306.pdf|
|26772|26772|80274018||BL_26772_26772_80274018_20250908_163212.pdf|
|26773|26773|80268260||BL_26773_26773_80268260_20250707_153859.pdf|
|26773|26773|80270006||BL_26773_26773_80270006_20250722_170356.pdf|
|26773|26773|80274902||BL_26773_26773_80274902_20250915_171055.pdf|
|26773|26773|80277040||BL_26773_26773_80277040_20250929_165244.pdf|
|26773|26773|80280316||BL_26773_26773_80280316_20251020_180722.pdf|
|26774|26774|80269510||BL_26774_26774_80269510_20250717_155544.pdf|
|26774|26774|80271371||BL_26774_26774_80271371_20250731_161923.pdf|
|26774|26774|80272638||BL_26774_26774_80272638_20250826_153436.pdf|
|26774|26774|80272972||BL_26774_26774_80272972_20250901_153354.pdf|
|26774|26774|80273144||BL_26774_26774_80273144_20250902_161834.pdf|
|26774|26774|80273691||BL_26774_26774_80273691_20250904_155013.pdf|
|26774|26774|80275964||BL_26774_26774_80275964_20250923_160233.pdf|
|26774|26774|80276160||BL_26774_26774_80276160_20250924_171956.pdf|
|26774|26774|80276555||BL_26774_26774_80276555_20250925_162008.pdf|
|26774|26774|80277267||BL_26774_26774_80277267_20250929_165811.pdf|
|26774|26774|80278204||BL_26774_26774_80278204_20251007_160512.pdf|
|26774|26774|80279529||BL_26774_26774_80279529_20251015_160410.pdf|
|26774|26774|80279845||BL_26774_26774_80279845_20251017_163146.pdf|
|26774|26774|80280145||BL_26774_26774_80280145_20251017_172156.pdf|
|26776|26776|80268706||BL_26776_26776_80268706_20250709_160316.pdf|
|26776|26776|80275477||BL_26776_26776_80275477_20250918_153029.pdf|
|26776|26776|80277820||BL_26776_26776_80277820_20251002_155802.pdf|
|26776|26776|80281879||BL_26776_26776_80281879_20251029_163357.pdf|
|26777|26862|80244734||BL_26777_26862_80244734_20250123_124728.pdf|
|26777|26862|80244890||BL_26777_26862_80244890_20250123_154535.pdf|
|26777|26862|80244891||BL_26777_26862_80244891_20250123_155045.pdf|
|26777|26862|80244896||BL_26777_26862_80244896_20250123_162501.pdf|
|26777|26862|80244897||BL_26777_26862_80244897_20250123_163458.pdf|
|26777|26862|80245534||BL_26777_26862_80245534_20250128_175524.pdf|
|26777|26862|80246516||BL_26777_26862_80246516_20250131_171007.pdf|
|26777|26862|80247092||BL_26777_26862_80247092_20250204_165334.pdf|
|26777|26862|80247671||BL_26777_26862_80247671_20250206_162042.pdf|
|26777|26862|80248164||BL_26777_26862_80248164_20250210_164050.pdf|
|26777|26862|80248668||BL_26777_26862_80248668_20250213_143546.pdf|
|26777|26862|80249398||BL_26777_26862_80249398_20250217_150109.pdf|
|26777|26862|80249838||BL_26777_26862_80249838_20250221_165758.pdf|
|26777|26862|80250024||BL_26777_26862_80250024_20250224_164809.pdf|
|26777|26862|80250895||BL_26777_26862_80250895_20250228_165152.pdf|
|26777|26862|80251580||BL_26777_26862_80251580_20250304_163313.pdf|
|26777|26862|80252611||BL_26777_26862_80252611_20250310_165759.pdf|
|26777|26862|80253008||BL_26777_26862_80253008_20250312_154915.pdf|
|26777|26862|80256972||BL_26777_26862_80256972_20250409_161902.pdf|
|26777|26862|80257877||BL_26777_26862_80257877_20250415_162011.pdf|
|26777|26862|80259884||BL_26777_26862_80259884_20250429_153910.pdf|
|26777|26862|80260177||BL_26777_26862_80260177_20250505_165302.pdf|
|26777|26862|80261015||BL_26777_26862_80261015_20250514_160542.pdf|
|26777|26862|80261512||BL_26777_26862_80261512_20250515_172206.pdf|
|26777|26862|80262368||BL_26777_26862_80262368_20250520_165538.pdf|
|26777|26862|80263457||BL_26777_26862_80263457_20250527_171706.pdf|
|26777|26862|80263797||BL_26777_26862_80263797_20250528_163839.pdf|
|26777|26862|80264415||BL_26777_26862_80264415_20250610_171810.pdf|
|26777|26862|80265690||BL_26777_26862_80265690_20250616_163019.pdf|
|26777|26862|80266243||BL_26777_26862_80266243_20250620_153704.pdf|
|26777|26862|80267433||BL_26777_26862_80267433_20250630_163800.pdf|
|26777|26862|80268542||BL_26777_26862_80268542_20250708_171237.pdf|
|26777|26862|80269682||BL_26777_26862_80269682_20250718_154029.pdf|
|26777|26862|80271257||BL_26777_26862_80271257_20250730_153636.pdf|
|26777|26862|80272139||BL_26777_26862_80272139_20250805_160245.pdf|
|26777|26862|80272232||BL_26777_26862_80272232_20250806_154702.pdf|
|26777|26862|80272357||BL_26777_26862_80272357_20250807_154828.pdf|
|26777|26862|80273016||BL_26777_26862_80273016_20250901_151803.pdf|
|26777|26862|80273417||BL_26777_26862_80273417_20250903_155915.pdf|
|26777|26862|80273598||BL_26777_26862_80273598_20250903_151627.pdf|
|26777|26862|80276312||BL_26777_26862_80276312_20250924_172235.pdf|
|26777|26862|80276914||BL_26777_26862_80276914_20250929_164826.pdf|
|26777|26862|80277508||BL_26777_26862_80277508_20250930_164008.pdf|
|26777|26862|80277646||BL_26777_26862_80277646_20251001_160253.pdf|
|26777|26862|80277665||BL_26777_26862_80277665_20251001_160255.pdf|
|26777|26862|80281458||BL_26777_26862_80281458_20251024_163642.pdf|
|26777|26863|80243886||BL_26777_26863_80243886_20250120_143130.pdf|
|26777|26863|80244082||BL_26777_26863_80244082_20250120_150828.pdf|
|26777|26863|80244084||BL_26777_26863_80244084_20250120_151354.pdf|
|26777|26863|80244087||BL_26777_26863_80244087_20250120_155516.pdf|
|26777|26863|80244090||BL_26777_26863_80244090_20250120_163305.pdf|
|26777|26863|80244094||BL_26777_26863_80244094_20250120_164114.pdf|
|26777|26863|80244096||BL_26777_26863_80244096_20250120_164611.pdf|
|26777|26863|80244097||BL_26777_26863_80244097_20250120_165226.pdf|
|26777|26863|80244098||BL_26777_26863_80244098_20250120_165701.pdf|
|26777|26863|80248163||BL_26777_26863_80248163_20250210_164052.pdf|
|26777|26863|80248210||BL_26777_26863_80248210_20250207_170648.pdf|
|26777|26863|80249839||BL_26777_26863_80249839_20250221_165755.pdf|
|26777|26863|80250023||BL_26777_26863_80250023_20250224_164829.pdf|
|26777|26863|80250842||BL_26777_26863_80250842_20250228_164909.pdf|
|26777|26863|80251585||BL_26777_26863_80251585_20250304_163442.pdf|
|26777|26863|80252175||BL_26777_26863_80252175_20250307_162305.pdf|
|26777|26863|80252613||BL_26777_26863_80252613_20250310_165755.pdf|
|26777|26863|80252890||BL_26777_26863_80252890_20250311_163554.pdf|
|26777|26863|80254603||BL_26777_26863_80254603_20250325_162729.pdf|
|26777|26863|80256977||BL_26777_26863_80256977_20250409_162123.pdf|
|26777|26863|80260176||BL_26777_26863_80260176_20250505_165304.pdf|
|26777|26863|80261016||BL_26777_26863_80261016_20250514_160539.pdf|
|26777|26863|80263250||BL_26777_26863_80263250_20250526_170440.pdf|
|26777|26863|80263780||BL_26777_26863_80263780_20250528_163527.pdf|
|26777|26863|80267419||BL_26777_26863_80267419_20250630_163344.pdf|
|26777|26863|80267704||BL_26777_26863_80267704_20250701_164124.pdf|
|26777|26863|80268539||BL_26777_26863_80268539_20250708_171252.pdf|
|26777|26863|80269681||BL_26777_26863_80269681_20250718_154039.pdf|
|26777|26863|80270285||BL_26777_26863_80270285_20250723_162157.pdf|
|26777|26863|80271244||BL_26777_26863_80271244_20250730_153530.pdf|
|26777|26863|80271583||BL_26777_26863_80271583_20250825_154912.pdf|
|26777|26863|80272144||BL_26777_26863_80272144_20250805_154611.pdf|
|26777|26863|80273764||BL_26777_26863_80273764_20250904_160331.pdf|
|26777|26863|80274496||BL_26777_26863_80274496_20250911_154638.pdf|
|26777|26863|80274834||BL_26777_26863_80274834_20250915_170421.pdf|
|26777|26863|80276916||BL_26777_26863_80276916_20250929_171256.pdf|
|26777|26863|80277509||BL_26777_26863_80277509_20250930_170201.pdf|
|26777|26863|80277666||BL_26777_26863_80277666_20251001_160257.pdf|
|26777|26863|80281455||BL_26777_26863_80281455_20251024_163623.pdf|
|26777|26864|80269707||BL_26777_26864_80269707_20250718_154151.pdf|
|26777|26864|80271245||BL_26777_26864_80271245_20250730_155154.pdf|
|26777|26864|80271998||BL_26777_26864_80271998_20250804_161732.pdf|
|26777|26864|80272366||BL_26777_26864_80272366_20250807_154809.pdf|
|26777|26864|80279967||BL_26777_26864_80279967_20251017_171830.pdf|
|26777|26864|80281470||BL_26777_26864_80281470_20251024_171057.pdf|
|26777|26864|80282715||BL_26777_26864_80282715_20251104_153204.pdf|
|26781|26781|80270032||BL_26781_26781_80270032_20250722_164628.pdf|
|26781|26781|80271097||BL_26781_26781_80271097_20250729_154706.pdf|
|26781|26781|80272968||BL_26781_26781_80272968_20250901_153420.pdf|
|26781|26781|80273690||BL_26781_26781_80273690_20250904_155020.pdf|
|26781|26781|80276412||BL_26781_26781_80276412_20250924_172357.pdf|
|26781|26781|80280480||BL_26781_26781_80280480_20251020_163815.pdf|
|26781|26781|80280690||BL_26781_26781_80280690_20251021_163320.pdf|
|26781|26781|80280905||BL_26781_26781_80280905_20251021_164631.pdf|
|26781|26781|80281759||BL_26781_26781_80281759_20251028_163756.pdf|
|26783|26783|80281120||BL_26783_26783_80281120_20251022_153338.pdf|
|26784|26784|80276605||BL_26784_26784_80276605_20250925_164501.pdf|
|26784|26784|80280770||BL_26784_26784_80280770_20251022_162050.pdf|
|26787|26787|80269432||BL_26787_26787_80269432_20250717_155007.pdf|
|26787|26787|80271567||BL_26787_26787_80271567_20250825_154731.pdf|
|26787|26787|80272948||BL_26787_26787_80272948_20250901_153203.pdf|
|26787|26787|80274803||BL_26787_26787_80274803_20250912_161257.pdf|
|26787|26787|80275223||BL_26787_26787_80275223_20250916_165117.pdf|
|26787|26787|80275363||BL_26787_26787_80275363_20250917_114536.pdf|
|26787|26787|80281817||BL_26787_26787_80281817_20251028_165248.pdf|
|26788|26789|80269755||BL_26788_26789_80269755_20250721_154617.pdf|
|26788|26789|80271484||BL_26788_26789_80271484_20250731_154926.pdf|
|26788|26789|80281378||BL_26788_26789_80281378_20251024_170318.pdf|
|26788|26789|80281379||BL_26788_26789_80281379_20251024_170311.pdf|
|26788|26789|80282985||BL_26788_26789_80282985_20251105_155106.pdf|
|26796|26796|80269617||BL_26796_26796_80269617_20250718_153231.pdf|
|26796|26796|80271835||BL_26796_26796_80271835_20250825_160439.pdf|
|26796|26796|80275916||BL_26796_26796_80275916_20250923_162410.pdf|
|26796|26796|80276545||BL_26796_26796_80276545_20250925_161744.pdf|
|26796|26796|80277176||BL_26796_26796_80277176_20250929_165557.pdf|
|26796|26796|80279778||BL_26796_26796_80279778_20251016_175152.pdf|
|26796|26796|80279930||BL_26796_26796_80279930_20251017_171913.pdf|
|26796|26796|80281733||BL_26796_26796_80281733_20251028_163510.pdf|
|26799|26799|80268293||BL_26799_26799_80268293_20250707_153952.pdf|
|26799|26799|80269782||BL_26799_26799_80269782_20250721_153208.pdf|
|26799|26799|80272544||BL_26799_26799_80272544_20250825_164249.pdf|
|26799|26799|80273716||BL_26799_26799_80273716_20250904_155705.pdf|
|26799|26799|80275605||BL_26799_26799_80275605_20250919_165850.pdf|
|26799|26799|80276177||BL_26799_26799_80276177_20250924_171932.pdf|
|26799|26799|80276433||BL_26799_26799_80276433_20250924_155355.pdf|
|26799|26799|80276465||BL_26799_26799_80276465_20250925_161703.pdf|
|26799|26799|80278457||BL_26799_26799_80278457_20251008_154853.pdf|
|26799|26799|80279364||BL_26799_26799_80279364_20251014_170052.pdf|
|26799|26799|80280110||BL_26799_26799_80280110_20251017_172137.pdf|
|26799|26799|80283057||BL_26799_26799_80283057_20251105_155142.pdf|
|26802|26802|80275568||BL_26802_26802_80275568_20250919_165340.pdf|
|26802|26802|80281008||BL_26802_26802_80281008_20251022_155605.pdf|
|26802|26802|80282993||BL_26802_26802_80282993_20251105_155057.pdf|
|26803|26803|80270537||BL_26803_26803_80270537_20250724_161627.pdf|
|26803|26803|80270664||BL_26803_26803_80270664_20250725_120941.pdf|
|26803|26803|80273250||BL_26803_26803_80273250_20250902_170631.pdf|
|26803|26803|80275943||BL_26803_26803_80275943_20250923_162629.pdf|
|26803|26803|80276529||BL_26803_26803_80276529_20250925_161858.pdf|
|26803|26803|80277165||BL_26803_26803_80277165_20250929_165615.pdf|
|26803|26803|80279074||BL_26803_26803_80279074_20251013_151916.pdf|
|26803|26803|80279314||BL_26803_26803_80279314_20251015_163243.pdf|
|26803|26803|80281700||BL_26803_26803_80281700_20251028_163317.pdf|
|26804|26804|80268307||BL_26804_26804_80268307_20250707_154218.pdf|
|26804|26804|80272794||BL_26804_26804_80272794_20250828_144624.pdf|
|26804|26804|80274281||BL_26804_26804_80274281_20250909_163757.pdf|
|26804|26804|80277209||BL_26804_26804_80277209_20250929_165720.pdf|
|26804|26804|80280577||BL_26804_26804_80280577_20251020_164002.pdf|
|26804|26804|80281524||BL_26804_26804_80281524_20251027_164755.pdf|
|26808|26808|80268289||BL_26808_26808_80268289_20250707_154025.pdf|
|26808|26808|80269596||BL_26808_26808_80269596_20250718_151650.pdf|
|26808|26808|80272377||BL_26808_26808_80272377_20250807_154913.pdf|
|26808|26808|80274313||BL_26808_26808_80274313_20250909_165002.pdf|
|26808|26808|80275215||BL_26808_26808_80275215_20250916_165202.pdf|
|26808|26808|80279682||BL_26808_26808_80279682_20251016_173904.pdf|
|26808|26808|80279964||BL_26808_26808_80279964_20251017_171834.pdf|
|26810|26810|80268905||BL_26810_26810_80268905_20250710_151812.pdf|
|26810|26810|80270789||BL_26810_26810_80270789_20250728_164832.pdf|
|26810|26810|80271589||BL_26810_26810_80271589_20250825_154842.pdf|
|26810|26810|80272804||BL_26810_26810_80272804_20250828_151605.pdf|
|26810|26810|80273331||BL_26810_26810_80273331_20250902_171007.pdf|
|26810|26810|80274023||BL_26810_26810_80274023_20250908_163218.pdf|
|26810|26810|80274645||BL_26810_26810_80274645_20250911_160733.pdf|
|26810|26810|80278097||BL_26810_26810_80278097_20251006_154615.pdf|
|26810|26810|80282722||BL_26810_26810_80282722_20251104_160727.pdf|
|26811|26811|80277487||BL_26811_26811_80277487_20250930_163747.pdf|
|26811|26811|80277677||BL_26811_26811_80277677_20251002_154810.pdf|
|26811|26811|80278114||BL_26811_26811_80278114_20251006_161309.pdf|
|26813|26814|80276695||BL_26813_26814_80276695_20250926_143113.pdf|
|26813|26814|80277112||BL_26813_26814_80277112_20250929_165411.pdf|
|26813|26814|80282870||BL_26813_26814_80282870_20251105_154814.pdf|
|26813|26814|80283653||BL_26813_26814_80283653_20251113_152030.pdf|
|26815|26815|80271284||BL_26815_26815_80271284_20250730_155000.pdf|
|26815|26815|80271410||BL_26815_26815_80271410_20250731_154726.pdf|
|26815|26815|80271553||BL_26815_26815_80271553_20250731_113044.pdf|
|26815|26815|80271914||BL_26815_26815_80271914_20250731_162958.pdf|
|26815|26815|80273024||BL_26815_26815_80273024_20250901_151820.pdf|
|26815|26815|80273437||BL_26815_26815_80273437_20250903_143312.pdf|
|26815|26815|80275038||BL_26815_26815_80275038_20250916_163237.pdf|
|26815|26815|80276324||BL_26815_26815_80276324_20250924_155258.pdf|
|26815|26815|80279071||BL_26815_26815_80279071_20251013_165345.pdf|
|26817|26817|80275454||BL_26817_26817_80275454_20250918_152430.pdf|
|26817|26817|80275769||BL_26817_26817_80275769_20250922_154648.pdf|
|26817|26817|80281877||BL_26817_26817_80281877_20251029_163410.pdf|
|26818|26818|80268793||BL_26818_26818_80268793_20250710_151750.pdf|
|26818|26818|80268979||BL_26818_26818_80268979_20250711_160417.pdf|
|26818|26818|80269153||BL_26818_26818_80269153_20250715_160128.pdf|
|26818|26818|80269300||BL_26818_26818_80269300_20250716_151631.pdf|
|26818|26818|80270215||BL_26818_26818_80270215_20250723_161703.pdf|
|26818|26818|80271837||BL_26818_26818_80271837_20250825_160716.pdf|
|26818|26818|80273098||BL_26818_26818_80273098_20250902_170228.pdf|
|26818|26818|80275704||BL_26818_26818_80275704_20250922_161630.pdf|
|26818|26818|80276928||BL_26818_26818_80276928_20250929_173635.pdf|
|26818|26818|80278042||BL_26818_26818_80278042_20251006_160720.pdf|
|26818|26818|80280223||BL_26818_26818_80280223_20251020_163226.pdf|
|26818|26818|80280845||BL_26818_26818_80280845_20251021_155317.pdf|
|26818|26818|80281891||BL_26818_26818_80281891_20251029_160218.pdf|
|26823|26823|80274275||BL_26823_26823_80274275_20250909_163840.pdf|
|26823|26823|80281117||BL_26823_26823_80281117_20251022_162539.pdf|
|26823|26823|80283363||BL_26823_26823_80283363_20251112_161828.pdf|
|26828|26828|80268832||BL_26828_26828_80268832_20250710_162503.pdf|
|26828|26828|80273255||BL_26828_26828_80273255_20250903_155317.pdf|
|26828|26828|80274570||BL_26828_26828_80274570_20250911_160038.pdf|
|26828|26828|80277232||BL_26828_26828_80277232_20250929_165755.pdf|
|26828|26828|80280597||BL_26828_26828_80280597_20251020_164109.pdf|
|26828|26828|80283043||BL_26828_26828_80283043_20251105_160610.pdf|
|26842|26842|80270037||BL_26842_26842_80270037_20250722_170856.pdf|
|26842|26842|80274754||BL_26842_26842_80274754_20250912_160743.pdf|
|26842|26842|80277450||BL_26842_26842_80277450_20250930_163142.pdf|
|26842|26842|80280954||BL_26842_26842_80280954_20251022_153143.pdf|
|26842|26842|80282938||BL_26842_26842_80282938_20251105_154957.pdf|
|26852|26852|80268992||BL_26852_26852_80268992_20250711_160253.pdf|
|26852|26852|80271214||BL_26852_26852_80271214_20250730_153449.pdf|
|26852|26852|80275170||BL_26852_26852_80275170_20250916_154756.pdf|
|26852|26852|80276475||BL_26852_26852_80276475_20250925_161659.pdf|
|26853|26853|80270064||BL_26853_26853_80270064_20250722_161608.pdf|
|26853|26853|80275179||BL_26853_26853_80275179_20250916_164651.pdf|
|26853|26853|80277558||BL_26853_26853_80277558_20250930_164150.pdf|
|26853|26853|80281464||BL_26853_26853_80281464_20251024_171137.pdf|
|26856|26856|80270477||BL_26856_26856_80270477_20250724_165150.pdf|
|26856|26856|80273666||BL_26856_26856_80273666_20250905_160934.pdf|
|26856|26856|80274304||BL_26856_26856_80274304_20250908_162351.pdf|
|26856|26856|80274990||BL_26856_26856_80274990_20250915_164920.pdf|
|26856|26856|80276419||BL_26856_26856_80276419_20250924_172439.pdf|
|26856|26856|80279528||BL_26856_26856_80279528_20251015_162008.pdf|
|26856|26856|80280433||BL_26856_26856_80280433_20251020_163705.pdf|
|26856|26856|80281302||BL_26856_26856_80281302_20251027_163247.pdf|
|26856|26856|80282142||BL_26856_26856_80282142_20251030_171339.pdf|
|26856|26856|80283125||BL_26856_26856_80283125_20251106_144718.pdf|
|26856|27125|80275700||BL_26856_27125_80275700_20250923_161620.pdf|
|26856|27125|80275701||BL_26856_27125_80275701_20250923_161834.pdf|
|26856|27125|80276422||BL_26856_27125_80276422_20250924_172434.pdf|
|26856|27125|80280336||BL_26856_27125_80280336_20251020_161643.pdf|
|26856|27125|80281427||BL_26856_27125_80281427_20251024_144727.pdf|
|26856|27125|80281667||BL_26856_27125_80281667_20251029_163229.pdf|
|26858|26858|80271649||BL_26858_26858_80271649_20250825_155317.pdf|
|26858|26858|80273123||BL_26858_26858_80273123_20250903_154950.pdf|
|26858|26858|80274862||BL_26858_26858_80274862_20250915_170534.pdf|
|26858|26858|80277053||BL_26858_26858_80277053_20250929_165223.pdf|
|26858|26858|80278075||BL_26858_26858_80278075_20251006_161220.pdf|
|26858|26858|80280330||BL_26858_26858_80280330_20251020_163354.pdf|
|26858|26858|80282519||BL_26858_26858_80282519_20251103_161054.pdf|
|26858|26858|80283048||BL_26858_26858_80283048_20251105_160537.pdf|
|26860|26860|80269203||BL_26860_26860_80269203_20250715_160454.pdf|
|26860|26860|80269427||BL_26860_26860_80269427_20250717_155024.pdf|
|26860|26860|80269687||BL_26860_26860_80269687_20250718_154012.pdf|
|26860|26860|80273307||BL_26860_26860_80273307_20250903_155439.pdf|
|26860|26860|80274855||BL_26860_26860_80274855_20250915_170656.pdf|
|26860|26860|80275209||BL_26860_26860_80275209_20250916_164827.pdf|
|26860|26860|80282699||BL_26860_26860_80282699_20251104_160510.pdf|
|26865|26865|80272493||BL_26865_26865_80272493_20250825_164307.pdf|
|26865|26865|80280698||BL_26865_26865_80280698_20251020_164032.pdf|
|26865|26865|80280915||BL_26865_26865_80280915_20251021_164618.pdf|
|26867|26868|80268907||BL_26867_26868_80268907_20250710_151811.pdf|
|26867|26868|80269426||BL_26867_26868_80269426_20250717_155029.pdf|
|26867|26868|80271865||BL_26867_26868_80271865_20250801_150148.pdf|
|26867|26868|80272161||BL_26867_26868_80272161_20250825_160659.pdf|
|26867|26868|80274318||BL_26867_26868_80274318_20250909_165940.pdf|
|26867|26868|80277947||BL_26867_26868_80277947_20251003_162511.pdf|
|26867|26868|80282729||BL_26867_26868_80282729_20251104_160943.pdf|
|26869|26870|80275185||BL_26869_26870_80275185_20250916_164616.pdf|
|26873|26873|80268244||BL_26873_26873_80268244_20250707_153702.pdf|
|26873|26873|80270435||BL_26873_26873_80270435_20250724_164714.pdf|
|26873|26873|80274557||BL_26873_26873_80274557_20250911_155751.pdf|
|26873|26873|80277313||BL_26873_26873_80277313_20250929_165912.pdf|
|26873|26873|80277702||BL_26873_26873_80277702_20251002_151928.pdf|
|26873|26873|80280560||BL_26873_26873_80280560_20251020_163907.pdf|
|26873|26873|80281405||BL_26873_26873_80281405_20251024_170504.pdf|
|26873|26873|80282511||BL_26873_26873_80282511_20251103_151909.pdf|
|26875|26875|80276717||BL_26875_26875_80276717_20250926_153526.pdf|
|26875|26875|80277101||BL_26875_26875_80277101_20250929_165429.pdf|
|26875|26875|80279129||BL_26875_26875_80279129_20251013_152148.pdf|
|26875|26875|80282973||BL_26875_26875_80282973_20251105_155120.pdf|
|26877|26877|80268442||BL_26877_26877_80268442_20250708_170806.pdf|
|26877|26877|80269948||BL_26877_26877_80269948_20250721_121347.pdf|
|26877|26877|80270736||BL_26877_26877_80270736_20250725_111623.pdf|
|26877|26877|80273702||BL_26877_26877_80273702_20250904_155419.pdf|
|26877|26877|80274936||BL_26877_26877_80274936_20250915_171324.pdf|
|26877|26877|80275157||BL_26877_26877_80275157_20250916_164413.pdf|
|26877|26877|80276188||BL_26877_26877_80276188_20250924_172033.pdf|
|26877|26877|80276874||BL_26877_26877_80276874_20250929_164917.pdf|
|26877|26877|80280054||BL_26877_26877_80280054_20251017_172044.pdf|
|26877|26877|80281942||BL_26877_26877_80281942_20251029_163825.pdf|
|26877|26877|80283246||BL_26877_26877_80283246_20251107_150343.pdf|
|26878|26878|80268794||BL_26878_26878_80268794_20250710_162059.pdf|
|26878|26878|80271411||BL_26878_26878_80271411_20250731_162028.pdf|
|26878|26878|80272615||BL_26878_26878_80272615_20250826_153237.pdf|
|26878|26878|80273133||BL_26878_26878_80273133_20250902_170416.pdf|
|26878|26878|80273674||BL_26878_26878_80273674_20250905_160812.pdf|
|26878|26878|80276133||BL_26878_26878_80276133_20250924_171926.pdf|
|26878|26878|80276848||BL_26878_26878_80276848_20250929_170759.pdf|
|26878|26878|80279293||BL_26878_26878_80279293_20251014_163736.pdf|
|26878|26878|80280128||BL_26878_26878_80280128_20251017_172218.pdf|
|26878|26878|80281133||BL_26878_26878_80281133_20251022_153321.pdf|
|26881|26881|80268778||BL_26881_26881_80268778_20250710_161749.pdf|
|26881|26881|80270614||BL_26881_26881_80270614_20250725_120443.pdf|
|26881|26881|80270962||BL_26881_26881_80270962_20250728_104549.pdf|
|26881|26881|80270972||BL_26881_26881_80270972_20250729_154704.pdf|
|26881|26881|80274613||BL_26881_26881_80274613_20250911_160342.pdf|
|26881|26881|80274922||BL_26881_26881_80274922_20250915_164706.pdf|
|26881|26881|80276227||BL_26881_26881_80276227_20250924_172050.pdf|
|26881|26881|80278079||BL_26881_26881_80278079_20251006_154631.pdf|
|26881|26881|80279164||BL_26881_26881_80279164_20251013_152330.pdf|
|26881|26881|80280189||BL_26881_26881_80280189_20251017_172302.pdf|
|26881|26881|80280782||BL_26881_26881_80280782_20251021_155415.pdf|
|26881|26881|80283372||BL_26881_26881_80283372_20251112_162226.pdf|
|26884|26884|80268388||BL_26884_26884_80268388_20250708_170406.pdf|
|26884|26884|80278515||BL_26884_26884_80278515_20251010_182010.pdf|
|26884|26884|80278516||BL_26884_26884_80278516_20251010_182012.pdf|
|26884|26884|80279695||BL_26884_26884_80279695_20251016_174153.pdf|
|26884|26884|80280074||BL_26884_26884_80280074_20251017_165659.pdf|
|26890|26890|80269014||BL_26890_26890_80269014_20250711_160453.pdf|
|26890|26890|80269503||BL_26890_26890_80269503_20250717_155604.pdf|
|26890|26890|80273041||BL_26890_26890_80273041_20250901_154028.pdf|
|26890|26890|80275139||BL_26890_26890_80275139_20250916_163923.pdf|
|26890|26890|80276156||BL_26890_26890_80276156_20250924_154658.pdf|
|26890|26890|80280008||BL_26890_26890_80280008_20251017_171939.pdf|
|26890|26890|80280926||BL_26890_26890_80280926_20251021_163709.pdf|
|26894|26894|80269597||BL_26894_26894_80269597_20250718_151648.pdf|
|26894|26894|80271277||BL_26894_26894_80271277_20250730_155048.pdf|
|26894|26894|80277589||BL_26894_26894_80277589_20251001_144603.pdf|
|26894|26894|80278106||BL_26894_26894_80278106_20251006_154815.pdf|
|26894|26894|80278165||BL_26894_26894_80278165_20251006_154843.pdf|
|26894|26894|80283224||BL_26894_26894_80283224_20251107_143200.pdf|
|26897|26897|80268485||BL_26897_26897_80268485_20250708_170934.pdf|
|26897|26897|80274237||BL_26897_26897_80274237_20250909_163232.pdf|
|26897|26897|80275951||BL_26897_26897_80275951_20250923_162535.pdf|
|26897|26897|80276437||BL_26897_26897_80276437_20250924_155326.pdf|
|26897|26897|80276438||BL_26897_26897_80276438_20250924_155325.pdf|
|26897|26897|80277199||BL_26897_26897_80277199_20250929_165627.pdf|
|26897|26897|80280566||BL_26897_26897_80280566_20251020_164011.pdf|
|26897|26897|80281784||BL_26897_26897_80281784_20251028_165427.pdf|
|26899|26899|80269653||BL_26899_26899_80269653_20250718_151744.pdf|
|26899|26899|80270669||BL_26899_26899_80270669_20250725_113247.pdf|
|26899|26899|80273242||BL_26899_26899_80273242_20250903_155344.pdf|
|26899|26899|80274994||BL_26899_26899_80274994_20250915_171738.pdf|
|26899|26899|80277059||BL_26899_26899_80277059_20250929_165319.pdf|
|26899|26899|80278612||BL_26899_26899_80278612_20251009_160856.pdf|
|26899|26899|80280280||BL_26899_26899_80280280_20251020_161723.pdf|
|26905|26905|80273022||BL_26905_26905_80273022_20250901_151812.pdf|
|26905|26905|80273219||BL_26905_26905_80273219_20250903_155437.pdf|
|26905|26905|80278596||BL_26905_26905_80278596_20251009_161905.pdf|
|26905|26905|80279118||BL_26905_26905_80279118_20251013_152222.pdf|
|26905|26905|80279268||BL_26905_26905_80279268_20251013_144906.pdf|
|26905|26905|80279269||BL_26905_26905_80279269_20251013_141600.pdf|
|26905|26905|80279369||BL_26905_26905_80279369_20251014_163831.pdf|
|26905|26905|80280404||BL_26905_26905_80280404_20251020_163623.pdf|
|26905|26905|80281297||BL_26905_26905_80281297_20251023_165144.pdf|
|26905|26905|80281912||BL_26905_26905_80281912_20251029_163507.pdf|
|26906|26906|80273618||BL_26906_26906_80273618_20250905_160432.pdf|
|26906|26906|80276385||BL_26906_26906_80276385_20250924_172328.pdf|
|26906|26906|80280491||BL_26906_26906_80280491_20251020_163804.pdf|
|26906|26906|80282655||BL_26906_26906_80282655_20251104_160304.pdf|
|26907|26908|80272288||BL_26907_26908_80272288_20250806_111239.pdf|
|26907|26908|80276756||BL_26907_26908_80276756_20250926_153734.pdf|
|26914|26914|80277517||BL_26914_26914_80277517_20250930_163941.pdf|
|26914|26914|80277825||BL_26914_26914_80277825_20251002_155753.pdf|
|26914|26914|80279970||BL_26914_26914_80279970_20251017_165513.pdf|
|26917|26920|80268398||BL_26917_26920_80268398_20250708_170319.pdf|
|26917|26920|80268844||BL_26917_26920_80268844_20250710_151645.pdf|
|26917|26920|80281148||BL_26917_26920_80281148_20251022_160157.pdf|
|26919|26919|80268233||BL_26919_26919_80268233_20250707_153322.pdf|
|26919|26919|80274870||BL_26919_26919_80274870_20250915_171019.pdf|
|26919|26919|80277048||BL_26919_26919_80277048_20250929_165231.pdf|
|26919|26919|80280325||BL_26919_26919_80280325_20251020_163402.pdf|
|26919|26919|80281261||BL_26919_26919_80281261_20251023_163459.pdf|
|26919|26919|80282558||BL_26919_26919_80282558_20251103_161247.pdf|
|26923|26923|80274556||BL_26923_26923_80274556_20250911_155800.pdf|
|26923|26923|80277312||BL_26923_26923_80277312_20250929_165914.pdf|
|26923|26923|80280561||BL_26923_26923_80280561_20251020_163906.pdf|
|26923|26923|80282186||BL_26923_26923_80282186_20251030_171444.pdf|
|26923|26923|80282239||BL_26923_26923_80282239_20251030_165143.pdf|
|26923|26923|80282674||BL_26923_26923_80282674_20251104_153246.pdf|
|26924|26924|80270619||BL_26924_26924_80270619_20250725_113159.pdf|
|26924|26924|80280794||BL_26924_26924_80280794_20251022_154702.pdf|
|26924|26924|80280865||BL_26924_26924_80280865_20251022_155012.pdf|
|26924|26924|80281140||BL_26924_26924_80281140_20251022_153310.pdf|
|26924|26924|80282997||BL_26924_26924_80282997_20251105_155215.pdf|
|26925|26925|80270833||BL_26925_26925_80270833_20250728_150257.pdf|
|26925|26925|80275476||BL_26925_26925_80275476_20250918_152643.pdf|
|26925|26925|80280803||BL_26925_26925_80280803_20251022_154738.pdf|
|26926|26926|80271928||BL_26926_26926_80271928_20250731_150452.pdf|
|26927|26927|80269059||BL_26927_26927_80269059_20250711_160918.pdf|
|26927|26927|80270838||BL_26927_26927_80270838_20250728_165347.pdf|
|26927|26927|80272793||BL_26927_26927_80272793_20250828_151627.pdf|
|26927|26927|80273011||BL_26927_26927_80273011_20250901_153850.pdf|
|26927|26927|80274959||BL_26927_26927_80274959_20250915_164750.pdf|
|26927|26927|80275459||BL_26927_26927_80275459_20250918_152837.pdf|
|26927|26927|80278795||BL_26927_26927_80278795_20251010_161712.pdf|
|26927|26927|80282208||BL_26927_26927_80282208_20251030_165006.pdf|
|26930|26930|80268467||BL_26930_26930_80268467_20250708_163231.pdf|
|26930|26930|80268986||BL_26930_26930_80268986_20250711_173121.pdf|
|26930|26930|80273180||BL_26930_26930_80273180_20250902_162149.pdf|
|26930|26930|80273742||BL_26930_26930_80273742_20250904_155826.pdf|
|26930|26930|80276136||BL_26930_26930_80276136_20250924_154716.pdf|
|26930|26930|80278087||BL_26930_26930_80278087_20251006_154622.pdf|
|26930|26930|80279501||BL_26930_26930_80279501_20251015_184628.pdf|
|26930|26930|80280157||BL_26930_26930_80280157_20251017_172245.pdf|
|26930|26930|80280846||BL_26930_26930_80280846_20251021_163907.pdf|
|26935|26935|80271006||BL_26935_26935_80271006_20250729_160533.pdf|
|26935|26935|80271290||BL_26935_26935_80271290_20250730_153555.pdf|
|26935|26935|80274289||BL_26935_26935_80274289_20250909_164037.pdf|
|26935|26935|80275203||BL_26935_26935_80275203_20250916_154739.pdf|
|26935|26935|80281212||BL_26935_26935_80281212_20251023_164930.pdf|
|26935|26935|80283079||BL_26935_26935_80283079_20251105_160809.pdf|
|26936|26936|80270949||BL_26936_26936_80270949_20250728_170227.pdf|
|26936|26936|80274009||BL_26936_26936_80274009_20250909_162010.pdf|
|26936|26936|80278924||BL_26936_26936_80278924_20251014_164919.pdf|
|26936|26936|80282969||BL_26936_26936_80282969_20251105_155125.pdf|
|26936|26936|80283109||BL_26936_26936_80283109_20251106_144750.pdf|
|26937|26937|80269028||BL_26937_26937_80269028_20250711_153126.pdf|
|26937|26937|80269986||BL_26937_26937_80269986_20250722_160138.pdf|
|26937|26937|80280714||BL_26937_26937_80280714_20251017_160240.pdf|
|26937|26937|80280727||BL_26937_26937_80280727_20251021_155054.pdf|
|26937|26937|80280760||BL_26937_26937_80280760_20251021_155034.pdf|
|26937|26937|80283000||BL_26937_26937_80283000_20251105_155214.pdf|
|26938|26938|80270471||BL_26938_26938_80270471_20250724_161706.pdf|
|26938|26938|80271475||BL_26938_26938_80271475_20250731_154944.pdf|
|26938|26938|80277717||BL_26938_26938_80277717_20251002_154937.pdf|
|26938|26938|80282949||BL_26938_26938_80282949_20251105_155047.pdf|
|26939|26940|80273037||BL_26939_26940_80273037_20250901_154058.pdf|
|26939|26940|80273143||BL_26939_26940_80273143_20250902_170344.pdf|
|26939|26940|80273680||BL_26939_26940_80273680_20250905_160731.pdf|
|26939|26940|80276159||BL_26939_26940_80276159_20250924_171957.pdf|
|26939|26940|80276866||BL_26939_26940_80276866_20250929_170521.pdf|
|26939|26940|80278900||BL_26939_26940_80278900_20251013_151737.pdf|
|26939|26940|80280064||BL_26939_26940_80280064_20251017_172030.pdf|
|26939|26940|80282190||BL_26939_26940_80282190_20251030_165052.pdf|
|26939|26940|80282236||BL_26939_26940_80282236_20251030_165137.pdf|
|26942|26942|80274055||BL_26942_26942_80274055_20250909_162605.pdf|
|26942|26942|80277744||BL_26942_26942_80277744_20251002_155234.pdf|
|26942|26942|80279174||BL_26942_26942_80279174_20251013_152439.pdf|
|26942|26942|80280590||BL_26942_26942_80280590_20251020_164117.pdf|
|26944|26944|80275935||BL_26944_26944_80275935_20250923_162310.pdf|
|26944|26944|80276527||BL_26944_26944_80276527_20250925_164044.pdf|
|26944|26944|80277164||BL_26944_26944_80277164_20250929_165617.pdf|
|26944|26944|80279149||BL_26944_26944_80279149_20251013_152233.pdf|
|26944|26944|80281312||BL_26944_26944_80281312_20251023_165436.pdf|
|26944|26944|80281361||BL_26944_26944_80281361_20251027_164640.pdf|
|26944|26944|80282642||BL_26944_26944_80282642_20251104_160431.pdf|
|26945|26945|80269435||BL_26945_26945_80269435_20250717_154955.pdf|
|26945|26945|80272347||BL_26945_26945_80272347_20250807_154846.pdf|
|26945|26945|80272938||BL_26945_26945_80272938_20250829_140100.pdf|
|26945|26945|80275340||BL_26945_26945_80275340_20250916_155747.pdf|
|26945|26945|80275867||BL_26945_26945_80275867_20250923_161954.pdf|
|26946|26946|80270548||BL_26946_26946_80270548_20250724_170203.pdf|
|26946|26946|80270618||BL_26946_26946_80270618_20250725_111546.pdf|
|26952|26952|80268870||BL_26952_26952_80268870_20250710_162544.pdf|
|26952|26952|80271926||BL_26952_26952_80271926_20250731_150055.pdf|
|26952|26952|80280840||BL_26952_26952_80280840_20251022_155144.pdf|
|26953|26953|80268582||BL_26953_26953_80268582_20250708_171351.pdf|
|26953|26953|80269689||BL_26953_26953_80269689_20250718_151725.pdf|
|26953|26953|80269860||BL_26953_26953_80269860_20250721_153230.pdf|
|26953|26953|80273436||BL_26953_26953_80273436_20250903_155815.pdf|
|26953|26953|80277788||BL_26953_26953_80277788_20251002_155703.pdf|
|26953|26953|80282278||BL_26953_26953_80282278_20251031_154932.pdf|
|26954|26954|80270842||BL_26954_26954_80270842_20250728_165302.pdf|
|26954|26954|80273773||BL_26954_26954_80273773_20250904_160221.pdf|
|26954|26954|80278815||BL_26954_26954_80278815_20251010_163225.pdf|
|26955|26778|80268269||BL_26955_26778_80268269_20250707_153742.pdf|
|26955|26778|80268713||BL_26955_26778_80268713_20250709_160309.pdf|
|26955|26778|80269531||BL_26955_26778_80269531_20250716_153905.pdf|
|26955|26778|80269532||BL_26955_26778_80269532_20250716_155043.pdf|
|26955|26778|80269536||BL_26955_26778_80269536_20250716_165752.pdf|
|26955|26778|80269708||BL_26955_26778_80269708_20250718_154146.pdf|
|26955|26778|80271630||BL_26955_26778_80271630_20250825_164005.pdf|
|26955|26778|80276777||BL_26955_26778_80276777_20250926_153932.pdf|
|26955|26778|80279379||BL_26955_26778_80279379_20251014_170001.pdf|
|26955|26778|80280625||BL_26955_26778_80280625_20251017_172421.pdf|
|26955|26778|80281473||BL_26955_26778_80281473_20251024_171033.pdf|
|26956|26956|80277738||BL_26956_26956_80277738_20251002_155322.pdf|
|26956|26956|80279512||BL_26956_26956_80279512_20251015_162034.pdf|
|26956|26956|80279925||BL_26956_26956_80279925_20251017_171752.pdf|
|26957|26957|80268824||BL_26957_26957_80268824_20250710_162144.pdf|
|26957|26957|80273020||BL_26957_26957_80273020_20250901_153811.pdf|
|26957|26957|80273645||BL_26957_26957_80273645_20250904_154755.pdf|
|26957|26957|80274117||BL_26957_26957_80274117_20250905_162300.pdf|
|26957|26957|80274300||BL_26957_26957_80274300_20250908_162346.pdf|
|26957|26957|80274955||BL_26957_26957_80274955_20250915_164757.pdf|
|26957|26957|80276390||BL_26957_26957_80276390_20250924_172320.pdf|
|26957|26957|80278608||BL_26957_26957_80278608_20251009_160825.pdf|
|26957|26957|80278676||BL_26957_26957_80278676_20251013_151710.pdf|
|26957|26957|80280493||BL_26957_26957_80280493_20251020_163801.pdf|
|26958|26958|80270718||BL_26958_26958_80270718_20250725_121235.pdf|
|26958|26958|80271968||BL_26958_26958_80271968_20250801_114301.pdf|
|26958|26958|80275792||BL_26958_26958_80275792_20250922_162349.pdf|
|26959|26959|80273445||BL_26959_26959_80273445_20250903_160103.pdf|
|26959|26959|80274119||BL_26959_26959_80274119_20250908_160228.pdf|
|26959|26959|80276320||BL_26959_26959_80276320_20250924_155305.pdf|
|26959|26959|80277787||BL_26959_26959_80277787_20251002_155706.pdf|
|26959|26959|80278287||BL_26959_26959_80278287_20251007_154834.pdf|
|26963|26963|80273772||BL_26963_26963_80273772_20250904_160226.pdf|
|26963|26963|80282084||BL_26963_26963_80282084_20251030_170455.pdf|
|26965|26965|80271465||BL_26965_26965_80271465_20250731_154813.pdf|
|26965|26965|80271979||BL_26965_26965_80271979_20250804_160210.pdf|
|26965|26965|80276750||BL_26965_26965_80276750_20250926_153826.pdf|
|26965|26965|80281818||BL_26965_26965_80281818_20251028_165242.pdf|
|26972|26973|80269363||BL_26972_26973_80269363_20250715_151737.pdf|
|26972|26973|80274074||BL_26972_26973_80274074_20250909_162406.pdf|
|26972|26973|80281523||BL_26972_26973_80281523_20251027_164803.pdf|
|26974|26974|80270497||BL_26974_26974_80270497_20250724_165353.pdf|
|26975|26975|80269761||BL_26975_26975_80269761_20250721_154638.pdf|
|26975|26975|80271732||BL_26975_26975_80271732_20250825_155655.pdf|
|26975|26975|80275945||BL_26975_26975_80275945_20250923_162607.pdf|
|26975|26975|80276184||BL_26975_26975_80276184_20250924_154950.pdf|
|26975|26975|80280104||BL_26975_26975_80280104_20251017_172145.pdf|
|26975|26975|80281271||BL_26975_26975_80281271_20251023_163347.pdf|
|26977|26978|80270416||BL_26977_26978_80270416_20250723_162630.pdf|
|26977|26978|80271819||BL_26977_26978_80271819_20250825_160608.pdf|
|26977|26978|80271878||BL_26977_26978_80271878_20250801_153123.pdf|
|26977|26978|80272618||BL_26977_26978_80272618_20250826_153228.pdf|
|26977|26978|80272971||BL_26977_26978_80272971_20250901_151708.pdf|
|26977|26978|80273168||BL_26977_26978_80273168_20250902_161717.pdf|
|26977|26978|80273737||BL_26977_26978_80273737_20250904_155911.pdf|
|26977|26978|80275561||BL_26977_26978_80275561_20250919_164902.pdf|
|26977|26978|80275730||BL_26977_26978_80275730_20250922_154721.pdf|
|26977|26978|80276158||BL_26977_26978_80276158_20250924_154656.pdf|
|26977|26978|80278757||BL_26977_26978_80278757_20251010_160142.pdf|
|26977|26978|80279052||BL_26977_26978_80279052_20251013_165519.pdf|
|26977|26978|80279301||BL_26977_26978_80279301_20251014_163516.pdf|
|26977|26978|80279541||BL_26977_26978_80279541_20251015_160348.pdf|
|26977|26978|80280144||BL_26977_26978_80280144_20251017_172157.pdf|
|26984|26984|80268296||BL_26984_26984_80268296_20250707_150218.pdf|
|26984|26984|80268536||BL_26984_26984_80268536_20250708_171257.pdf|
|26984|26984|80272378||BL_26984_26984_80272378_20250807_154911.pdf|
|26984|26984|80274008||BL_26984_26984_80274008_20250909_162014.pdf|
|26984|26984|80274315||BL_26984_26984_80274315_20250909_163940.pdf|
|26984|26984|80278827||BL_26984_26984_80278827_20251010_160922.pdf|
|26984|26984|80279260||BL_26984_26984_80279260_20251014_163816.pdf|
|26984|26984|80279637||BL_26984_26984_80279637_20251015_130106.pdf|
|26984|26984|80279673||BL_26984_26984_80279673_20251016_103047.pdf|
|26984|26984|80280615||BL_26984_26984_80280615_20251017_172419.pdf|
|26984|26984|80280826||BL_26984_26984_80280826_20251022_154849.pdf|
|26985|26985|80270437||BL_26985_26985_80270437_20250724_165119.pdf|
|26985|26985|80271477||BL_26985_26985_80271477_20250731_154940.pdf|
|26985|26985|80273670||BL_26985_26985_80273670_20250905_160849.pdf|
|26985|26985|80276410||BL_26985_26985_80276410_20250924_172400.pdf|
|26985|26985|80280430||BL_26985_26985_80280430_20251020_163700.pdf|
|26985|26985|80283578||BL_26985_26985_80283578_20251113_155124.pdf|
|26988|26988|80268878||BL_26988_26988_80268878_20250710_162852.pdf|
|26988|26988|80271009||BL_26988_26988_80271009_20250729_160522.pdf|
|26988|26988|80271293||BL_26988_26988_80271293_20250730_154947.pdf|
|26988|26988|80272405||BL_26988_26988_80272405_20250825_160628.pdf|
|26988|26988|80274977||BL_26988_26988_80274977_20250916_163246.pdf|
|26988|26988|80275635||BL_26988_26988_80275635_20250919_170039.pdf|
|26988|26988|80275773||BL_26988_26988_80275773_20250922_162156.pdf|
|26988|26988|80278493||BL_26988_26988_80278493_20251008_155028.pdf|
|26988|26988|80279680||BL_26988_26988_80279680_20251016_173923.pdf|
|26988|26988|80280825||BL_26988_26988_80280825_20251021_163507.pdf|
|26988|26988|80283237||BL_26988_26988_80283237_20251107_143153.pdf|
|26990|26990|80268726||BL_26990_26990_80268726_20250710_164650.pdf|
|26990|26990|80268769||BL_26990_26990_80268769_20250710_164809.pdf|
|26990|26990|80270716||BL_26990_26990_80270716_20250725_121238.pdf|
|26990|26990|80271541||BL_26990_26990_80271541_20250731_155020.pdf|
|26990|26990|80272046||BL_26990_26990_80272046_20250804_160444.pdf|
|26990|26990|80274092||BL_26990_26990_80274092_20250909_162759.pdf|
|26990|26990|80279688||BL_26990_26990_80279688_20251016_173805.pdf|
|26990|26990|80283231||BL_26990_26990_80283231_20251107_103040.pdf|
|26990|26990|80283315||BL_26990_26990_80283315_20251107_150508.pdf|
|26990|26990|80283316||BL_26990_26990_80283316_20251107_150511.pdf|
|26992|26992|80270195||BL_26992_26992_80270195_20250725_120307.pdf|
|26992|26992|80270196||BL_26992_26992_80270196_20250725_114555.pdf|
|26992|26992|80271396||BL_26992_26992_80271396_20250731_154739.pdf|
|26992|26992|80271886||BL_26992_26992_80271886_20250801_153517.pdf|
|26992|26992|80271966||BL_26992_26992_80271966_20250801_150329.pdf|
|26992|26992|80272358||BL_26992_26992_80272358_20250807_154826.pdf|
|26992|26992|80275341||BL_26992_26992_80275341_20250916_155626.pdf|
|26992|26992|80281961||BL_26992_26992_80281961_20251029_164142.pdf|
|26998|26999|80271273||BL_26998_26999_80271273_20250730_153620.pdf|
|26998|26999|80271962||BL_26998_26999_80271962_20250801_150315.pdf|
|26998|26999|80272335||BL_26998_26999_80272335_20250807_154742.pdf|
|26998|26999|80273757||BL_26998_26999_80273757_20250904_160014.pdf|
|26998|26999|80274895||BL_26998_26999_80274895_20250915_171159.pdf|
|26998|26999|80278115||BL_26998_26999_80278115_20251006_161306.pdf|
|26998|26999|80281242||BL_26998_26999_80281242_20251023_165106.pdf|
|26998|26999|80281984||BL_26998_26999_80281984_20251029_164336.pdf|
|27000|27000|80274381||BL_27000_27000_80274381_20250912_164704.pdf|
|27000|27000|80274382||BL_27000_27000_80274382_20250912_164706.pdf|
|27000|27000|80275147||BL_27000_27000_80275147_20250916_154636.pdf|
|27000|27000|80275447||BL_27000_27000_80275447_20250918_152519.pdf|
|27000|27000|80275965||BL_27000_27000_80275965_20250923_160231.pdf|
|27000|27000|80276405||BL_27000_27000_80276405_20250924_172404.pdf|
|27000|27000|80279534||BL_27000_27000_80279534_20251015_160356.pdf|
|27000|27000|80280486||BL_27000_27000_80280486_20251020_163820.pdf|
|27000|27000|80281479||BL_27000_27000_80281479_20251024_171029.pdf|
|27002|27002|80268746||BL_27002_27002_80268746_20250709_165139.pdf|
|27002|27002|80268988||BL_27002_27002_80268988_20250711_153102.pdf|
|27002|27002|80269207||BL_27002_27002_80269207_20250715_160441.pdf|
|27002|27002|80269248||BL_27002_27002_80269248_20250715_084810.pdf|
|27002|27002|80272657||BL_27002_27002_80272657_20250826_153313.pdf|
|27002|27002|80273725||BL_27002_27002_80273725_20250904_155527.pdf|
|27002|27002|80273896||BL_27002_27002_80273896_20250905_161740.pdf|
|27002|27002|80276178||BL_27002_27002_80276178_20250924_172018.pdf|
|27002|27002|80277600||BL_27002_27002_80277600_20250930_133412.pdf|
|27002|27002|80277642||BL_27002_27002_80277642_20250930_150700.pdf|
|27002|27002|80279500||BL_27002_27002_80279500_20251015_163600.pdf|
|27002|27002|80280119||BL_27002_27002_80280119_20251017_172125.pdf|
|27003|27003|80268767||BL_27003_27003_80268767_20250710_164805.pdf|
|27003|27003|80268768||BL_27003_27003_80268768_20250710_164808.pdf|
|27003|27003|80269109||BL_27003_27003_80269109_20250711_161108.pdf|
|27003|27003|80270812||BL_27003_27003_80270812_20250728_150142.pdf|
|27003|27003|80271544||BL_27003_27003_80271544_20250731_155012.pdf|
|27003|27003|80272209||BL_27003_27003_80272209_20250805_154658.pdf|
|27003|27003|80278117||BL_27003_27003_80278117_20251006_154832.pdf|
|27003|27003|80278459||BL_27003_27003_80278459_20251008_154849.pdf|
|27003|27003|80278494||BL_27003_27003_80278494_20251008_155030.pdf|
|27003|27003|80281983||BL_27003_27003_80281983_20251029_164351.pdf|
|27003|27003|80282523||BL_27003_27003_80282523_20251031_163116.pdf|
|27005|27005|80270522||BL_27005_27005_80270522_20250724_170021.pdf|
|27005|27005|80274573||BL_27005_27005_80274573_20250911_160013.pdf|
|27005|27005|80277234||BL_27005_27005_80277234_20250929_165751.pdf|
|27005|27005|80280599||BL_27005_27005_80280599_20251020_164106.pdf|
|27005|27005|80281814||BL_27005_27005_80281814_20251028_165256.pdf|
|27005|27005|80282172||BL_27005_27005_80282172_20251030_174757.pdf|
|27008|27008|80268886||BL_27008_27008_80268886_20250710_162803.pdf|
|27008|27008|80269875||BL_27008_27008_80269875_20250718_152817.pdf|
|27008|27008|80272029||BL_27008_27008_80272029_20250804_160350.pdf|
|27008|27008|80272313||BL_27008_27008_80272313_20250806_145230.pdf|
|27008|27008|80274233||BL_27008_27008_80274233_20250909_164737.pdf|
|27008|27008|80282515||BL_27008_27008_80282515_20251103_161109.pdf|
|27009|27009|80278019||BL_27009_27009_80278019_20251006_160830.pdf|
|27009|27009|80278020||BL_27009_27009_80278020_20251006_160754.pdf|
|27009|27009|80279250||BL_27009_27009_80279250_20251017_173109.pdf|
|27009|27009|80282113||BL_27009_27009_80282113_20251030_164858.pdf|
|27009|27009|80283559||BL_27009_27009_80283559_20251113_151622.pdf|
|27010|27011|80268477||BL_27010_27011_80268477_20250708_163218.pdf|
|27010|27011|80270924||BL_27010_27011_80270924_20250728_150337.pdf|
|27010|27011|80277697||BL_27010_27011_80277697_20251002_154747.pdf|
|27010|27011|80279702||BL_27010_27011_80279702_20251016_174052.pdf|
|27010|27011|80281135||BL_27010_27011_80281135_20251022_153317.pdf|
|27010|27011|80282229||BL_27010_27011_80282229_20251030_090652.pdf|
|27010|27011|80282948||BL_27010_27011_80282948_20251105_155049.pdf|
|27015|27015|80268753||BL_27015_27015_80268753_20250709_113507.pdf|
|27015|27015|80273594||BL_27015_27015_80273594_20250903_160809.pdf|
|27015|27015|80278214||BL_27015_27015_80278214_20251007_154655.pdf|
|27015|27015|80279328||BL_27015_27015_80279328_20251013_145357.pdf|
|27016|27016|80271438||BL_27016_27016_80271438_20250731_154902.pdf|
|27016|27016|80275787||BL_27016_27016_80275787_20250922_162433.pdf|
|27016|27016|80277132||BL_27016_27016_80277132_20250929_165449.pdf|
|27016|27016|80279105||BL_27016_27016_80279105_20251013_152109.pdf|
|27016|27016|80280351||BL_27016_27016_80280351_20251020_163507.pdf|
|27016|27016|80281516||BL_27016_27016_80281516_20251027_164824.pdf|
|27016|27016|80281989||BL_27016_27016_80281989_20251029_160232.pdf|
|27019|27019|80269294||BL_27019_27019_80269294_20250716_170158.pdf|
|27019|27019|80269295||BL_27019_27019_80269295_20250716_170207.pdf|
|27019|27019|80274533||BL_27019_27019_80274533_20250911_155116.pdf|
|27019|27019|80277310||BL_27019_27019_80277310_20250929_165917.pdf|
|27019|27019|80279774||BL_27019_27019_80279774_20251016_175227.pdf|
|27019|27019|80279929||BL_27019_27019_80279929_20251017_171915.pdf|
|27019|27019|80280519||BL_27019_27019_80280519_20251020_163904.pdf|
|27020|27021|80269423||BL_27020_27021_80269423_20250717_153240.pdf|
|27020|27021|80269693||BL_27020_27021_80269693_20250718_151722.pdf|
|27020|27021|80269895||BL_27020_27021_80269895_20250721_160845.pdf|
|27020|27021|80269896||BL_27020_27021_80269896_20250721_160844.pdf|
|27020|27021|80275473||BL_27020_27021_80275473_20250918_152714.pdf|
|27020|27021|80275983||BL_27020_27021_80275983_20250923_162733.pdf|
|27020|27021|80282112||BL_27020_27021_80282112_20251030_171138.pdf|
|27028|27028|80279539||BL_27028_27028_80279539_20251015_160354.pdf|
|27029|27029|80269367||BL_27029_27029_80269367_20250716_163542.pdf|
|27029|27029|80269947||BL_27029_27029_80269947_20250721_120210.pdf|
|27029|27029|80270555||BL_27029_27029_80270555_20250724_170142.pdf|
|27029|27029|80274080||BL_27029_27029_80274080_20250909_162357.pdf|
|27029|27029|80275238||BL_27029_27029_80275238_20250916_154709.pdf|
|27029|27029|80277250||BL_27029_27029_80277250_20250929_171424.pdf|
|27029|27029|80279044||BL_27029_27029_80279044_20251014_165436.pdf|
|27029|27029|80280413||BL_27029_27029_80280413_20251020_163550.pdf|
|27029|27029|80282199||BL_27029_27029_80282199_20251030_171624.pdf|
|27029|27029|80282525||BL_27029_27029_80282525_20251103_091535.pdf|
|27029|27029|80282616||BL_27029_27029_80282616_20251103_151807.pdf|
|27030|27030|80277540||BL_27030_27030_80277540_20251002_151747.pdf|
|27030|27030|80277601||BL_27030_27030_80277601_20251002_151750.pdf|
|27030|27030|80282942||BL_27030_27030_80282942_20251105_160516.pdf|
|27030|27030|80283263||BL_27030_27030_80283263_20251107_143112.pdf|
|27031|27031|80268382||BL_27031_27031_80268382_20250715_171702.pdf|
|27031|27031|80268383||BL_27031_27031_80268383_20250715_170211.pdf|
|27031|27031|80270084||BL_27031_27031_80270084_20250722_170936.pdf|
|27031|27031|80270672||BL_27031_27031_80270672_20250725_113240.pdf|
|27031|27031|80274493||BL_27031_27031_80274493_20250911_162737.pdf|
|27031|27031|80276559||BL_27031_27031_80276559_20250925_163923.pdf|
|27031|27031|80277318||BL_27031_27031_80277318_20250929_165949.pdf|
|27031|27031|80278470||BL_27031_27031_80278470_20251007_161230.pdf|
|27031|27031|80279363||BL_27031_27031_80279363_20251014_170059.pdf|
|27031|27031|80280529||BL_27031_27031_80280529_20251020_161904.pdf|
|27034|27034|80270165||BL_27034_27034_80270165_20250722_161711.pdf|
|27036|27036|80268559||BL_27036_27036_80268559_20250708_171146.pdf|
|27036|27036|80273386||BL_27036_27036_80273386_20250903_151602.pdf|
|27038|27038|80268929||BL_27038_27038_80268929_20250710_162917.pdf|
|27038|27038|80269212||BL_27038_27038_80269212_20250715_160751.pdf|
|27038|27038|80270676||BL_27038_27038_80270676_20250725_120854.pdf|
|27038|27038|80271134||BL_27038_27038_80271134_20250729_141433.pdf|
|27038|27038|80271547||BL_27038_27038_80271547_20250731_154958.pdf|
|27038|27038|80272036||BL_27038_27038_80272036_20250804_160339.pdf|
|27038|27038|80275617||BL_27038_27038_80275617_20250919_165746.pdf|
|27038|27038|80279389||BL_27038_27038_80279389_20251014_170323.pdf|
|27040|27040|80268263||BL_27040_27040_80268263_20250707_153830.pdf|
|27040|27040|80268535||BL_27040_27040_80268535_20250708_171305.pdf|
|27040|27040|80269868||BL_27040_27040_80269868_20250721_160907.pdf|
|27040|27040|80270170||BL_27040_27040_80270170_20250722_171420.pdf|
|27040|27040|80270500||BL_27040_27040_80270500_20250724_165831.pdf|
|27040|27040|80272826||BL_27040_27040_80272826_20250828_144658.pdf|
|27040|27040|80275478||BL_27040_27040_80275478_20250918_153017.pdf|
|27040|27040|80278814||BL_27040_27040_80278814_20251010_161030.pdf|
|27040|27040|80280986||BL_27040_27040_80280986_20251023_163247.pdf|
|27040|27040|80282300||BL_27040_27040_80282300_20251031_154623.pdf|
|27040|27040|80283851||BL_27040_27040_80283851_20251113_163306.pdf|
|27041|27041|80277413||BL_27041_27041_80277413_20251002_151651.pdf|
|27041|27041|80277414||BL_27041_27041_80277414_20251002_151654.pdf|
|27041|27041|80279523||BL_27041_27041_80279523_20251015_160235.pdf|
|27041|27041|80282921||BL_27041_27041_80282921_20251105_160204.pdf|
|27042|27042|80278864||BL_27042_27042_80278864_20251014_170543.pdf|
|27042|27042|80278865||BL_27042_27042_80278865_20251014_170546.pdf|
|27042|27042|80282981||BL_27042_27042_80282981_20251105_160453.pdf|
|27043|27043|80268476||BL_27043_27043_80268476_20250708_160337.pdf|
|27043|27043|80271681||BL_27043_27043_80271681_20250825_155401.pdf|
|27043|27043|80273714||BL_27043_27043_80273714_20250904_155751.pdf|
|27043|27043|80275137||BL_27043_27043_80275137_20250916_163941.pdf|
|27043|27043|80275236||BL_27043_27043_80275236_20250916_154712.pdf|
|27043|27043|80276201||BL_27043_27043_80276201_20250924_172004.pdf|
|27043|27043|80277745||BL_27043_27043_80277745_20251002_151845.pdf|
|27043|27043|80279208||BL_27043_27043_80279208_20251013_152500.pdf|
|27043|27043|80280007||BL_27043_27043_80280007_20251017_171940.pdf|
|27043|27043|80280924||BL_27043_27043_80280924_20251021_163734.pdf|
|27043|27043|80281146||BL_27043_27043_80281146_20251022_153351.pdf|
|27043|27043|80283576||BL_27043_27043_80283576_20251113_155131.pdf|
|27044|27044|80269428||BL_27044_27044_80269428_20250717_180446.pdf|
|27044|27044|80269820||BL_27044_27044_80269820_20250721_160802.pdf|
|27044|27044|80270174||BL_27044_27044_80270174_20250722_161729.pdf|
|27044|27044|80270175||BL_27044_27044_80270175_20250722_161732.pdf|
|27044|27096|80270837||BL_27044_27096_80270837_20250728_165353.pdf|
|27044|27096|80272136||BL_27044_27096_80272136_20250805_160251.pdf|
|27044|27096|80272208||BL_27044_27096_80272208_20250805_154702.pdf|
|27044|27096|80272294||BL_27044_27096_80272294_20250806_122657.pdf|
|27044|27096|80272966||BL_27044_27096_80272966_20250901_153428.pdf|
|27044|27096|80274978||BL_27044_27096_80274978_20250915_171757.pdf|
|27044|27096|80278295||BL_27044_27096_80278295_20251007_154912.pdf|
|27044|27096|80279687||BL_27044_27096_80279687_20251016_173809.pdf|
|27046|27047|80273448||BL_27046_27047_80273448_20250904_165149.pdf|
|27046|27047|80273449||BL_27046_27047_80273449_20250904_165152.pdf|
|27046|27047|80281831||BL_27046_27047_80281831_20251028_165529.pdf|
|27048|27049|80269902||BL_27048_27049_80269902_20250721_153248.pdf|
|27048|27049|80270335||BL_27048_27049_80270335_20250723_162347.pdf|
|27048|27049|80277941||BL_27048_27049_80277941_20251003_162156.pdf|
|27048|27049|80279387||BL_27048_27049_80279387_20251014_164032.pdf|
|27048|27049|80279987||BL_27048_27049_80279987_20251017_163706.pdf|
|27048|27049|80279988||BL_27048_27049_80279988_20251017_163725.pdf|
|27050|27050|80270173||BL_27050_27050_80270173_20250722_161723.pdf|
|27050|27050|80277939||BL_27050_27050_80277939_20251003_162206.pdf|
|27050|27050|80279402||BL_27050_27050_80279402_20251014_170204.pdf|
|27050|27050|80281480||BL_27050_27050_80281480_20251024_171016.pdf|
|27051|27051|80267251||BL_27051_27051_80267251_20250707_151557.pdf|
|27051|27051|80267252||BL_27051_27051_80267252_20250707_151643.pdf|
|27051|27051|80270176||BL_27051_27051_80270176_20250722_171413.pdf|
|27051|27051|80277937||BL_27051_27051_80277937_20251003_162218.pdf|
|27051|27051|80277993||BL_27051_27051_80277993_20251003_162543.pdf|
|27051|27051|80279397||BL_27051_27051_80279397_20251014_170229.pdf|
|27051|27051|80281030||BL_27051_27051_80281030_20251022_155811.pdf|
|27052|27052|80267866||BL_27052_27052_80267866_20250707_151752.pdf|
|27052|27052|80270067||BL_27052_27052_80270067_20250722_171010.pdf|
|27052|27052|80271545||BL_27052_27052_80271545_20250731_155004.pdf|
|27052|27052|80272210||BL_27052_27052_80272210_20250805_154654.pdf|
|27052|27052|80272360||BL_27052_27052_80272360_20250807_154820.pdf|
|27052|27052|80277486||BL_27052_27052_80277486_20250930_163805.pdf|
|27052|27052|80282086||BL_27052_27052_80282086_20251030_170439.pdf|
|27054|27054|80272205||BL_27054_27054_80272205_20250805_154708.pdf|
|27056|27057|80269660||BL_27056_27057_80269660_20250718_153905.pdf|
|27056|27057|80269789||BL_27056_27057_80269789_20250721_160617.pdf|
|27056|27057|80270506||BL_27056_27057_80270506_20250724_165739.pdf|
|27056|27057|80272251||BL_27056_27057_80272251_20250806_154619.pdf|
|27056|27057|80272653||BL_27056_27057_80272653_20250826_153329.pdf|
|27056|27057|80273675||BL_27056_27057_80273675_20250904_155207.pdf|
|27056|27057|80274134||BL_27056_27057_80274134_20250908_163528.pdf|
|27056|27057|80275232||BL_27056_27057_80275232_20250916_154723.pdf|
|27056|27057|80276145||BL_27056_27057_80276145_20250924_171913.pdf|
|27056|27057|80279747||BL_27056_27057_80279747_20251016_174853.pdf|
|27056|27057|80280021||BL_27056_27057_80280021_20251017_171918.pdf|
|27056|27057|80283054||BL_27056_27057_80283054_20251105_160943.pdf|
|27056|27057|80283330||BL_27056_27057_80283330_20251112_161630.pdf|
|27061|27061|80269422||BL_27061_27061_80269422_20250717_154648.pdf|
|27061|27061|80270339||BL_27061_27061_80270339_20250723_162337.pdf|
|27061|27061|80271932||BL_27061_27061_80271932_20250731_163829.pdf|
|27061|27061|80278108||BL_27061_27061_80278108_20251006_161402.pdf|
|27061|27061|80283075||BL_27061_27061_80283075_20251105_160821.pdf|
|27062|27062|80267389||BL_27062_27062_80267389_20250707_151725.pdf|
|27062|27062|80267390||BL_27062_27062_80267390_20250707_151727.pdf|
|27062|27062|80270177||BL_27062_27062_80270177_20250722_161736.pdf|
|27062|27062|80277940||BL_27062_27062_80277940_20251003_162201.pdf|
|27062|27062|80279388||BL_27062_27062_80279388_20251014_164036.pdf|
|27065|27065|80274383||BL_27065_27065_80274383_20250915_143154.pdf|
|27065|27065|80274384||BL_27065_27065_80274384_20250915_143157.pdf|
|27065|27065|80276406||BL_27065_27065_80276406_20250924_155411.pdf|
|27065|27065|80278611||BL_27065_27065_80278611_20251009_154701.pdf|
|27065|27065|80278707||BL_27065_27065_80278707_20251009_154725.pdf|
|27065|27065|80279518||BL_27065_27065_80279518_20251015_160245.pdf|
|27065|27065|80280485||BL_27065_27065_80280485_20251020_161914.pdf|
|27065|27065|80282228||BL_27065_27065_80282228_20251030_090424.pdf|
|27065|27065|80283504||BL_27065_27065_80283504_20251113_154820.pdf|
|27065|27065|80283645||BL_27065_27065_80283645_20251113_151856.pdf|
|27067|27067|80269296||BL_27067_27067_80269296_20250721_174653.pdf|
|27067|27067|80269297||BL_27067_27067_80269297_20250721_171607.pdf|
|27067|27067|80269433||BL_27067_27067_80269433_20250717_154956.pdf|
|27067|27067|80270327||BL_27067_27067_80270327_20250724_164629.pdf|
|27067|27067|80270778||BL_27067_27067_80270778_20250728_164914.pdf|
|27067|27067|80271135||BL_27067_27067_80271135_20250729_141831.pdf|
|27067|27067|80271282||BL_27067_27067_80271282_20250730_153609.pdf|
|27067|27067|80272250||BL_27067_27067_80272250_20250806_151648.pdf|
|27067|27067|80274247||BL_27067_27067_80274247_20250909_163149.pdf|
|27067|27067|80277507||BL_27067_27067_80277507_20250930_164012.pdf|
|27067|27067|80277676||BL_27067_27067_80277676_20251002_154813.pdf|
|27067|27067|80281185||BL_27067_27067_80281185_20251023_164637.pdf|
|27068|27069|80268558||BL_27068_27069_80268558_20250709_173158.pdf|
|27068|27069|80268614||BL_27068_27069_80268614_20250709_170258.pdf|
|27068|27069|80269600||BL_27068_27069_80269600_20250718_151646.pdf|
|27068|27069|80272353||BL_27068_27069_80272353_20250807_154836.pdf|
|27068|27069|80275484||BL_27068_27069_80275484_20250918_153001.pdf|
|27068|27069|80280688||BL_27068_27069_80280688_20251021_163333.pdf|
|27068|27069|80283850||BL_27068_27069_80283850_20251113_162333.pdf|
|27070|27070|80270499||BL_27070_27070_80270499_20250724_165913.pdf|
|27070|27070|80273681||BL_27070_27070_80273681_20250905_161240.pdf|
|27070|27070|80274034||BL_27070_27070_80274034_20250908_161910.pdf|
|27070|27070|80274972||BL_27070_27070_80274972_20250915_164840.pdf|
|27070|27070|80277218||BL_27070_27070_80277218_20250929_165705.pdf|
|27070|27070|80280587||BL_27070_27070_80280587_20251020_163947.pdf|
|27070|27070|80280682||BL_27070_27070_80280682_20251021_163350.pdf|
|27070|27070|80280909||BL_27070_27070_80280909_20251021_164624.pdf|
|27071|27072|80281156||BL_27071_27072_80281156_20251021_152224.pdf|
|27071|27072|80283095||BL_27071_27072_80283095_20251106_130202.pdf|
|27071|27072|80283096||BL_27071_27072_80283096_20251106_130301.pdf|
|27074|27075|80268784||BL_27074_27075_80268784_20250710_161811.pdf|
|27074|27075|80279885||BL_27074_27075_80279885_20251020_180450.pdf|
|27074|27075|80283052||BL_27074_27075_80283052_20251105_113116.pdf|
|27074|27075|80283053||BL_27074_27075_80283053_20251105_113139.pdf|
|27074|27075|80283284||BL_27074_27075_80283284_20251107_093040.pdf|
|27080|27080|80276805||BL_27080_27080_80276805_20250929_173937.pdf|
|27080|27080|80276806||BL_27080_27080_80276806_20250929_172151.pdf|
|27080|27080|80279531||BL_27080_27080_80279531_20251015_160405.pdf|
|27080|27080|80280338||BL_27080_27080_80280338_20251020_180247.pdf|
|27080|27080|80281597||BL_27080_27080_80281597_20251027_163701.pdf|
|27081|27081|80269884||BL_27081_27081_80269884_20250728_170542.pdf|
|27081|27081|80269885||BL_27081_27081_80269885_20250728_170545.pdf|
|27081|27081|80271093||BL_27081_27081_80271093_20250729_154715.pdf|
|27081|27081|80271551||BL_27081_27081_80271551_20250731_113042.pdf|
|27081|27081|80271913||BL_27081_27081_80271913_20250801_150247.pdf|
|27081|27081|80273329||BL_27081_27081_80273329_20250902_171011.pdf|
|27081|27081|80274623||BL_27081_27081_80274623_20250911_160618.pdf|
|27081|27081|80274666||BL_27081_27081_80274666_20250911_111542.pdf|
|27081|27081|80275649||BL_27081_27081_80275649_20250918_160204.pdf|
|27081|27081|80275758||BL_27081_27081_80275758_20250919_163125.pdf|
|27081|27081|80275881||BL_27081_27081_80275881_20250922_153059.pdf|
|27081|27081|80276766||BL_27081_27081_80276766_20250925_154606.pdf|
|27081|27081|80277815||BL_27081_27081_80277815_20251002_151949.pdf|
|27081|27081|80281558||BL_27081_27081_80281558_20251027_165054.pdf|
|27082|27082|80276020||BL_27082_27082_80276020_20250925_170358.pdf|
|27082|27082|80276021||BL_27082_27082_80276021_20250925_170400.pdf|
|27088|27088|80270585||BL_27088_27088_80270585_20250728_175018.pdf|
|27088|27088|80270586||BL_27088_27088_80270586_20250728_170555.pdf|
|27088|27088|80270653||BL_27088_27088_80270653_20250724_161751.pdf|
|27088|27088|80271491||BL_27088_27088_80271491_20250731_154919.pdf|
|27088|27088|80272790||BL_27088_27088_80272790_20250828_151641.pdf|
|27088|27088|80274037||BL_27088_27088_80274037_20250909_162305.pdf|
|27088|27088|80281392||BL_27088_27088_80281392_20251024_170650.pdf|
|27088|27088|80281919||BL_27088_27088_80281919_20251029_163958.pdf|
|27088|27088|80282061||BL_27088_27088_80282061_20251030_170216.pdf|
|27088|27088|80282930||BL_27088_27088_80282930_20251105_155007.pdf|
|27088|27088|80283276||BL_27088_27088_80283276_20251107_150506.pdf|
|27090|27090|80270725||BL_27090_27090_80270725_20250730_174712.pdf|
|27090|27090|80271075||BL_27090_27090_80271075_20250730_174953.pdf|
|27090|27090|80278196||BL_27090_27090_80278196_20251007_160311.pdf|
|27090|27090|80278567||BL_27090_27090_80278567_20251009_154640.pdf|
|27090|27090|80282141||BL_27090_27090_80282141_20251030_171346.pdf|
|27090|27090|80282565||BL_27090_27090_80282565_20251103_161203.pdf|
|27090|27090|80282980||BL_27090_27090_80282980_20251105_155111.pdf|
|27091|27091|80272287||BL_27091_27091_80272287_20250902_164833.pdf|
|27091|27091|80272830||BL_27091_27091_80272830_20250828_144651.pdf|
|27091|27091|80273373||BL_27091_27091_80273373_20250902_092336.pdf|
|27091|27091|80273374||BL_27091_27091_80273374_20250902_092814.pdf|
|27091|27091|80273375||BL_27091_27091_80273375_20250902_093206.pdf|
|27091|27091|80273377||BL_27091_27091_80273377_20250902_093438.pdf|
|27091|27091|80273380||BL_27091_27091_80273380_20250902_101745.pdf|
|27091|27091|80273856||BL_27091_27091_80273856_20250905_161214.pdf|
|27091|27091|80273857||BL_27091_27091_80273857_20250905_161213.pdf|
|27091|27091|80274104||BL_27091_27091_80274104_20250908_160242.pdf|
|27091|27091|80275273||BL_27091_27091_80275273_20250916_161611.pdf|
|27091|27091|80275559||BL_27091_27091_80275559_20250919_161703.pdf|
|27091|27091|80275775||BL_27091_27091_80275775_20250922_154644.pdf|
|27091|27091|80275953||BL_27091_27091_80275953_20250923_160300.pdf|
|27091|27091|80276241||BL_27091_27091_80276241_20250924_172116.pdf|
|27091|27091|80280094||BL_27091_27091_80280094_20251017_165646.pdf|
|27091|27091|80281113||BL_27091_27091_80281113_20251022_162526.pdf|
|27091|27091|80281670||BL_27091_27091_80281670_20251027_115702.pdf|
|27091|27091|80282308||BL_27091_27091_80282308_20251031_144633.pdf|
|27091|27091|80283261||BL_27091_27091_80283261_20251107_143119.pdf|
|27092|27092|80273446||BL_27092_27092_80273446_20250904_165100.pdf|
|27092|27092|80273447||BL_27092_27092_80273447_20250904_165102.pdf|
|27092|27092|80275957||BL_27092_27092_80275957_20250923_160248.pdf|
|27092|27092|80276407||BL_27092_27092_80276407_20250924_172403.pdf|
|27092|27092|80279530||BL_27092_27092_80279530_20251015_160408.pdf|
|27092|27092|80280484||BL_27092_27092_80280484_20251020_163819.pdf|
|27092|27092|80281568||BL_27092_27092_80281568_20251027_165239.pdf|
|27092|27092|80283099||BL_27092_27092_80283099_20251105_121004.pdf|
|27092|27092|80283259||BL_27092_27092_80283259_20251107_143121.pdf|
|27094|27094|80272575||BL_27094_27094_80272575_20250827_120242.pdf|
|27094|27094|80272576||BL_27094_27094_80272576_20250827_120245.pdf|
|27094|27094|80273335||BL_27094_27094_80273335_20250902_170957.pdf|
|27094|27094|80274490||BL_27094_27094_80274490_20250910_115009.pdf|
|27094|27094|80283160||BL_27094_27094_80283160_20251106_154739.pdf|
|27095|27095|80270976||BL_27095_27095_80270976_20250730_174947.pdf|
|27095|27095|80270977||BL_27095_27095_80270977_20250730_174952.pdf|
|27095|27095|80271528||BL_27095_27095_80271528_20250731_162720.pdf|
|27095|27095|80272061||BL_27095_27095_80272061_20250801_162858.pdf|
|27095|27095|80272832||BL_27095_27095_80272832_20250828_144647.pdf|
|27095|27095|80273728||BL_27095_27095_80273728_20250904_160002.pdf|
|27095|27095|80274076||BL_27095_27095_80274076_20250908_160309.pdf|
|27095|27095|80275955||BL_27095_27095_80275955_20250923_160251.pdf|
|27095|27095|80276165||BL_27095_27095_80276165_20250924_171948.pdf|
|27095|27095|80279057||BL_27095_27095_80279057_20251013_165501.pdf|
|27095|27095|80279532||BL_27095_27095_80279532_20251015_160401.pdf|
|27097|27097|80271069||BL_27097_27097_80271069_20250728_155505.pdf|
|27097|27097|80271087||BL_27097_27097_80271087_20250731_164648.pdf|
|27097|27097|80271291||BL_27097_27097_80271291_20250730_090036.pdf|
|27097|27097|80274643||BL_27097_27097_80274643_20250911_160800.pdf|
|27097|27097|80278265||BL_27097_27097_80278265_20251007_154852.pdf|
|27097|27097|80281215||BL_27097_27097_80281215_20251024_163515.pdf|
|27097|27097|80282518||BL_27097_27097_80282518_20251031_163112.pdf|
|27098|27098|80277667||BL_27098_27098_80277667_20251003_161857.pdf|
|27098|27098|80277668||BL_27098_27098_80277668_20251003_161854.pdf|
|27098|27098|80279087||BL_27098_27098_80279087_20251013_152018.pdf|
|27098|27098|80279526||BL_27098_27098_80279526_20251015_160229.pdf|
|27098|27098|80281726||BL_27098_27098_80281726_20251028_163521.pdf|
|27098|27098|80282231||BL_27098_27098_80282231_20251030_092114.pdf|
|27098|27098|80282543||BL_27098_27098_80282543_20251103_161341.pdf|
|27098|27098|80282688||BL_27098_27098_80282688_20251104_153231.pdf|
|27099|27099|80271068||BL_27099_27099_80271068_20250728_152548.pdf|
|27099|27099|80271501||BL_27099_27099_80271501_20250731_163141.pdf|
|27099|27099|80276528||BL_27099_27099_80276528_20250925_164036.pdf|
|27099|27099|80277135||BL_27099_27099_80277135_20250929_165446.pdf|
|27099|27099|80277699||BL_27099_27099_80277699_20251002_151801.pdf|
|27099|27099|80278769||BL_27099_27099_80278769_20251010_160537.pdf|
|27099|27099|80279109||BL_27099_27099_80279109_20251013_152058.pdf|
|27099|27099|80280383||BL_27099_27099_80280383_20251020_163524.pdf|
|27099|27099|80281610||BL_27099_27099_80281610_20251027_165533.pdf|
|27099|27099|80281803||BL_27099_27099_80281803_20251028_164023.pdf|
|27100|27100|80272488||BL_27100_27100_80272488_20250829_093041.pdf|
|27100|27100|80272489||BL_27100_27100_80272489_20250829_093135.pdf|
|27100|27100|80275848||BL_27100_27100_80275848_20251006_161747.pdf|
|27100|27100|80275849||BL_27100_27100_80275849_20251006_161749.pdf|
|27100|27100|80276408||BL_27100_27100_80276408_20250924_155407.pdf|
|27100|27100|80280483||BL_27100_27100_80280483_20251020_161917.pdf|
|27100|27100|80281416||BL_27100_27100_80281416_20251024_170953.pdf|
|27101|27101|80271294||BL_27101_27101_80271294_20250729_150411.pdf|
|27101|27101|80271965||BL_27101_27101_80271965_20250801_150324.pdf|
|27101|27101|80280929||BL_27101_27101_80280929_20251022_155644.pdf|
|27102|27102|80275077||BL_27102_27102_80275077_20250917_143201.pdf|
|27102|27102|80275078||BL_27102_27102_80275078_20250917_141612.pdf|
|27102|27102|80277239||BL_27102_27102_80277239_20250929_171429.pdf|
|27102|27102|80280592||BL_27102_27102_80280592_20251020_161859.pdf|
|27102|27102|80281762||BL_27102_27102_80281762_20251028_165151.pdf|
|27102|27102|80282391||BL_27102_27102_80282391_20251030_160946.pdf|
|27114|27115|80274699||BL_27114_27115_80274699_20250915_143212.pdf|
|27114|27115|80274700||BL_27114_27115_80274700_20250915_143215.pdf|
|27116|27116|80276018||BL_27116_27116_80276018_20250924_161602.pdf|
|27116|27116|80276019||BL_27116_27116_80276019_20250924_161642.pdf|
|27116|27116|80277671||BL_27116_27116_80277671_20251001_160302.pdf|
|27116|27116|80279634||BL_27116_27116_80279634_20251015_160411.pdf|
|27116|27116|80281526||BL_27116_27116_80281526_20251027_165036.pdf|
|27116|27116|80282482||BL_27116_27116_80282482_20251103_160518.pdf|
|27117|27117|80274367||BL_27117_27117_80274367_20250910_163207.pdf|
|27117|27117|80274368||BL_27117_27117_80274368_20250910_161627.pdf|
|27117|27117|80275757||BL_27117_27117_80275757_20250919_163124.pdf|
|27117|27117|80275979||BL_27117_27117_80275979_20250922_153101.pdf|
|27117|27117|80277221||BL_27117_27117_80277221_20250929_171435.pdf|
|27117|27117|80279165||BL_27117_27117_80279165_20251013_152328.pdf|
|27117|27117|80280222||BL_27117_27117_80280222_20251020_163229.pdf|
|27121|27121|80274685||BL_27121_27121_80274685_20250911_101059.pdf|
|27121|27121|80274686||BL_27121_27121_80274686_20250911_102103.pdf|
|27126|27126|80282131||BL_27126_27126_80282131_20251106_091615.pdf|
|27126|27126|80282257||BL_27126_27126_80282257_20251106_091624.pdf|
|27126|27126|80282258||BL_27126_27126_80282258_20251106_091625.pdf|
|27126|27126|80282259||BL_27126_27126_80282259_20251106_091636.pdf|
|27126|27126|80282929||BL_27126_27126_80282929_20251105_155009.pdf|
|27126|27126|80283633||BL_27126_27126_80283633_20251113_151913.pdf|
|27128|27128|80275691||BL_27128_27128_80275691_20250930_170108.pdf|
|27128|27128|80275692||BL_27128_27128_80275692_20250930_170112.pdf|
|27128|27128|80276024||BL_27128_27128_80276024_20250929_173834.pdf|
|27128|27128|80276025||BL_27128_27128_80276025_20250929_172141.pdf|
|27128|27128|80278990||BL_27128_27128_80278990_20251013_151834.pdf|
|27128|27128|80280106||BL_27128_27128_80280106_20251017_165753.pdf|
|27128|27128|80280783||BL_27128_27128_80280783_20251021_155402.pdf|
|27128|27128|80280848||BL_27128_27128_80280848_20251021_155301.pdf|
|27128|27128|80281582||BL_27128_27128_80281582_20251027_163717.pdf|
|27128|27128|80282481||BL_27128_27128_80282481_20251103_160532.pdf|
|27128|27128|80283217||BL_27128_27128_80283217_20251106_143104.pdf|
|27128|27128|80283226||BL_27128_27128_80283226_20251106_140238.pdf|
|27128|27128|80283608||BL_27128_27128_80283608_20251113_151743.pdf|
|27129|27129|80278462||BL_27129_27129_80278462_20251008_154843.pdf|
|27129|27129|80278509||BL_27129_27129_80278509_20251010_181913.pdf|
|27129|27129|80278510||BL_27129_27129_80278510_20251010_181915.pdf|
|27129|27129|80280674||BL_27129_27129_80280674_20251020_164047.pdf|
|27129|27129|80281825||BL_27129_27129_80281825_20251028_165558.pdf|
|27130|27130|80280723||BL_27130_27130_80280723_20251022_165116.pdf|
|27130|27130|80280724||BL_27130_27130_80280724_20251022_165119.pdf|
|27130|27130|80282730||BL_27130_27130_80282730_20251104_153158.pdf|
|27131|27131|80276045||BL_27131_27131_80276045_20250923_141051.pdf|
|27131|27131|80278950||BL_27131_27131_80278950_20251014_165210.pdf|
|27131|27131|80282968||BL_27131_27131_80282968_20251105_155126.pdf|
|27132|27134|80276650||BL_27132_27134_80276650_20250925_105211.pdf|
|27132|27134|80276651||BL_27132_27134_80276651_20250925_105443.pdf|
|27132|27134|80276653||BL_27132_27134_80276653_20250925_105635.pdf|
|27132|27134|80276654||BL_27132_27134_80276654_20250926_161656.pdf|
|27132|27134|80276687||BL_27132_27134_80276687_20250926_150232.pdf|
|27132|27134|80277107||BL_27132_27134_80277107_20250929_165419.pdf|
|27132|27134|80281576||BL_27132_27134_80281576_20251027_165404.pdf|
|27132|27134|80281794||BL_27132_27134_80281794_20251028_163549.pdf|
|27132|27134|80282963||BL_27132_27134_80282963_20251105_155028.pdf|
|27132|27134|80283638||BL_27132_27134_80283638_20251113_151904.pdf|
|27137|27137|80276435||BL_27137_27137_80276435_20251001_120307.pdf|
|27137|27137|80276436||BL_27137_27137_80276436_20251001_120309.pdf|
|27137|27137|80277433||BL_27137_27137_80277433_20251006_160331.pdf|
|27137|27137|80277434||BL_27137_27137_80277434_20251014_144821.pdf|
|27137|27137|80277603||BL_27137_27137_80277603_20251006_160553.pdf|
|27137|27137|80280067||BL_27137_27137_80280067_20251017_165713.pdf|
|27137|27137|80282203||BL_27137_27137_80282203_20251030_165024.pdf|
|27137|27137|80282537||BL_27137_27137_80282537_20251103_161024.pdf|
|27138|27139|80282762||BL_27138_27139_80282762_20251106_123105.pdf|
|27138|27139|80282763||BL_27138_27139_80282763_20251106_123206.pdf|
|27138|27139|80283599||BL_27138_27139_80283599_20251113_155412.pdf|
|27143|27143|80283092||BL_27143_27143_80283092_20251106_121647.pdf|
|27143|27143|80283093||BL_27143_27143_80283093_20251106_121649.pdf|
|27144|27144|80279808||BL_27144_27144_80279808_20251020_170248.pdf|
|27144|27144|80279809||BL_27144_27144_80279809_20251020_170336.pdf|
|27144|27144|80281174||BL_27144_27144_80281174_20251023_164622.pdf|
|27144|27144|80281833||BL_27144_27144_80281833_20251028_163914.pdf|
|27146|27146|80279785||BL_27146_27146_80279785_20251017_174646.pdf|
|27146|27146|80279786||BL_27146_27146_80279786_20251017_171651.pdf|
|27146|27146|80281214||BL_27146_27146_80281214_20251023_164921.pdf|
|27147|27147|80277527||BL_27147_27147_80277527_20250929_152933.pdf|
|27147|27147|80277528||BL_27147_27147_80277528_20250929_153040.pdf|
|27147|27147|80277529||BL_27147_27147_80277529_20250929_153133.pdf|
|27147|27147|80277545||BL_27147_27147_80277545_20250930_170306.pdf|
|27147|27147|80279521||BL_27147_27147_80279521_20251015_160238.pdf|
|27147|27147|80279843||BL_27147_27147_80279843_20251017_163134.pdf|
|27147|27147|80282950||BL_27147_27147_80282950_20251105_155046.pdf|
|27148|27149|80281661||BL_27148_27149_80281661_20251031_154725.pdf|
|27148|27149|80281662||BL_27148_27149_80281662_20251031_151612.pdf|
|27148|27149|80282675||BL_27148_27149_80282675_20251104_160601.pdf|
|27150|27150|80279635||BL_27150_27150_80279635_20251020_170208.pdf|
|27150|27150|80279636||BL_27150_27150_80279636_20251020_170246.pdf|
|27151|27151|80277983||BL_27151_27151_80277983_20251002_155533.pdf|
|27151|27151|80278120||BL_27151_27151_80278120_20251006_161609.pdf|
|27151|27151|80278275||BL_27151_27151_80278275_20251007_160544.pdf|
|27151|27151|80278726||BL_27151_27151_80278726_20251010_160135.pdf|
|27151|27151|80278808||BL_27151_27151_80278808_20251010_160638.pdf|
|27153|27153|80278163||BL_27153_27153_80278163_20251008_161708.pdf|
|27153|27153|80278164||BL_27153_27153_80278164_20251008_161711.pdf|
|27153|27153|80279435||BL_27153_27153_80279435_20251015_161633.pdf|
|27153|27153|80280822||BL_27153_27153_80280822_20251022_154858.pdf|
|27153|27153|80282453||BL_27153_27153_80282453_20251103_160355.pdf|
|27154|27154|80283011||BL_27154_27154_80283011_20251105_114636.pdf|
|27154|27154|80283012||BL_27154_27154_80283012_20251105_114638.pdf|
|27154|27154|80283714||BL_27154_27154_80283714_20251113_152038.pdf|
|27155|27155|80278495||BL_27155_27155_80278495_20251010_181821.pdf|
|27155|27155|80278496||BL_27155_27155_80278496_20251010_181823.pdf|
|27155|27155|80279119||BL_27155_27155_80279119_20251013_152219.pdf|
|27155|27155|80281125||BL_27155_27155_80281125_20251022_153329.pdf|
|27155|27155|80282974||BL_27155_27155_80282974_20251105_155118.pdf|
|27156|27157|80278436||BL_27156_27157_80278436_20251010_181724.pdf|
|27156|27157|80278471||BL_27156_27157_80278471_20251010_181727.pdf|
|27156|27157|80282975||BL_27156_27157_80282975_20251105_160458.pdf|
|27162|27162|80278527||BL_27162_27162_80278527_20251008_140529.pdf|
|27162|27162|80278528||BL_27162_27162_80278528_20251008_141702.pdf|
|27162|27162|80278529||BL_27162_27162_80278529_20251008_141909.pdf|
|27162|27162|80278723||BL_27162_27162_80278723_20251009_121554.pdf|
|27162|27162|80281371||BL_27162_27162_80281371_20251023_143725.pdf|
|27162|27162|80281504||BL_27162_27162_80281504_20251103_160158.pdf|
|27162|27162|80281638||BL_27162_27162_80281638_20251103_140515.pdf|
|27162|27162|80282923||BL_27162_27162_80282923_20251104_161021.pdf|
|27163|27163|80279646||BL_27163_27163_80279646_20251016_173415.pdf|
|27163|27163|80279647||BL_27163_27163_80279647_20251016_173314.pdf|
|27163|27163|80282454||BL_27163_27163_80282454_20251103_160347.pdf|
|27163|27163|80282796||BL_27163_27163_80282796_20251105_160144.pdf|
|27164|27164|80279274||BL_27164_27164_80279274_20251016_173515.pdf|
|27164|27164|80279275||BL_27164_27164_80279275_20251016_173426.pdf|
|27170|27170|80280772||BL_27170_27170_80280772_20251020_144653.pdf|
|27170|27170|80280773||BL_27170_27170_80280773_20251022_165120.pdf|
|27170|27170|80280843||BL_27170_27170_80280843_20251022_165129.pdf|
|27170|27170|80280844||BL_27170_27170_80280844_20251022_165312.pdf|
|27170|27170|80281142||BL_27170_27170_80281142_20251022_153306.pdf|
|27170|27170|80281424||BL_27170_27170_80281424_20251024_170921.pdf|
|27170|27170|80282954||BL_27170_27170_80282954_20251104_161023.pdf|
|27172|27172|80280681||BL_27172_27172_80280681_20251021_163356.pdf|
|27174|27174|80281499||BL_27174_27174_80281499_20251028_164625.pdf|
|27174|27174|80281500||BL_27174_27174_80281500_20251028_164627.pdf|
|27174|27174|80281501||BL_27174_27174_80281501_20251028_164724.pdf|
|27174|27174|80281502||BL_27174_27174_80281502_20251028_164727.pdf|
|27174|27174|80282983||BL_27174_27174_80282983_20251105_160449.pdf|
|27175|27175|80282764||BL_27175_27175_80282764_20251106_131554.pdf|
|27175|27175|80282765||BL_27175_27175_80282765_20251106_131654.pdf|
|27175|27175|80283494||BL_27175_27175_80283494_20251113_151716.pdf|
|27176|27176|80282028||BL_27176_27176_80282028_20251105_111650.pdf|
|27176|27176|80282029||BL_27176_27176_80282029_20251105_111658.pdf|
|27176|27176|80282030||BL_27176_27176_80282030_20251105_111700.pdf|
|27176|27176|80282185||BL_27176_27176_80282185_20251030_165054.pdf|
|27176|27176|80282998||BL_27176_27176_80282998_20251105_160441.pdf|
|27177|27177|80281330||BL_27177_27177_80281330_20251027_170118.pdf|
|27182|27182|80283325||BL_27182_27182_80283325_20251112_141643.pdf|
|27182|27182|80283326||BL_27182_27182_80283326_20251112_141645.pdf|
|27182|27182|80283421||BL_27182_27182_80283421_20251112_141651.pdf|
|27182|27182|80283705||BL_27182_27182_80283705_20251113_155707.pdf|
|27186|27186|80283467||BL_27186_27186_80283467_20251113_113132.pdf|
|27186|27186|80283468||BL_27186_27186_80283468_20251113_113135.pdf|
|27187|27187|80282630||BL_27187_27187_80282630_20251105_110123.pdf|
|27187|27187|80283702||BL_27187_27187_80283702_20251113_151951.pdf|
|27189|27189|80283323||BL_27189_27189_80283323_20251112_144639.pdf|
|27189|27189|80283324||BL_27189_27189_80283324_20251112_144642.pdf|
|27189|27189|80283420||BL_27189_27189_80283420_20251112_144647.pdf|
|27190|27190|80283103||BL_27190_27190_80283103_20251106_133147.pdf|
|27190|27190|80283104||BL_27190_27190_80283104_20251106_133150.pdf|
|27190|27190|80283703||BL_27190_27190_80283703_20251113_155711.pdf|
|27194|27195|80283516||BL_27194_27195_80283516_20251113_154747.pdf|
|27196|27197|80282631||BL_27196_27197_80282631_20251106_144658.pdf|
|27196|27197|80282632||BL_27196_27197_80282632_20251106_123104.pdf|
|27199|27199|80283395||BL_27199_27199_80283395_20251112_154826.pdf|
|27199|27199|80283464||BL_27199_27199_80283464_20251112_154702.pdf|
|27199|27199|80283465||BL_27199_27199_80283465_20251112_154657.pdf|
|27199|27199|80283492||BL_27199_27199_80283492_20251112_171559.pdf|
|27200|27200|80283497||BL_27200_27200_80283497_20251113_113212.pdf|
|27203|27203|80283228||BL_27203_27203_80283228_20251112_133212.pdf|
|27203|27203|80283229||BL_27203_27203_80283229_20251112_133216.pdf|
|27208|27208|80282622||BL_27208_27208_80282622_20251103_120209.pdf|
|27214|27214|80283423||BL_27214_27214_80283423_20251107_161925.pdf|
|27214|27214|80283424||BL_27214_27214_80283424_20251107_163757.pdf|
|27214|27214|80283682||BL_27214_27214_80283682_20251112_162138.pdf|
|27214|27214|80283683||BL_27214_27214_80283683_20251112_162722.pdf|
